teks_bersih,sentimen
tidak bantu banget bantu nya,Positif
bgus,Netral
matapp,Netral
mohon mebgaktif kan fitur dana cicil akun sya,Netral
ngolake aplikasi dana ika ida pcak pakai,Netral
sangat baik,Netral
donlod di buka kok beku ksku kayak patung sekali tanggap muncul tulis dana henti bahaya gmn kld saldo juta yaa kalau tidak di buka begini padahal maka aplikasi sdah thun lebih,Positif
bagus,Positif
aktifitas dana tidak buka,Netral
cukup baik sesuai harap,Netral
pake lama masuk akun pakai segala scan wajah minta nomor terus ikut langkah akun scan wajah masuk tidak muncul muncul warna putih terus baik,Netral
godd,Netral
bantu acc dana cicil,Netral
fitur dana cicil tidak keluar,Netral
dana cicil tidak muncul,Netral
tolongg dong ini kok tidak bisaa isi ulang game aplikasi lagi yaa padahll uang udh banyak tpii kok rusak yaa gimnaa apa akuu tidak punya ktp di bawah umr ini gimnaa tolong baik yaa min,Positif
bagus,Positif
bagus,Positif
transaksi lebih mudah sangat bantu sya krreeeeen,Positif
jadi males gunain mau bagus up aja ada tugas belum transaksi transaksi lain,Positif
baguss,Positif
baik,Positif
thanks dana lancar sekarang moga depan makin bagus,Positif
bagus,Positif
bagus,Positif
bagus,Positif
kata istal buat baru malah gitu aja koneksi jaring hilang aplikasi apa begini koneksi jaring terus putus kecuwali pake wifi hosport takbisa disetabilkan hapus data dari aplikasi dana buat buruk aja coba klu pake wifi dihospot normal yapi klu pake data seluler kendala bikin kesal aja lebih baik hapus data dari dana oke,Negatif
baik stabil,Netral
sangat sangattt bantu pisann pokonamah dana is the best,Positif
sangat baik transaksi,Netral
dana buruk sulit mau ganti kartu nya kalau dah lapor di paham tidak buruk bangat tidak mao pake,Negatif
dana cicil belum sedia terus padahal dana keluar juta lebih,Netral
gagal transfer chat aplikasi dana via chat ana malah paksa jawab isi uang apa padahal masalah transfer keluar jelas ulang ulang chatbot tanya isi uang apa percuma tidak solusi chatbot jawab tidak sesuai tanya tidak sesuai konteks tanya tidak solusi,Negatif
sangat manfaat,Netral
sangat manfaat terima kasih,Netral
puas pake aplikasi dana,Positif
bgus,Netral
nice and useful,Netral
bagus,Positif
bagus simpel,Positif
tidak dapat dana cicil sini tidak pernah dapat ken dapat dana cicil,Netral
ingin akun dana di ikan limit dana cicil memang lambat bayar tagih ini sangat berat limit dana cicil sudah tidak guna saya ingin pt espay indonesia laku kece ulang akun saya nama muh haykal fath terimakasih nya,Negatif
dana cicil tidak pakai padahal belum di pakai tagih sudah di bayar malah tidak di guna,Netral
sangat muas,Netral
bagus,Positif
kok ngak laku transaksi isi pulsa bayar token listrik,Positif
bagus,Positif
bagus,Positif
bagus gampang banget guna cuma kadang aga ngeleg dikit tapi bagus sih aplikasi soal tampil nya mudah erti,Positif
gamau buka eror apa gmna,Netral
terimakasih atas karya nya,Netral
layan dana sangat buruk sekali selesai masalah tidak cepat terlalu tele tele respond layan dana sangat selow respond sangat buruk,Negatif
bgus,Netral
bagus,Positif
public,Netral
dana cicil,Netral
oke,Positif
dana cicil,Netral
moga dana cicil bisa guna min,Netral
aplikasi tidak aman simpan duit uang curi orang verivikasi muka hilang uang aplikasi,Netral
baik knpa tidak masuk susah banget pakai kode otp biasa nya tiap masuk beda hp langsung masuk kok sekarang malah makin ribet udh masuk sandi udh poto selpi tetep aja di minta kode aneh guna verifikasi wajah kali kali tetep aja pakai kode otp biasa jelas dana sekarang,Positif
sangat mudah guna responsif sekali mantaps sekali pakai dana bebas tugas kali,Positif
mudah guna tapi pinjam tidak,Positif
apalh bayar sendiri pdahal tidak pernah minta bayar bngun tidur hilng duit bayar,Netral
verifikasi wajah gagal terus padahal guna muka tapi tidak saran di baik,Negatif
mudah d guna moga aman nyimpan transaksi d dana,Positif
bagus,Positif
sukses selalu,Netral
g aktif dana dng ktp,Netral
dana cicil,Netral
bagus,Positif
dulu masuk verifikasi nya lalu email sekarang kok tidak kan di jelasin no hp nya hilang,Netral
bagus,Positif
mantuuulll,Netral
makin lama makin tolol ni aplikasi masa duit gua tibatiba ilang sendiri padahal gua tidak transaksi apa tiba tulis transaksi makin lama makin gajelas,Negatif
dong fitur emas nya baik masa tidak koneksi terus kalau mau buka,Netral
ajar,Netral
mau uang,Netral
bagus,Positif
sangat bagus,Positif
dana end the best,Netral
aplikasi baharu malah sering rusak loading terus,Negatif
kasih rating kk,Netral
sangat bagus,Positif
bagus,Positif
mudah guna transfer semua bank mau walet,Positif
akun kenapa beku lapor tunggu hari sekarang sudah minggu lebih belum bisa kirim uang pun bagus up,Positif
pernah ganti nomor telfon gilir mau klaim nomor baru malah tidak sama sekali selamat tinggal dana uninstal,Netral
baik,Netral
sangat bagus praktis,Positif
really like it,Netral
bagus,Positif
makin buruk ah bagus up sama kirim d kenain biaya admn terud,Netral
aplikasi buruk qris sja nda sering keluar keluar sendiri,Negatif
bagus,Positif
sangat tidak puas karna dana cicil tidak aktif kan fiturnya,Positif
bagus,Positif
praktis,Positif
dana chrome luput,Netral
sangat bagus,Positif
susah,Negatif
sangat bantu,Positif
sehhhh hari kgk kabar pulsa gmana nih,Netral
uang dana potong rbu isi dana,Netral
aplikasi dana tidak aju pinjam uang,Positif
pokoe oke,Positif
ingin fitur dana cicil di aktif,Netral
bgus bngt,Netral
bagus up tidak masuk kali gimana min,Positif
pokok nya jdi lebih mudah,Positif
sangat puas,Positif
sangat baik,Netral
sanggat paus mengunakan alpikasi dana tidak rebet aman cepat,Positif
kasi bintang krna dana cicil tidak guna mohon bantu nya bisa di guna,Netral
buruk sangat kecewa,Negatif
jelas yang fitur dana cicil sedang punya gada fitur dana cicil di upgrad tetep aja tidak ada fitur nya sama sekali padahal sudah lama guna dana,Netral
sangat baik nyaman,Positif
aplikasi uang dana jadi tidak lagi tanggung jawab nya uang di dana aplikasi dana kenapa eror buka aplikasi dana tiba tiba lagi awal,Netral
ngirim selalu tidak,Netral
heran sama aplikasi kalau ngk saldo bisah masuk cuma pake pin tpi kalau saldo minta pin verivi wajah otp harus kan tau biasah masuk pake perangkat apa lokasi nya,Positif
bagus,Positif
sangat bantu,Positif
sangat bantu,Positif
sangat bantu,Positif
d akun tidak spaylater dana cicil nya,Netral
aplikasi dana muas nasabah,Netral
aplikasi selalu henti sendiri,Netral
sering transaksi hari tapi tidak pernah fitur dana cicil atau dana darurat,Netral
sudah maka tahun tahun tapi tak dana cicil,Netral
lumayan,Netral
bagusss tp sayang dana cicil belum,Positif
sangat layan,Netral
terimakasih,Netral
bagus,Positif
sangat bagus,Positif
sengaja kasih bintang lima biar ada posisi atas isi ulang berizzi sekarang belum masuk saldo isi ulang tgl februari sekarang februari lebih hari gua ngisi isi pertama rb belum masuk hati hati kalian mau isi ulang emany udh tidak bakal balik duit,Positif
sangatt membantuu,Positif
terbail dana mudah nyaman,Positif
bgus tpi ko ilang,Netral
sangat bagus,Positif
aktif kan dana instan,Netral
sangat bagus percaya,Positif
akhir akhir mau bayar tagih pake dana aga susah selalu muncul tagih tidak temu padahal jelas va nya koneksi nya transaksi nya di jam siang aja padahal akun nya premium bantu nya biar lebih mudah ber transaksi,Netral
percaya cepat,Positif
asli uang gua dana tiba tiba ilang asil kaga jelas jasa,Netral
dana cicil tidak di guna,Netral
trimakasi sya harap akun dana ada fitur danacicil,Netral
sangat puas,Positif
bagus,Positif
dana cicil tidak saya guna,Netral
dana cicil,Netral
sangat baik,Netral
fitur dana cicil tidak tolong baik punya,Netral
bantu kelurkan dana cicil,Netral
muantap,Netral
oke,Positif
bagus,Positif
cukup capek tunggu dana cicil,Netral
oke,Positif
bagus,Positif
bagus,Positif
fitur dana cicil,Netral
sangan bantu terima kasih dana,Positif
makyosssss,Netral
ris bisnis dana tidak masuk masuk lebih buat kalian nyesal jangan pake dana hapus aja ganti gopay,Netral
bagaimana cara aktif akun dana sudah beku sudah minta bantu chat ana inbok facebook di email belum solusi bantu,Positif
sangat bagus,Positif
sangat bagus,Positif
dana cicil,Netral
sangat tarik,Netral
baik,Positif
dana tidak dana cicil padahal lain dana cicil,Netral
oke,Positif
tolong min kalau verifikasi muka di mudah jelas jelas cahaya udh terang muka bingkai sih susah bener di baik kayak gin mau saing sama aplikasi belah tinggal jauh,Netral
di tidak muncul versi beta aktif dana paylater,Netral
sanget bagus,Positif
dasuki uki,Netral
apa abis update uang ilang gajelas tidak beli kouta buruk,Netral
sangat bantu aplikasi ny,Positif
oke,Positif
pihak layan kerja nya lama minta refund dana nunggu jam kerja nya lama tidak becus kasi rating rendah aja soal nya layan tidak kerja minta bantu ana tidak tindak refund,Netral
mohon maaf dana di tangguh tidak laku transaksi larang,Netral
aplikasi dana sering nge rusak loadingnya lama padahal sinyal bagusss di benah,Netral
mntap,Netral
salah kirim uang atw,Netral
bagus,Positif
bagus,Positif
sungguh luar biasa,Netral
dana dompet simpel mudah,Positif
terimakasih dana sangat bantu,Positif
sangat bagus,Positif
bagaimana habis nyicil tidak di pake padahal jatuh tempo lunas semua gimana si dana makin buruk aja,Negatif
bgus,Netral
dana babi pilih ngasih dana cicil,Negatif
bagus dompet digital,Positif
kasih bintang soal akun premium tapi kok banyak fitur tidak utama fitur dana cicil,Positif
kasih bintang dulu sayang nya premeum hampir tahun pakai tapi tidak muncul pitur dana cicil nya,Netral
bagus aplikasi,Positif
ya fitur dana cicil ada belum aktifasi kira beraha hari bisa di aktifasi nya terimakasih,Netral
ya makin kesini malah makin tidak jelas force close terus tiap buka aplikasi maupun pas bayar transaksi kalau misal uang potong masukin pin force close gimana emang pihak dana mau tanggung jawab tidak usah iklan terus ditaro beranda bikin berat aja efisien tidak sama sekali malah sulit,Netral
bagus,Positif
oke oke,Positif
dana cicil,Netral
sempurna,Netral
bagus,Positif
bagus,Positif
oke,Positif
puas,Positif
sangat bantu,Positif
sya tidak guna dana instan dana cicil pulsa di cek,Netral
gacor,Netral
oke,Positif
sangat manfaat,Netral
sangat muas,Netral
bagus,Positif
kirim uang e wallet uang potong dana tapi tidak masuk e wallet uang buruk saya,Negatif
kok dana tidak dana cicil,Positif
aplikasi sangat dukung,Netral
sangat bgs,Netral
bagus,Positif
min gabisa pake dana cicil padhal tidak tagih lunas tlong baik,Netral
bagus,Positif
nga taeh,Netral
dana instan,Netral
bagus,Positif
bagus,Positif
sangat aman percaya,Positif
puas praktis,Positif
sgat baik,Netral
bagus bosss,Positif
pindah akun tunggu bulan tidak bisa bagai mana tidak update,Netral
sangat bagus,Positif
sayang fitur dana cicil tidak muncul,Netral
bagus,Positif
agalemot dikit,Negatif
nomor layan langgan mana jangan cuma ninggalin bot g kasih solusi g jawab muter muter ujung ujung rugi langgan,Negatif
bagus,Positif
baik,Netral
mantab,Netral
josjis,Netral
sangat bagus,Positif
bagus,Positif
kerenn,Positif
yayayah,Netral
kog punya ku tidak keluar dana cicil,Netral
sangat bagus,Positif
dana tidak fitur dana cicil fitir dana onstan,Netral
oke baik,Positif
emang sesuwae,Netral
sangat bantu,Positif
dana cicil gagal terus aktivasi gagal bantu,Negatif
telah update aplikasi masuk langsung masuk nya ku atur masuk pake kode pin deteksi wajah sekarang tidak pake deteksi wajah kok tiba tiba langsung masuk,Positif
sangat bagus,Positif
bagus,Positif
dana instan akun tidak muncul di aktif,Netral
sangat guna sekali,Positif
dna makin sini makin banyak eror nya masa riwayat transaksi sering kali gabisa lihat tranfer siapa trus fitur isi uang langgan eror kadang tidak bis buka kocak,Netral
suka sekali e wallet baik,Positif
kaka benarrin dana nya soal nya ngak masuk akun dana,Netral
bagus,Positif
bagus,Positif
dana makin bagus,Positif
laku transaksi tapi gagal aneh nya uang tidak gimana cara atas nya kata x uang nyata zonk terlalu banyak promosi minus nang kendala nya hilang detik lalu tidak entah kapan mungkin kiamat baru kembali uang nya,Negatif
semua transaksi jadi mudah pakai dana terimakasih dana,Positif
tidak muncul dana cicil,Netral
ksih bintang dulu soal ada hutang pulsa aplikasi dana potong ny bulan sekali tibah mengisih dana uang di nak kan potong,Negatif
tiba tidak scan barode,Netral
poko the best,Positif
sangat untung,Netral
sangat bantu,Positif
instal pas buka malah keluar sendiri woy sehat,Netral
sangat guna sekali,Positif
dana mang oke,Positif
dana cicil nya uda muncul aktifitasnya selalu tidak di pake krn belum saat tapi rajin transaksi ngirim ntah belum buka padahal uda lama sekali malah tiap hari brtranksaksi mohon kasi peluang buka dana cicil biar pakai kasi minat dana cicil krn sngat bantu sekali,Positif
bagus,Positif
bagus,Positif
pliss nomer layan bisa telpon urgent,Netral
harap guna dana nikmat fitur dana cicil saya pakai dana bulan,Netral
tipu,Negatif
anjay,Netral
bagus,Positif
makin ribet,Netral
milik akun nomor sudah tidak aktif susah terima kode otp saya harap verifikasi muka masalah,Negatif
bagus,Positif
baik smua,Netral
sangat bagus tpi skrg susah masuk,Netral
buat belum pakai dana pakai dana sering mungkin biar pakai muncul dana paylater nya terima kasih dana team dana moga selalu sukses lancar nasabahmunbayar cicil,Positif
bagus app,Positif
bagus banget,Positif
bagus,Positif
dana tidak notifikasi dana cicil,Netral
maaf min baru masuk tiba cicil ya beri jelas,Netral
bagus,Positif
tapi cara dana cicil nya belum paham,Netral
knpa dan pending nya lama transaksi gopay malah pending lama gimna dan,Netral
suka pake dana moga berkah amin,Positif
dong baik bugnya masa lapor uang hapus gara baru dana versi ramadhan kalau kek gin bagai mitra rugi,Negatif
mending uninstal massal aja ni aplikasi tidak propesional org banyak hutang malah aktif fitur dana cicil gua tidak punya hutang malah tidak fitur dana cicil,Netral
bagus,Positif
entah gua buruk banget pakai aplikasi masih uang dalam aplikasi eh tiba tiba tidak di buka akun gua riset sendiri,Negatif
dana goals tidak di tarik karna scan wajah pake ktp orang tua betul ortu saya sudah tinggal harus scan wajah dulu dana goals dulu pake pin kok narik nya sekarang jadi ribet dana,Positif
kasih bintang dulu soal dana cicil nya tidak muncul,Netral
bagus,Positif
sangat sempurna,Netral
sempuna,Netral
saya cicil,Netral
aplikasi sangat buruk saya belum coba,Negatif
makin sini makin tidak beres dana aplikasi tidak k buka seklinya buka tidak kirim uang trus kacau coba d baik klau mau d percaya kirain hp yang lambat trnyata emng apliksi nya eror liat ulas kluhan nya sama tp tidak tnggapan,Negatif
sangat bagus suka sekli,Positif
bagus,Positif
jos jis,Netral
susah sekali guna mau bayar pake jaring bagus,Netral
suka cuma mohon bantu nya aktifasi dana cicil,Positif
uang gua ilang kga yang ngebantu cat ana malah tidak nyambung lah kembali min,Netral
bagus,Positif
bagus,Positif
sangat bagus,Positif
aplikasi ribet tak guna,Positif
bagus,Positif
baik,Netral
mantap,Positif
bagus sekali topp,Positif
sangat bantu terimakasih,Positif
bagus,Positif
bgus,Netral
tapi sayang fitur dana cicil nya tidak keluar,Netral
rusak mulu,Negatif
bagus,Positif
sangat puas,Positif
oke,Positif
sangat bantu,Positif
lebih mudah fitur y luarbiasa,Positif
sangat bantu,Positif
mantafff,Netral
bagus,Positif
cukup baik,Netral
kemarin verifikasi wajah aja sekarang lengkap nomor jadi kalau hilang nomor nya mau gimana,Negatif
mudah,Positif
bintang dulu limit dana cicil tidak sedia,Netral
proses masuk dana tidak sering dulu di kurang fitur t dak sering guna dana,Netral
coba dulu kalau bagus tambah bintang nya,Positif
bagus lancar jayass,Positif
halooo tim developer dana mau keluh rusak notifikasi dana seperti rusak dapat transfer notifnya suara token bunyi tidak notif dana biasa segera fix,Netral
bagus,Positif
sangat bantu,Positif
sangat bantu transaksi kirim tari,Positif
sulit cari uang nya,Netral
mau nanya dana cicil tidak sedia terus di baik terimakasih,Netral
fitur lupa pin tidak fungsi,Netral
bagus,Positif
sangat bantu,Positif
sagat bantu,Positif
terima kasih ada aplikasi sangat bantu kirim uang cepat,Positif
kasih dana cicil bos,Netral
aplikasi mudah,Positif
sangat bagus bantu,Positif
bagus aplikasi nya,Positif
aktivasi dana cicil,Netral
fitur dana cicil tidak guna fitur dana cicil sudah sedia,Netral
bagus,Positif
lebih lancar praktis tidak pakek ngantri tidak adminnya bagus,Positif
sangat bantu sekali,Positif
bagus,Positif
aplikasi dana nya suka lag sering ngajak update,Positif
akun setan,Netral
baik,Netral
sangat baik,Netral
bagus,Positif
bukan orang mampu,Netral
sangat bantu,Positif
bagus mudah kirim uamg,Positif
dana cicil gberfungsi,Netral
gimana cara a bisa kbuka akun sudah hilang,Negatif
atipin dana cicil oy,Netral
bagus sekali,Positif
puas sangat manfaat,Positif
mantappp,Positif
kenapaa uangg tiba tiba ilanggg,Netral
bagus,Positif
bisa bantu untuk masuk karena email lupa,Positif
waw bagus bngt,Positif
sudh lunas dana cicil tapi limit tutup kurang asik pdahal lambat tidak lama,Negatif
tanggap nya kurang dana masalah masuk dichat layan nya malah tidak tanggap,Negatif
mudah transaksi e wallet dana,Positif
layan bagus cepat,Positif
dana cicil,Netral
halo dana qris bisnis di non aktif aneh sekali,Netral
coba baik suka loading,Positif
sangat manfaat,Netral
bagus,Positif
sangat bantu,Positif
bagus,Positif
keres,Netral
customer service magang tidak selesai kendala customer tanggap bot,Negatif
ngk d guna,Netral
aplikasi nya sih oke cuma update an aplikasi dana sekarang notifikasi nya ngagetin walaupun cuma bunyi not sekali tapi bikin kaget mohon baik notifikasi nya,Positif
josss,Netral
bagus aman aplikasi,Positif
sangat bantu,Positif
sangat bsik,Netral
cepat,Positif
sangat mebantu,Netral
bagus banget aplikasi nya,Positif
buat kalian belum tau update aplikasi saranin jangan pernah update karna kali kalian update akan ada masalah aplikasi ny sperti tidak kirim uang tidak scan qris makin sering kalian update akan makin buruk kualiatas aplikasi nya dn saya udh ngalamin sendiri,Negatif
bagus bagus,Positif
aplikasi tidak buka,Netral
sangat muas,Netral
mantep per lindung ny,Netral
dana cicil ko tidak yaa,Netral
makin kesini makin tidak ini aplikasi uninstall ganti belah,Netral
bagus,Positif
makin kesini buat scan foto ngelag mental ahirnya gagal teruss makin buruk aja dana,Negatif
sangat bagus,Positif
tumben dana cair cpt cuma jam jam malem transaksi jam bisa tarik tahan cepat,Positif
begitu,Netral
ya dana sudah percaya jangan drama drama uang potong okee dana,Positif
mau tarik tunai rusak mulu,Negatif
sangat baik,Netral
bagus sekali,Positif
suka,Positif
sangat baik,Netral
sangat baik,Netral
kualitas keman buruk tidak tanggung jawab tidak cantum nominal kode aman transaksi rugi bagai guna aplikasi dana,Negatif
aplikasi baik jauh untuk ewallet rekomendasi bintang,Positif
sangat tidak puas bulan dana cicil mas tidk di pakai tidak sedia hubung ana tidak bantu alias tidak nyambung aplikasi bodong,Positif
sangat bantu guna aplikasi mudah jamin,Positif
sangat bantu,Positif
dana dengan mudah transaksi,Positif
bagus,Positif
sungguh bantu sekali bagai aktifitas terimakasih atas dedikasi layan di ikan dana buat semua urus saya jadi mudah,Positif
bagus,Positif
mantaap lah aplikasi nya,Netral
baik,Positif
aplikasi baik akses cepat harap aplikasi aman percaya,Positif
baik selalu,Netral
lebih gampang buat ngirim uang,Netral
sangat bantu,Positif
makin kesini aplikasi makin berat,Netral
asu kenapa selalu mau buat dana premium upload foto terus loading malah keluar gin aja terus bosen sama dana nih lama,Netral
siep aplikasi,Netral
buruk banget bayar tagih jatuh tempo di lunas semua malah tidak di pake limit padahal limit kembali,Negatif
aplikasi bagus tapi fitus dana cicil tidak sedia mulu tidak di guna sama sekali,Positif
baik,Netral
bagus,Positif
sampah aplikasi sampah vermuk susah udh jelas banget coba hape sama emang aplikasi paling sampah cuhh najis,Negatif
baik cepat,Positif
bagus,Positif
aplikasi paling buruk,Negatif
sangat baik,Netral
aplikasi nya sagat bantu,Positif
mudah transaksi kedai,Positif
sangat bantu,Positif
makin update makin jlek dana jadi lambat tlg prbaiki trimaksi,Negatif
sekarang tidak kejelasandan tidak tangan kena dana instan tidak di tarik makin kecewa,Netral
pesan layan dana halo tim customer care dana ingin lapor kendala akun dana aplikasi terus terus muncul tulis refreshing tidak baru saldo coba langkah langkah ikut tetap gagal cek koneksi internet wi fi data seluler paksa henti force stop hapus cache update aplikasi versi baru pasti atur jam hp sudah otomatis mohon bantu ecek ada kendala akun,Negatif
dana sangat bantu transfer bank mana memang bagus sekali,Positif
serius make dana cicil cuma ribu saya suruh balik ribu tidak ngotak sihh,Netral
bagus,Positif
sangat bantu,Positif
jos,Netral
bagus,Positif
ko aplikasi nya kalau hri g buka slalu plasback trs kenapa nih aplikasi dana jdi kalau mau transfer pke kiris download dlu kan jdi ribet,Netral
aplikasi dana sangat bagus n bantu banget dlm urus transaksi dana cicil juga dh aktif wlpun limit dikit tp trimz bnget n juga mohon bntuanya tuk aktifin fitur dana instan akun dana,Positif
ajak tidak mau buka berapa berapa hari lebih satu minggu ajak sama aplikasi dana bikin sakit hati mukin kalau tidak saldo tidak hiro kanlagi uda mau jm mas tidak aplikasi bikin rugi,Negatif
maaf nanya tugas sekarang ada potong tugas meski sama dana to dana soal temen ira yang kurang kirim nya mohon jawab mau kasih tau ketemen oke thanks,Positif
mantapppp,Positif
no dana tidak di ganti tiap mau ganti koneksi buruk padahal itu sinyal g jadi salah coba itu gmna sih,Negatif
suka pake dna,Positif
bagus,Positif
tela updet jadi eror sering kluar trus masuk ngk masuk masuk paya,Netral
aplikasi tidak jelas akun lebih dri premium dana cicil atau fitur lain tidak perna,Netral
sangat bagus,Positif
sangat mudah transaksi bagus guna butuh desak,Positif
sukses selalu,Netral
masa fitur dana cicil tidak muncul padahal aktif buat transaski akun dana,Netral
aneh dana sekarang bisa makan guna baterai bikin hp posisi idle jadi lebih boros aplikasi aja cuma hapus jadi rasa mending,Netral
gampang mudah menjalankn transaksi tidak ribet gitu,Positif
transaksi pending dua hari g tanggap layan lewat pengadua ana g jelas cuman lapor sedang peroses,Netral
sangat puas,Positif
bagus,Positif
suka notif pakai rekan dana mau d pake selalu sistem sibuk,Positif
oke bagus,Positif
suka aplikasi,Positif
lebih mudah simpel transaksi,Positif
bagus,Positif
gatau sering banget gabisa nikmat layan dana,Netral
lama pakai aplikasi dana baru kali saya buruk kasih limit dana instan awal cair dua kali tidak bisa di cair belum pernah telat aneh minta costumer service jawab nya tidak jelas tidak jawab aplikasi dana tidak jelas keluh tidak bisa bantu,Negatif
mau cetak qr dana bisnis tulis qris belum cetak ya padahal aktivasi hasil loh,Netral
bagus,Positif
makin updet makin nyusahin stiap transaksi barcod selalu keluar aplikasi,Netral
suka dana,Positif
maaf gimana dari tadi siang buka aplikasi dana keluar terus kacau kali bah,Netral
sangat manfaat sekali,Netral
sangat bantu,Positif
orang mau transaksi tidak gimana dana kapan ko tidak bisa,Netral
cukup bagus,Positif
dana memang luar biasa mudah transaksi nasabah sukses dana,Positif
ganti dana premium nomor baru,Netral
gercep pol,Netral
sangat bantu,Positif
transaksi sangat cepat simpan uang aman mes fitur fitur baru tidak semua tampil masing akun guna,Positif
napa sih dana makin susah bukaknya selalu aja app keluar sendiri,Negatif
bagus,Positif
sangat bagus,Positif
sangat bagus,Positif
gut,Netral
bantu orang tidak punya tabung kartu bank,Positif
cara daftar nya gmn,Netral
bagus,Positif
fitur dana cicil nya ngak muncul,Netral
bagus,Positif
makin kesisini makin susah pakek,Negatif
aplikasi tidak jelas voucher tidak digunain,Netral
bagus,Positif
terimakaih dana aplikasi sangant manfaat bantu,Positif
bagus,Positif
cukup bantu terimakasih,Positif
bagus,Positif
mantapla,Positif
sangat bantu,Positif
dong min masa limit dana cicil jadi tidak guna padahal semua utang cicil lunas semua kalau memang tidak manfaat mending fitur dana cicil tiada min biar tidak rusak pandang hapus dana tidak bakal saya pakai,Negatif
sangat bantu hal transaksi,Positif
puas,Positif
dana ya kemarin mau masuk susah terus masalah jaring pdhl jaring bagus aja kartu sm wifi aman aja mslhnya lagi butuh uang di nomor masih kecantol uang dana lumayan,Netral
dana sangat batu,Netral
uang potong otomatis tampa laku transaksi apa,Netral
ko pnya sya tidak dana cicil nyah,Netral
sangat bantu,Positif
akun di tangguh alas jelas cht ana putus tidak di ubah dasar aplikasi gaje,Netral
tidak buka,Netral
aplikasi dah masalah jaringa terus asu uang gua gimana asu lah,Negatif
nicee,Netral
kerennnn,Positif
bagus,Positif
nice banget,Netral
sering ugrebe tapi tak pernah dana cicil,Netral
aplikasi tida dana cicil yang ko,Netral
tingkat kualitas,Netral
bagus bagus,Positif
aplikasi bagus tpi knpa akun sya tidak program dana cicil nya sedikit buruk,Netral
selalu bantu mudah transaksi mana,Positif
sangat baik tabung,Netral
bgus,Netral
sangat mudah,Positif
akun belum daftar dana padahal verifikasi pas mau transfer alas suruh premium terus,Netral
alhamdulillah ada aplikasi saya rasa sangat bantu,Netral
mantapp cuman takut kalau ngisi bnyak hal tidak ingin,Positif
bagus,Positif
aplikasi sangat bagus mudah bayar online,Positif
mudah belanja,Positif
sangat muas,Netral
tolol,Negatif
kak mau nanya nomer sudah kadaluarsa truss gabisa masuk truss ganti nomer gantiin pihak dana nah saldo ikut pindah apa tidak,Netral
bagus sekali,Positif
mohon bantu pihak dana tadi transfer bank ke akun dana sayah nomer dana bener transaksi hasil tapi uang sya tidak nambah sayh tunggu pgi nmype skarang belum mohon itikad baik nya min bukan sekali sayh begini ke klii nya,Netral
cukup guna,Positif
baik,Netral
di ada tulis koneksi padahal wifi lancar banget,Positif
suka,Positif
kasih bintang akun dana verifikasi otp mana nomber sayang tidak aktif ada uang juta lebih dalam kalau normal kasig raiting,Netral
sangat mudah guna praktis,Positif
sangat bantu hal bayar mantaplh pokok,Positif
t o p,Netral
layan nya tetap bagus terimakasih,Positif
bagus banget,Positif
bagus,Positif
sering potong sendiri habis isi potong habis isi potong aneh,Netral
sangat bantu sekali ada dana,Positif
aplikasi nya bagus guna tapi ini upgrade dana premium tapi ko tetap tidak mengtransfer guna kan nomor telepon mohon baik,Positif
buka makin payah,Netral
bagus aplikasi dana cuma kadang suka maintenance riwayat transaksi nya,Positif
bagus,Positif
sangat nyaman kalau pake dana simpel terimakasih aplikasi dana sungguh baik amanah,Positif
aplikasi layan baik,Positif
beres tidak capek,Netral
sangat bantu aplikasi dana laku transaksi,Positif
moga makin bagus aplikasi dana nya,Positif
dana bagus sangat bantu,Positif
luwar biyasa mtap santer percayaaa,Netral
belum apa apa nge rusak,Negatif
bagus,Positif
bagus mantab,Positif
oke,Positif
bagus tapi aman makin per kuat,Positif
dana ke potong tiba tiba tidak transaksi apa sudah lapor tidak bijak hapus aja aplikasi nya tidak ambil hak orang k hilang tidak jelas suuu,Negatif
transaksi guna dana lebih tahun tapi fitur dana cicil atau dana instan tidak pernah muncul sangat buruk dana,Negatif
baguss,Positif
fitur rekan dana mau masuk nominal nama terima tidak muncul di baik sudah minggu,Netral
bgus,Netral
tidak pakai ribet,Netral
berapa lama beku akun dana alas aman,Positif
tahun dana bagus tidak paksa verifikasi muka,Positif
bagaimana cara pindah akun premium akun baru akun lama nomor telepon hilang tidak aktif bimbing kak,Negatif
bagus,Positif
jos,Netral
aplikasi tidak bagus masak pas dana nya tidak isi tidak muncul proteksi gilir isi uang nya mlh aktifin proteksi nya pingin makan duit nya apa gimana si,Positif
aplikasi is bagus,Positif
mantab,Netral
bagus baget transfer gampang sangat bantu,Positif
sangat bantu,Positif
sangat bantu,Positif
susah verivikasi wajah,Negatif
bagus,Positif
sangat bagus sekali,Positif
aplikasi tidak guna,Netral
gagal premium terus buruk,Negatif
senang aplikasi dana,Netral
dana bagus klu kirim uang,Positif
sangat bagus,Positif
sangat baik,Netral
tidak fitur dana cicil akun padahal transfer bulan nya selaluu juta,Netral
bagus jadi lebih mudah tidak perlu atm tanggal merah tetap topupku,Positif
mantab,Netral
jangan install aplikasi bicara serius jadi diri saya jangan pihak juga rasa sama kalian punya uang dana tiba tiba pihak bisa masuk kirim uang uang kalian lalu kalian lapor layan tanggap kalian lah sendiri kirim nya silah lapor polis jangan mau install aplikasi sesat uang kalian hilang sebab,Negatif
bacot kau dana semua proses prosedur jalan lapor kalian jawab lah laku transaksi hilang nya duit saya cara dadak kalian uang segitu tidak berapa tapi saya kalian tanggung uang hilang sampai lama,Netral
bagus,Positif
sangat bantu,Positif
bagus,Positif
transfer suka tidak masuk no tuju layan nya cuman bot gabisa apa apa gabisa erti keluh nasabah jangan deh pakai aplikasi demi allah,Positif
bagus,Positif
sangat bantu,Positif
terimakasih,Netral
memper mudah,Positif
mantaab,Netral
bagus sangat bantu,Positif
hai dana akun dana bisnis tidak cetak qris daftar sudah bulan lebih sering aju pusat customer service slow respont tidak solusi yang keluh sering aju pusat bantu suruh nunggu hari aju suruh nunggu lgi hari saya aju suruh nunggu hari saya bunggu berapa lama dan fitur kasir tidak guna tugas slow respont anjay,Netral
bagus,Positif
masuk no hp bener sandi bener wajar bener di minta kode otp no hilang gmail ling jugak lah dana tidak kode otp no pin wajah itu,Negatif
sangat bagus mudah guna aplikasi dana nya,Positif
pindah akun sendiri aj tele udh email suruh ana udh ana sama aj tidak juga pdhal akun sendiri ribet,Netral
jos,Netral
sangat muas aplikasi dana,Netral
sangat bantu,Positif
bagus lah,Positif
aplikasi sangat bantu,Positif
debess,Netral
sangat bagus,Positif
baguss,Positif
bagus,Positif
sumpah apaa baru masuk tengah jam lalu sekarang dana rusak dan harus download terus masuk serius nih,Negatif
sangat bagus,Positif
sangat puas,Positif
bagus,Positif
mantabe,Netral
kk nomor dana yang lama tidak saya masuk padahal kan satu ktp,Netral
bagus sekali,Positif
bagus,Positif
dana sya potong tahu sya aplikasi buruk banget,Negatif
dana bantu perlu apa bagus,Positif
tpi buat ngecek hasil tranfer nyantol loading,Netral
lama tidak dipake pas masuk malah tidak verifikasi pencet coba tapi tetep aja,Netral
kapan dana cicil sedia,Netral
sangat bantu terimakasih,Positif
hati aplikasi dana sekarang banyak iklan tidak jelas salah klik aja masuk perangkap scam,Netral
layan nya buruk uang tidak kembali nyesel banget ketemu aplikasi begini ni aplikasi ngedukung tipu tidak deh maka ni aplikasi jlk bgtt nyata emng banyak udh kasih ulas buruk emng masalah deh ni aplikasi tidak aman banget,Negatif
mudah guna,Positif
oke,Positif
sangat baik,Netral
mudah guna,Positif
bagus,Positif
dana dompet digital paling bagus paling tau kalau tak punya rek bank betul tuh apa kata rekan belum terkadang kalaupun masuk tiba tiba keluar sendiri tidak laku transaksi,Positif
bagus,Positif
muda cepat,Positif
uninstall,Netral
sangat baik,Netral
sangat bagus,Positif
gabisa masuk gimana selalu muncul baru,Netral
dana cicil tidak di guna padahal bayar tagih nya,Netral
aktif fitur dana cicil,Netral
mohon maaf ko dana gx dana cicil nyh ea,Netral
sangat bagus,Positif
bagus batu,Positif
bagus markotop lah,Positif
jangan download aplikasi korban uang hilang dalam uang dana hasil pihak dana enggan selesai nya saya ingat jangan coba coba main aplikasi kalau tidak uang hilang sia sia,Negatif
bagus,Positif
bagus banget,Positif
jangan mau install aplikasi banyak korban duit dadak hilang jangan percaya apa sama costumer service nya tipu tipu tidak andal uang hilang gitu hilang hilang tinggal lapor polisi nyimpan uang atau transaksi aplikasi sama serah uang hilang,Negatif
dana cicil tidak muncul yah broo,Netral
banyak potong isi uang,Negatif
sangat puas,Positif
sering tidak masuk telah laku transaksi tlong baik aplikasi masa suka ngebug,Netral
sangat bngus,Netral
aplikasi tidak guna sepele langgan masuk face id terang pemberitahuannnya kurang jelas memang aplikasi tolol,Netral
bagus,Positif
sudah daftar dana bisnis ingin punya qris dana bisnis sudah hampir bulan lebih belum cetak cetak alas nya progres lah lah sudah komplain ana dalam aplikasi dana nya jawab nya tidak sesuai ekspektasi gajelas gimana mau jual sudah nunggu tapi belum pasti pihak dana nya,Netral
cepat,Positif
bagus,Positif
lama cukup bagus nyaman transaksi belum pernah temu kendala,Positif
bagus,Positif
dana cicil aktivasi tapi belum sedia bagaimana,Netral
aplikasi bagus,Positif
kirim sangat cepat,Positif
dana tidak jelas jangan download mending pake ovo,Netral
maksud apa udh beberapa kali bayar aplle service nominal cukup besar jelas kurang uang dana baik jangan bnyak korban rasa khawatir simpan uang diapk mohon perhati guna developer sangat buruk sekali,Negatif
mohon fitur cicil,Netral
bagus,Positif
kirim cepatttt mantabbbb,Positif
aman percaya,Positif
dana instan blum timbul,Netral
bagus,Positif
saran lebih baik dana cicil hapus aja tidak guna jauh merchantnya dana cicil tidak jadi kiamat,Netral
sangat bantu sekali,Positif
bagus sekali layan walaupun lama tapi tetap usaha baik,Positif
hari semenjak buat lapor tetatpi tidak maju sama sekali,Netral
sangatt puass,Positif
bagus tahan service spt,Positif
oke,Positif
bagus pol,Positif
aplikasi bodoh uang sering ilang,Netral
baik,Netral
waw,Netral
bagus di andal moga aplikasi dana makin jaya kembang,Positif
pokok nya bagus deh buat akun dana,Positif
bagus,Positif
dana cicil di aktif,Netral
kembali tampil dana bisnisny kaya dulu soalny ribet banget nunggu loading kaya buka aplikasi baru,Netral
sangat puas,Positif
sangat baik,Netral
gabisa ganti nomer malah rusak aneh aplikasi tidak gabisa narik uang mentok otp,Netral
bagus,Positif
kok tidak masuk mau transaksi tidak mohon bantu,Positif
sangat bagus,Positif
bagus percaya,Positif
mudah enak pake,Positif
bagus dana,Positif
oke,Positif
bagus sekali aplikasi nya,Positif
terimakasih dana transaksi aman lancar,Positif
bagus,Positif
bagus sangat bantu tapi sekarang bingung dana tidak di buka alhamdulillah februari dana bisa buka bln dak biso bayar listrik,Positif
amazing,Netral
aman banget tengyu,Positif
bagus poll,Positif
aja kadang besok nya gtu download lgi lah baik,Positif
heh dana lo kalau bikin aplikasi pusat bantu nya bner kalau manusia minimal cerdas erti tanya jawab kalau robot minimal bgus jangan yang bego kaya sekarang org nanya apa jwb apa satu soal dana cicil kalau tidak duit nya mending hilang dana cicil aplikasi atur nya tidak jelas samar dah bagus skrg mulai konyol tolol sebal,Negatif
fitur dana cicil kok tidak sih,Positif
bagus,Positif
krenlaah pokok nya,Positif
bagus sekali,Positif
baik,Netral
bagus,Positif
berat kode otp tidak kirim padahal tunggu lama,Netral
muncul akses dana cicil,Netral
jangan download dana buruk belum fitur dana cicil,Negatif
simple mudah amannnn,Positif
bagus,Positif
lama tidak pernah ganggu tapi sekarang susah buat kirim,Negatif
bagus,Positif
g aman banget dana sekarang transaksi aplikasi tidak jelas bisa konfirmasi sendiri ada tuju penguna bilang langanan google play pdhl google playstor tidak tu riwayat langanan yang punya dana untuk beli kuota trus tarik gajelas rugi guna,Netral
bagus btw minta donk,Positif
aplikasi binatang akun lqma ngk masuk karna nomor hilang tapi coba alih kan akun pakai nomor ngkk mbisa kosong kan aset jadi kalau akun lama ngk masuk cara kosongin nya gimana aplikasi dana biadap,Negatif
sumpah males banget aplikasi ke halaman terus suruh verifikasi padahal pin benar diperbaikiiiiiii,Positif
baik,Netral
oke,Positif
aplikasi tutup tidah suka karna dana cicil tiap bayar cicil tidak jelas apa mamfaatnya buat padahal belum bayar lunas tampa ada hutang aplikasi cuman beli pulza token listrik saya beli sperlunya bayar lunas tapi saya tagih terus cicil bayar saya sudah bayar lunas saya tidak rubah keburu saya alami harap saya supaya rubah keburu saya alami,Positif
lupa pin dan di suru verivikasi wajah benar tetap gabisa masuk mohon bantu,Netral
bagus,Positif
sangat bgus,Netral
terimakasih,Netral
kurang muas deposit dana jaring dana nya sering tolak,Netral
enak lihat,Netral
baik proses cepat,Positif
sering tidak transfer kadang lambat proses nya,Negatif
aplikasi ganggu apa sih sinyal bagus tapi kok koneksi putus mau transaksi hambat,Positif
bagus,Positif
smua jd mudah,Positif
sangat mudah bantu sekali terima kasih u,Positif
halo sudah beberapa kali coba tarik uang reksadana obligasi terpi tetap tidak,Netral
bgus,Netral
sangat bantu,Positif
live cat jg tolol tidak guna,Netral
uang hilang entah pas adu sekarang belum selesai selesai yang kata aman,Netral
kare bisa bagus up hari,Positif
bagus,Positif
bagus cukup bantu beli kata lain,Positif
baik sangat bagus guna,Positif
bagus,Positif
suka,Positif
cepat,Positif
sangat bantu kirim cepat,Positif
saya alami kendala uang hilang terus aplikasi dana padahal tidak ku pake apa uang nya korup tidak ku pake hari padahal,Negatif
bagus,Positif
dana instant,Netral
bagus terima kasih,Positif
lumayan bantu,Positif
tapi saya tidak dana cicil,Netral
enak banget pakai dana,Netral
bagus,Positif
baru pertama kali pakai alhamdulillah sangat bantu moga depan selalu beri baik,Positif
bagus,Positif
okehh,Positif
pakai dana lebih mudah tranfer,Positif
lumayan reward perak sih,Netral
jangan mau pakai dana sini tidk pindah akun,Netral
sangat bantu,Positif
akun tangguh,Netral
baik,Positif
puas lah,Positif
buat dana cicil akun,Netral
mau ngambil uang loading nya tengah mampus cek history sama jaring padahal bagus bukan skali kali kek gin tapi sering hapus cache baru tetep kaga,Positif
dana instan blom muncul padahal akun dana sudah penuh syarat,Netral
mntap,Netral
bagus,Positif
bagus,Positif
sangat bantu dalam bayar,Positif
bagus cpt praktis mohon jaga kenyam pakai,Positif
sangat bagus aman percaya,Positif
sangat bagus,Positif
app baik,Positif
msh lambat,Negatif
bagus,Positif
bagus,Positif
biasa guna kirim ewallet lancar,Positif
bagus,Positif
sangat puas,Positif
verry bagus the best,Positif
aplikasi nii hanyut bahaya awal nya aja bagus uang banyak isi nya hilang sendiri buruk nya pihak dana tidak tanggung jawab mala suruh buat lapor polisi inti nya lepas tangan hati hati aplikasi nii tidak percaya bagus guna mbanking bank langsung biar rugi dikit tapi uang aman di dalam nya,Negatif
baik,Netral
bagus,Positif
bagus,Positif
bagus,Positif
bagusb,Positif
sangat bantu,Positif
matap,Netral
sangat bagus,Positif
terimakasih,Netral
bagus,Positif
ewalet dana emang bagus puas menggunakanya aplikasi anti ribet aman kuat,Positif
tolol bngt,Negatif
oke,Positif
bagus,Positif
bagus,Positif
perbaikin dong masaaa logout terus mulai tidak jelas dana,Netral
bagus,Positif
cepat akurat dlm transaksi kirim terima,Positif
sangat bagus,Positif
sangat bantu,Positif
baik,Netral
sangat bagus,Positif
bagus up e money lambat tidak masuk uang nya kebnyakan drama kendala,Negatif
enak banget pakek dana tidak ribet,Netral
bagus aplikasi nya mudah buat transaksi,Positif
sangat bantu buat transfr,Positif
terima kasih,Netral
hasil mendownload aplikasi pas ndaftar kan lupa pin yahh trus pencet selesai kok malah bisa bukan hasil daftar malah suruh daftar ulang sudah kali daftar ulang tpi tetep bisa sampe sabar sudah mulai habis,Positif
tidak koneksi terus sudah restart hp aplikasi nya tidak ad koneksi paket data,Netral
bagus,Positif
nice,Netral
bagus sekali sngat bantu,Positif
bagus,Positif
gimana si akun lupa pin tapi nomor sudah g aktif tapi tidak cara untuk masuk padahal akun uang nya buat kan fitur hanya di bolehin masuk kalau ada bukti jelas,Netral
sangat baik,Netral
bagus,Positif
kasi bintang lah karna hari transaksi dana tpi tidak pernah platform pinjam dana cicil,Positif
sangat baik,Netral
sanggat bantu sekali,Positif
terimakasih dana layan langsung tanggap cepat,Positif
sangat puas aplikasi,Positif
dana cicil gax pake ko aneh banget,Netral
bagus,Positif
bagus,Positif
sangat baik,Netral
aplikasi sampahhh verifikasi aja dengan otp padahal verifikasi wajah pin hasil,Negatif
pernah jadi uang sedot,Netral
kasi baik knpa tidak vrivikasi waja,Positif
tidak aju pinjam dana instan payah,Positif
kenapa selalu gagal kalau mau daftar mau isi pin selalu gagal padahal bagai cara tpi tetap aja gagal dong saran gimna biar kedadtar,Negatif
bagus transaksi kecil jadi lebih mudah,Positif
sangat manfaat skli matursuwun nggeh,Netral
baik,Netral
mudah ber transaksi,Positif
tranfer cepat,Positif
baik cuman blom dana playleter,Netral
ngasih asisten pake bot mana gabisa livechat tidak sama sekali mending gausah adain,Netral
sangat sayang pindah kan akun premium aja nungu hari dana ada saldo tidak pakai sangat disygkan,Netral
suka aplikasi sangat bagus mudah dalam transaksi,Positif
sangat baik,Netral
transaksi beli pulsa pake masuk pin jadi bolak balik ngisi kali kali lebih baik masuk pin semua transaksi,Positif
habis report tugas judol malah akun gua tidak transaksi anjir kembali akun dana sayaaaa,Netral
goog bangat,Netral
bagus kayo,Positif
bagus sekali dana,Positif
knph sih susah masuk mulu padahal sinyal bagus loh,Netral
mudah transaksi buat transfer anti pending,Positif
bagus,Positif
bagus tingkat terus dana terima kasih,Positif
sagat bagus,Positif
baik,Netral
jual reksadana sudah minggu lewat bom kirim kocak,Netral
bagus,Positif
praktis,Positif
virtual akun kok g di transfer lewat dana,Positif
di akun dana tidak dana cicil nya,Netral
saya bagus banget aplikasi,Positif
sangat bantu,Positif
saya ngecek uang emas ku tidak di buka yaa mohon info nya dana wahh tidak bener ni aplikasi,Netral
bagus,Positif
alhamdulillah,Netral
sistem lu masalah dak ngirim transfer dana gopay,Negatif
uang tiba tiba hilang tidak izin guna tidak tanggung jawab pihak aplikasi dana,Negatif
bagus,Positif
iya,Netral
sangat baik sekali cepat kirim terima,Positif
cepat lancar jaya tidak kecewa bagus,Positif
sangat bantu,Positif
bagus,Positif
sangat bantu,Positif
ter baik,Netral
selalu jadi andal tiap transaksi,Netral
baik,Positif
gmna kalau uda lanjur transfer no dana tidak aktif,Netral
dana cicil lunas tapi limit tidak di guna sangat buruk,Negatif
baik,Netral
cukup baik mudah transaksi transfer,Positif
sangat puas,Positif
alat bayar,Netral
aplikasi dana sangat bantu untuk kirim online,Positif
aplikasi bagus,Positif
sangat manfaat,Netral
limit dana cicil gabisa guna ada saldo,Netral
bagus,Positif
puas dn bagus,Positif
halo tugas dana akun dana hapus hp di install tidak buka karena lupa email mohon bantu y,Netral
sering putus koneksi internet padahal udh d update cache d hapus tetep aj eror mohon solusi,Netral
bantu dalam bisnis,Positif
bot nya tolol tidak nyambung,Negatif
munculin dong dana cicil dana instan,Netral
alhamdulillah lancar mudah tetap baik,Positif
bagus,Positif
oke,Positif
bagus,Positif
okh sih untuk simpan uang aman tapi kalau masuk susah banget kalau pake hp tidak dukung,Positif
halo kak dana susah masuk kak padahal baru transaksi kemarin besok suruh masukin pin gilir masukin pin pin nya salah padahal sudah benar eror bukan kak dana mohon jawab kak,Netral
aplikasi turut buruk tidak lesek masalah sama sekali maubpake pikir dulu,Negatif
buat dana cicil kok tidak bisaa guna padahal bayar lunas,Positif
bagus,Positif
sangat cepat transaksi,Positif
sangat mudah efektif efisien sangat cepat akurat,Positif
bagus,Positif
gimanaa ni dana bagus ap dana banyak malah sendiri lalu muncul koneksi internetmu putus ni nggk masuk sama sekali gimana uang padahal jaring ku g jangan instal apabila tidak update,Positif
notifikasi dana ko beda,Netral
mantep,Netral
joossss,Netral
masuk dana,Netral
buruk aplikasi pilih pilih sya thn lebih pkai dana tidak daat cicil dana yng baru turut tidak etis kya gin ksih bintang krna mengecewakn tidak sportif penghinaann bgi guna lama,Negatif
aplikasi sangat batu banget sayang sekian tahun guna belum fitur pinjam dana tunai,Netral
aplikasi paling enak dah,Netral
dana cicil tidak muncul mohon bantu frevikasi dana cicil,Netral
buat tidak masuk dana coba ting opsi kembang hp kalian ting stelan skala animaasin nya skala animasi kembali stelan terus jika kalian pernah ting skala animasi soal yang alamin gegara main game ken no lag jadi otak atik skala animasi,Netral
sukses selalu pokok nya,Positif
bagus,Positif
sangat bqik,Netral
tidak aman banyak mau masuk akun,Positif
bagus,Positif
sangat guna sekali aplikasi,Positif
bagus job,Positif
sangat guna,Positif
bagus lancar,Positif
ada ganggu bagaimana sudah hari tidak masuk baik,Netral
kaget banget uang jt minus kaget gatau ilang kemna g ngerasa bayar apa lewat aplikasi sampe sekarang saya bingung tu uang kmna mohon lebih bijak ya,Netral
ngisi voucer pulsa a reward masuk notif nga saldo kurang buruk sama dana,Netral
uang kuras an kembali uang,Netral
aplikasi cacat,Netral
dana makin update bykan nya makin baik malah makin buruk tiap buka dana tidak buka ngbab,Negatif
cepat aman,Positif
bagus,Positif
kok dana tidak ad dana instanya,Positif
bagus,Positif
mu nanya dari tadi pagi g masuk dana nya cuman jaring sedang masalah terus sekarang d baik biar guna rasa nyaman,Positif
sangat baik,Netral
bagus,Positif
sangngat puas,Positif
sangat bagus,Positif
bagus,Positif
agak buruk sih bayar dana cicil sukses uang skrg tidak guna padahal tidak telat sama sekali selalu dana cicil tidak sedia padahal belum langsung di guna,Negatif
bagus,Positif
bagus banget,Positif
bagus,Positif
moga akun bisa fitur dana cicil,Netral
aplikasi sangat bantu juga sangat di percaya dar saran guna dana sudah lama untuk dana cicil gampang muncul,Positif
praktis mudah aman,Positif
bagus,Positif
kok lambat sekali tangan nya hari lapor tidak bantu,Netral
bagus banget aplikasi nya udh nyimpen duit rb aplikasi dana,Positif
bantu muncul kan dana playter,Netral
sangat bagus,Positif
uang hilang tiba tiba tidak solusi kembali uang hilang sebut,Negatif
suka lambat,Netral
sangat bantu sangat cepat transfer terimakasih salam sehat selalu,Positif
sayah ngat bantu,Netral
bagus,Positif
bagus,Positif
bagus,Positif
bagus,Positif
cepat percaya,Positif
aplikasi sangat guna buat simpan uang buat belanja butuh makasih dana,Positif
transaksi cepat,Positif
bagus lah kalau dana mah,Positif
oce lh,Netral
sll andal,Netral
aplikasi dana sangat bagus sekali,Positif
buat transfer bayar beberapa ndak,Netral
tidak dana cicil nya punya,Netral
bagus,Positif
aplikasi sangat bantu,Positif
cepat nyaman,Positif
bagus bet,Positif
bagus,Positif
bagus,Positif
kalian yang se pikir saya tiap kirim uang merchent suka potong tpi tidak tera jelas rincian padahal biaya tugas di potong,Netral
fitur dana instan blum muncul munculin,Netral
bagus,Positif
bagus pokok,Positif
kreeeennnn,Netral
fitur rekan dana rusak sistem sibuk segala upaya laku sama aja,Negatif
kenapa saya tidak hapus tarik dana goals impi aplikasi gagal terus baik biar guna dana rasa nyaman,Positif
akun premium tapi tidak fitur dana cicil,Netral
bagus,Positif
semua lancar tapi malah tiba tiba kartu flazz isi saldo tidak masuk waktu saya lapor waktu tunggu minggu,Positif
cukup oke,Positif
premium malah tidak kirim,Netral
kan sya ngedonlot aplikasi dana d palytor ko mau buka dana tidak ya kan sya terdaptar,Netral
baik,Netral
bagus dana makin matap,Positif
sering gagal transfer layan slowrespon lebih kali uang tiba tiba hilang tidak di refund padahal tidak pernah pencet link aneh aneh saya dm instagram resmi dana tapi tidak tanggap misal rate aplikasi bisa kirim foto saya cantum bukti dm tidak balas,Negatif
fitur fitur applikasi tidak buka loding terus,Netral
beri akses fitur dana cicil,Netral
saya suka keluar sendiri,Positif
bagus bagus harap lebih tingkat ke aman lebi aman bagus trms,Positif
aplikasi nya bagus nyaman di pakai transaksi mudah gapake ribet poko deh,Positif
bagus,Positif
dana cicil tidak di guna buruk,Negatif
tidak bagus tidak efisien,Positif
sangat membntu buat transaksi terima kasih,Netral
bagus,Positif
lama mengunakan aplikasi dana sangat bantu tidak keluar jauh transfer kios mudah,Positif
sangat baik,Netral
bagus,Positif
dong gimn si masa uang ilang belum guna belanja gimn si malah tulis di belanja ganti rugi hilang uang besar rp,Negatif
bagus,Positif
bismillah moga,Netral
apknya bagus banget bagai transaksi mna pokok the best,Positif
bagus,Positif
apknya tambah josss,Netral
sangat bagus,Positif
baik,Netral
bagus,Positif
sangat tarik,Netral
aplikasi sangat bagus mudah,Positif
akun kok ngak muncul dana cicil,Positif
bagus,Positif
lapor uang mubajirrr dana gx ambil,Netral
baik,Netral
pakai dana mana kapan gampang cairin uang nya pokok nya mantappp,Positif
semua jadi lebih mudah cepat,Positif
aplikasi bagus,Positif
sangat manfaat,Netral
uang tiba pindah akun orang rbu sdah hapus aplikasi nya buruk sekali,Negatif
is the best,Netral
hallo dana gimna agak buruk udh lama guna dana tiba tiba uang hilang sudah aju tapi belum pasti tanya pihak dana jawab ai itu trs pertanyaanya bantu kadri pihak dana aju segera proses sudh aju di email sama aja belum ke pasti,Negatif
mantaf urus transfer lebih mudah,Positif
lebih baik cuma iklan nya ganggu sihh,Netral
alhamdllh akun dana ku normal mula tinggal di ganti nomor baru biar tambah normal bagus aplikasi dana,Positif
apdet tapi fitur dana cicil nya ilang juga hapus aplikasi nya saya install ulang tapi tetep tidak fitur nya payah betul,Netral
sangat bantu,Positif
buruk laku tari uang snack video udh kirim kan pihak snack video tapi uang dana saya tidak tambah kalau ini tipu nama pertanggungjawaban pihak dana gimana selesai nya,Negatif
bagus,Positif
bagus,Positif
bagus,Positif
applikasi jelas transfer uang masuk masuk nomor tjuan mana uang nya di kan,Netral
mudah aman,Positif
knpa sih aktivitas nya tidak muncul ngeselin banget,Netral
nomor dana hilang gimna cara masukin dana,Negatif
aplikasi dana tidak masuk,Netral
dana cicil tidak jelaa daj lunas malah tidak si pake ngobrol sama robot tidak jawabanya muter,Netral
josss jiss,Netral
sangat suka aplikasi sangat bantu sekali,Positif
aplikasi nya bagus simpel cuma mohon passkey pin masuk pasword masuk usaha terap nya aplikasi nya sendiri saat mau masuk aplikasi jangan malah passkey layar utama hand phone kembang yah bagus kok aman,Positif
bagus up uang etol dana hasil uang tidak masuk kartu etol di updete uang nya emanggak masuk sado nya e arto etol jadi tidak tanggung jawab dana ni,Positif
sangat sangat bantu,Positif
sangat bantu sekali,Positif
sangat baik bantu,Positif
bagus,Positif
ya dana cicil kok tidak muncul muncul padahal seringkali ber transaksi dana,Positif
sangat puas,Positif
bagus,Positif
aplikasi sangat bantu mudah transaksi sya guna baru msh belum paham fitir ada aplikasi,Positif
by tugas di turun kan kl rp transaksi,Netral
memudaha kan utuk depo main slot,Positif
sangat muas,Netral
sangat mudah kan,Positif
bagus mudah cepat,Positif
dana pinjam tidak nongol aneh di upgrade,Netral
sangat mudah teransaksi,Positif
aplikasi sangat bagus,Positif
bagus bagus,Positif
bantu tiba aplikasi dana tidak untuk transaksi beli pulsa terimakasih,Netral
bgussss,Netral
telah unistal aplikasi dana saya dowload lg ko pitur dana cicil nya hilang,Negatif
saat baik aja,Netral
alhamdulillah,Netral
dana cicil tidak tambah,Netral
baagus,Netral
bagus,Positif
bantu transaksi,Positif
bagus,Positif
sangat puasa praktis esfisien,Positif
abis update bukan bagus malah ngebug tidak masuk,Netral
sangat bantu,Positif
sangat baik,Netral
ko dana cicil tidak di pake padahal tidak tagih bagus up uang trus,Positif
luar biasa semua jadi mudah,Positif
sangat baik,Netral
apa tiba akun keluar sendiri terus pas mau masuk malah minta otp belum cukup pake scan muka sama sandi aja padahal mana duit perlu banget gimana nomor mati hampir tahun kontak ana tapi tidak solusi,Netral
oke,Positif
asikk,Netral
bagus banget sih,Positif
baik,Netral
puassssss,Positif
kirain cuma doang nyata orang juga sama aplikasi dana suka keluar sendiri kadang susah masuk kalau mau masuk hapus dulu download ribet dong baik bugnya sekali dana cicil dana cicil tapi tidak di pakai padahal tidak hutang,Negatif
tampil fitur dana instan dana cicil,Netral
tidak ribet sekarang sejak dana,Netral
sangat bantu,Positif
sangat bantu,Positif
sangat bagus,Positif
sangat baik,Netral
bolak balik install tetep tidak progam beta sudh penuh,Netral
sangat bagus,Positif
aplikasi sangat guna buat kirim terima uang bagus deh,Positif
aplikasi dana ku bisa moga aman trpecya,Positif
kasih bintang dulu karna dana cicil masih tidak sedia tidak laku padahal lunasin bulan lalu tapi sekarang belum di guna yah dana instan saya belum muncul,Netral
bagus,Positif
sangat batu,Netral
buka dana cicil,Netral
sangat bagus,Positif
mntap,Netral
mntap,Netral
bagus,Positif
joozzz,Netral
baik,Netral
bagus,Positif
sangat bantu laku transfer,Positif
aman nyaman mudah guna,Positif
pindah akun premium tidak laku,Netral
susah pakai pinjam uang dada,Negatif
apl keluar trs,Netral
bagus,Positif
kurang cih soal punya tidak dana cicil instan,Netral
dana cicil cuma pake kali gitu kaga lagi di guna,Netral
ampas sama sekali tidak aman kalau langgan sama dan otomatis dana tidak di atur perlu verifikasi beli transaksi jujur selalu rugi tiap isi ulang selalu hilang tiba tiba kirim langgan tanpa verifikasi lebih,Netral
bagus,Positif
sangat bantu sekali,Positif
bagus,Positif
tidak di buka,Netral
sangat puas layan fitur sangat baikk,Positif
kapan akun fitur dana cicil nya udh tahun tahun pake aplikasi dana lain aja ada fitur dana cicil,Netral
bintang aja fitur dana tanpil tapi tidak di guna,Netral
sangat bantu,Positif
okokok,Positif
goood,Netral
lumayan,Netral
tahun tahun tiap hari transaksi dana tidak muncul fitur dana cicil bodoh,Netral
dana cicil bantu cairin butuh dana cicil,Netral
bagusbosku,Positif
bagus job,Positif
makin lama makin lambat aja bukak,Negatif
gada dana cicil monyet akun lama,Netral
dana tidak aman hati hati karna dana laku bayar otomatis tahu kalian dana tidak punya layan banyak uang hilang uang tak,Netral
dana cicil skrng tidak buat apa apa percuma dana cicil kloo pakai batas,Netral
bantu,Netral
dana cicil di bayar mau dana cicil tidak padahal bayar,Netral
apa uang enak hilang kadang kurang tba meski gada tunggak aplikasi kata buat nyimpen duit malah sedot sesuatu g guna kan aneh hampir rugi tiap ngisi uang,Negatif
min tambahin sidik jari aja biar kirim uang engk ribet,Netral
enak kali pakeh dana,Netral
sngat bantu,Positif
sangat sangat bantu,Positif
kak aplikasi ada sadad kak uang hilang,Negatif
sangat membangtu,Netral
bagus,Positif
puas,Positif
baik,Netral
dana tiba tiba keluar sendiri tiba tiba tidak masuk mohon bantu,Netral
hati hati semua aplikasi tidak mencamin aman uang curi sama siapa walaupun akun dana di kunci aplikasi nga tidak bisa jamin aman biadab banyak orang bisa curi uang walau pakai kode password aplikasi nga mending gopay,Positif
bagus,Positif
praktis,Positif
istimewa,Netral
simpel mudah guna,Positif
luar biasa,Netral
bagus,Positif
inti jangan pakai aplikasi dana kalau mau simpan uang bkalan nyesel kalian kalau pakai aplikasi karna udh bnyak rasa rugi gara aplikasi mau ambil uang kita sendiri aja ribet nya minta ampun trus ujung ujung saldo ilang inti jngan pernah pakai aplikasi,Negatif
bagus,Positif
pakai bayar dana cicil kok selalu tidak sedia mohon bantu cara atas dana cicil supaya di pakai,Positif
nice,Netral
cukup puas,Positif
banyak rusak mau masuk akun dana gagal mulu jam,Negatif
dana instan belum muncul akun,Netral
efektif,Netral
sayang gabisa pakai dana cicil padahal buat transaksi trus bulan tembus jt,Netral
aplikasi edan tidak transfer kalau tidak upgrade dana premium bukan nya mudah malah susah aplikasi,Positif
sangat bantu,Positif
kasih bintang lima,Netral
tidak dana cicil,Netral
uptade yah memang banyak rusak izin mah jangan sering ngambil uang orang saya bang mau beli itu online tiba tiba hilang tuju kan plenger yah bang kalau hilang k k mah gapapa mah k k bang izin mah kalau tidak hilang hilang saya kasih bintang deh,Negatif
bagus,Positif
aplikasi nya kadang kadang eror mau masuk malah tiba tiba keluar sendiri,Netral
bagus,Positif
bagus,Positif
baik,Netral
sangat puass,Positif
tebaik,Netral
cepat manfaat,Positif
bagus sangat bantu,Positif
suara notifikasi dana kaya tanda tanda ingat gempa malu maluin uninstal aja dah,Netral
aplikasi dana tidak menu dana cicil,Netral
aman,Positif
bagus,Positif
oke,Positif
bagus,Positif
woy dana dar tanggal februari uang dana goals tidak stuck proses pending gua butuh uang woy buat bayar cicil,Netral
dana cicil tidak di guna padahal limit nya udh lunas bulan kmarin tapi tetep tidak guna dana cicil,Netral
qris kadang banyak ganggu tidak baca bikin repot aja nada transaksi tidak di mati norak banget,Netral
matep bagus cuman suka lupa kata sandi,Positif
goof,Netral
kendala sayah tidak muncul dana cicil,Negatif
bagus,Positif
sangat muas,Netral
sangat bantu,Positif
bagus,Positif
puasss,Positif
hebat,Netral
aplikasi dana sangat bantu,Positif
fitur dana cicil branda tp tidak di guna aneh sekali lebih baik tidak usah ngasih sekali,Netral
coba puluh kali bagus suruh ngulang ampun deh asa mau masuk kaya mau ketemu presiden skip,Positif
tangan customer service lambat sulit dapat solusi alami masalah akun atau transaksi,Negatif
kasi bintang saya kasi fitur dana instan fitur dana cicil,Netral
bagus,Positif
aplikasi gjls udh lebih minggu gin trus padahal mah sinyal aman aja masak tulis jaring masalah silah coba beberapa lagi trus aplikasi tololl bikin emosi uang nyantol mau pake malah gabisa,Negatif
dana layan baik,Positif
bos kok tidak transaksi,Positif
puas,Positif
bagus aplikasi nya,Positif
sering keluar sendiri lain,Netral
tida dana cicil,Netral
bagus,Positif
bagus,Positif
baik,Netral
bagus,Positif
izin tugas dana pt espay debit indonesia koe dana plus tidak di tarik betul aja lah lagi butuh uang malah tidak di tarik uang malah nganggur uang waras lah buat fitur tolong di baik cepat,Positif
cukup muas,Netral
kenapa min notifnya kadang suka tidak muncul kadang telat muncul,Positif
oke,Positif
mantapp,Positif
bagus,Positif
bagus banget aplikasi nyaa,Positif
baik,Netral
tidak gabung program uji beta,Netral
aplikasi dana si di upgread malah kaga bener mau masuk aja susah malah lagi,Negatif
aplikasi lalot sering keluar sendiri baik kalau bagus nanti rubah bintang,Positif
baik,Netral
buruk sering colong transaksi,Negatif
bagus,Positif
terima kasih dana bantu daya,Netral
jos,Netral
gampang transaksi,Netral
sangat bagus,Positif
bagus,Positif
aplikasi tidak di guna sangat sesal di instal aplikasi tidak di guna,Netral
bagus the best,Positif
sangat bagus,Positif
bagus,Positif
aplikasi e money simpel pel pel fitur auto jadi gausah repot ngetik sandi langsung bayar,Netral
terlalu lemah daftar tampa swap poto mndftar dana shrusnya e ktp swap poto orang daftar,Netral
bagus,Positif
bagus,Positif
bagus,Positif
bagus,Positif
lumayan,Netral
ya dana uang jadi hangus,Netral
bagus,Positif
bagus job,Positif
alam sangat buruk guna dana transfer uang rekening bank status transaksi hasil dana tidak pernah masuk rekening tuju sekarang uang tahan jelas tanggap customer service sangat lambat kes minta tunggu solusi nyata aplikasi uang masalah ini sangat serius sangkut percaya guna guna tidak buat cemas karena dana tiba tiba menghila,Negatif
mantul,Netral
bagus,Positif
fitur dana cicil belum,Netral
sanga puas,Positif
baik terimakasihhh ook,Positif
lumayan,Netral
bagus,Positif
dana tidak di buka,Netral
bagus,Positif
belum pernah coba pake moga lebih baik belum,Netral
mudah guna sangat bantu butuh transaksi,Positif
sangat suka,Netral
bagus bangett,Positif
kere dana cicil tahun tetap rb padahal tiap hari pakai buat keluar masuk belanja,Netral
bagus,Positif
baru bikin dana bisnis qris nya tidak muncul nunggu lama,Netral
bagus dana sangat bantu sekali bantu aktif kn dana cicil dong,Positif
rata dana cicil,Netral
bagus,Positif
aplikasi kok erro terus mau ngecek transaksi aja tidak bis,Positif
sangat baik moga aman tambah bagus,Positif
bgus,Netral
di updet saja eror,Netral
buruk akun lupa kata sandi susah dapat hti aplikasi,Negatif
arep dolwd susah,Negatif
bintang bicara,Netral
sangat bantu,Positif
baik,Positif
dana babi tidak,Negatif
di update loading lama susah masuk sering keluar sendiri susah bener larang masuk nya,Negatif
bagus,Positif
baik aplikasi dana sering jadi rusak hendak buka aplikasi,Negatif
bagus,Positif
aman,Positif
tong dana gimana tolong tidak buka akun padahal veri ikasi wajah pin benar pake kode otp nomer suda hilang mau pindah akun susah tidak premium daftar pake ktp saya lama gagal kata akun baru harus diuikepemium gimana si pusing ada uang saya itu gimana dana dana jirrr,Negatif
manfaat,Netral
aplikasi buruk keman sering jadi bayar tidak jelas uang potong sendiri,Negatif
tahun saya tetap suka pakai dana karna lebih praktis,Positif
sangat muas,Netral
bagus,Positif
sangat bantu ber transaksi mudah kan bayar,Positif
aneh padahal tidak pernah telat bayar dana cicil nya tpi tidak di gunain sudah hampir bulan padahal transaksi tiap bulan hampir jtan,Netral
masa gabisa masuk ngirim otp dulu mana nomer lama mati pliss baik min mislnya kalau verifikasi muka jangan tambah otp segalaa najisssss cuihhhh,Positif
sangat bagus,Positif
sangat aman,Positif
bagus,Positif
sangat bagus,Positif
aplikasi tolol masa hp root gbisa masuk apa salah,Negatif
aplikasi dana sekarang makin buruk mau masuk susah louding lama ujung ujung tidak langsung keluar sendiri jadi tidak nyaman dan ganggu,Netral
dana instan dana cicil tidak muncul,Netral
capat akurat percaya,Netral
dana cicil belum muncul,Netral
lambat aja ni kirim,Negatif
tambah fitur dana cicil,Netral
sangat manfaat,Netral
bagus,Positif
aplikasi bodoh transfer jt terang nya transaksi hasil tapi tidak masuk tugas nyaa chat tidak bales saran jangan pake aplikasi dari duit kalian hilang saja,Negatif
rusak,Negatif
banyak guna,Netral
selalu hati pakai dana jos gandos kottos,Netral
ksh bintang aja dl,Netral
bagus,Positif
belum dana cicil,Netral
lemooooot,Netral
andal,Netral
kena transaksi sama mansa limited padahal tidak akses kesana aneh hbis ambil uang ku tidak di refund dana burik banget aplikasi dana,Netral
dana cicil sulit muncul,Netral
coba dari pihak dana sekarang banyak rusak tidak pernah aktif fitur dacil padahal stiap bulan transaksi terus tapi gapernah aktifin kadang butuh tapi ana juga gabisa bantu malah transfer dana ilang tidak masuk rekening kawan notif tapi bnetuk uang nya tidak ada mau chat layan percuma tidak bantu padhal saya pakai dana lebih dri tahun,Netral
bagus,Positif
buruk bangett tiba tiba uang hilang gatau ntah di aktivitas kirim nomor tidak nama terima,Negatif
fitur dana cicil muncul tapi tidak di guna,Netral
suka susah masuk dn keluar teruss padahal update tiap minggu,Netral
mnatap,Netral
bagus,Positif
bagus sangat bantu buat bisnis kecil kecil desa desa,Positif
bagus aman,Positif
pakai aplikasi dana semua jd mudah,Positif
suka,Positif
baik,Netral
uang tidak dipakek hilang terus terus,Negatif
sangat tuju,Netral
bagus,Positif
ganti nomor ktp sama tapi uang nya hilang rugi besar,Negatif
rumit,Netral
tiap buka aplikasi nya susah dana henti terus,Negatif
terima kasih,Netral
bagus,Positif
okay,Positif
sungguh aman nyaman cerdas cadaaaas salam kreator sas,Positif
rumit,Netral
aneh baru isi dana tapi uang belum masuk jugaa sekrang,Netral
sempurna,Netral
tidak buka,Netral
belum dana cicil,Netral
aplikasi dana daftar riwayat tidak ke buka hp samsung j,Netral
baik,Netral
gmna kata aman tapi bobol abis uang di curi,Positif
cukup baik,Netral
best banget sih aplikasi,Netral
sangat bagus,Positif
bagus,Positif
bagus cepat,Positif
bagus,Positif
team aplikasi dana hormat ingin sampai mungkin masalah rusak baru baru ringtone notifikasi suara tidak biasa atas perhatianya terima kasih,Negatif
bagus,Positif
aplikasih guna banget,Positif
bagus,Positif
bagus sekali,Positif
moga lebih baik tidak lambat mudah buka sa at masuk,Netral
sgt puas,Positif
marga pasaribu aplikasi bagus daan di andal percaya bagus habis tidak potong,Positif
bagus up for costumer pas pencet pilih kontak selalu tidak sistem sedang sibuk segara baik sih cache update app restart hp hasil tetap sama,Positif
kasih bintang soal sangat praktis dompet digital lansung transaksi bayar,Positif
bagus bangt,Positif
baruu jugaa daftar eh besok tidak buka di hapus dulu baru di download baru tapi malah gitu besok,Positif
isi brizzi uang mutasu hasil uang tidak masuk e money,Netral
bgus,Netral
bagus,Positif
aplikasi nya bagus masa keluh nggak di baik dana di tangguh kan di tangguh kan akun,Positif
aplikasi serba lengkap,Netral
sangat bantu,Positif
sangat bagus sayang blum muncul fitur dana cicil padahal sudah lama pake aplikasi dana,Positif
bagus,Positif
mau muculkan fitur dana cicil nya,Netral
dana cicil tidak di guna ya,Netral
apaansi dkit rusak gjls banget,Negatif
kenapa tiba dana suruh verifikasi ulang,Netral
bagus,Positif
udh upgrade g jg transfer,Netral
kasih bintang satu dulu saya lama pakai dana sering transaksi tapi ko tidak dana cici dana instan sangat sayang,Netral
satsett,Netral
bagus,Positif
sangat manfaat simpan uang transaksi mana,Netral
oke,Positif
sangat bagus,Positif
bagus,Positif
bagus,Positif
aneh akun udh premium sering bayar proteksi cicil fitur dana cicil tpi baik masalah aja tele pdhll mentingin bisa kepake bayar bikin lapor cuma puter doang tidak progress jelas tidak kasih pasti konfirmasi pdhl nunggu hari lapor layan nungguin lama tpi nunggu bntr aja langsung tinggal suruh nungguin lama tolong baik fitur layan agent ana,Negatif
sangat bantu simpel percaya,Positif
ka ko masuk apl dana ko uinstal dulu terus ketika masuk nomer tinggal bukan no dana moga keamannanya tingkat,Positif
multifungsi,Netral
tiba tiba akun beku ada aktivitas langgar dana erorr,Netral
hampir semua transaksi lalu e wallet tapi dukung instan cicil tidak sedia padahal pakai lebih tahun,Netral
bagus,Positif
bagus,Positif
baik,Netral
bagus,Positif
kasih bintang satu karna akun dana verifikasi otp mana nomor sudah tidak aktif ada uang ribu dalam nya,Netral
mengatifkan dana dompet digital terus,Netral
dana cicil tidak d gunain,Netral
sangat baik,Netral
sangat mudah guna,Positif
oke,Positif
bagus kaliiii thank s dana,Positif
bagus,Positif
mantapl paling enak guna transaksi boss ku,Positif
bagus,Positif
bgus,Netral
dana tidak di buka,Netral
sangat mudah guna,Positif
bguss,Netral
akun tidak chat ana padahal sedang aju pindah akun tiap buka ana tidak hubung padahal belum nya tolong baik,Netral
kenpa aktivitas dana nya tidak muncul,Netral
mntap,Netral
bagus,Positif
sangat puas,Positif
di aplikasi tidak muncul dana cicil padahal transaksi mulu tiap hari,Netral
asisten dana ana kes lambat gampang tidak paham apa masalah guna dana batas maka dana sedikit sekali tidak bayar pake banyak duit dana padahal percaya bakal enak eh nyata batas cuma ribu doang sia sia bagus up,Negatif
tiba tiba suka log out sendiri,Positif
pokok akun dana sangat bagus,Positif
sangat baik mudah transaksi,Positif
baik,Netral
bagus bagus,Positif
sangat baik,Netral
sangat mudah,Positif
nice jamin,Netral
bagus,Positif
aplikasi sangat mudah guna mudah hal penting lama guna nya tidak guna dana cici walaupun sudah update beberapa kali mohon himbau bantu terimakasih,Positif
jangan bagus up diamond dana ilegal bagus up diamond magic chess gogo kasih voucher masukin malah ilegal aneh nipu tidak tanggung jawab pihak dana,Positif
sangat bantu sekali praktis bagus poko bagus,Positif
beli kouta dana duit potong tapi kouta nya masuk gimana ni min,Netral
jadi lambat padahal cuma hapus nomer dana orang pernah tranfer,Negatif
sering eror,Netral
min dana cicil dana instan tidak pernah muncul padahal selalu transaksi guna dana premium baik min berapa tahun sudah mendownload guna aplikasi tolong direspon cepat,Positif
bagus sangat baik,Positif
sangat tidak bagusss masa uang d tabung tiba hilang terus bisa aju kembaliin dana payah,Netral
sangat senang kerjasama sama dana,Netral
adminnya kecill enak,Netral
aplikasi memang bagus lah,Positif
bagus,Positif
tidak pake dana premium padahal semua sesuai sama kalau pake qris suka eror salah server apa server sibuk terus pas mau premium selalu kendala kaya salah order kyc pas nyari google kata nya soal ektp tapi pas mau foto ktp aja ada ingat gitu salah order kyc,Netral
sangan guna banget tex,Positif
bagus,Positif
bagus sih cuman kok juta hilang saja buka aja teman juga gitu,Positif
hati deh mau isi ulang flazz lewat dana serung banget uang nyangkut tapi update tidak masuk masuk kartu ada malah nyusahin gitu uang ke sedot tidak tau kapan balik kalau emang sistem belum rapih mending tidak usah lah pake bagus up flazz cuma nyusahin orang nih aplikasi,Positif
bagus bangett,Positif
bagus,Positif
bagus,Positif
praktis,Positif
dana makin bagus aja,Positif
sangatt bguss membantuu,Positif
aplikasi dana tolol tres,Negatif
bagus aplikasi bagus bantu,Positif
tidak di guna mau masuk tidak masuk loading terus,Netral
sangat puas,Positif
puas,Positif
di unduh aplikasi dana nya hapus sendiri,Netral
trimakasih sangat bantu kirim mudah cepat,Positif
tiga bintang install sulit buka reels terima kasih atas perhati waktu sudah saya coba ada pemberitahuan hari guna,Netral
dompet se indo,Netral
sangat bantu,Positif
bagus,Positif
nomer dana lama tidak di aktipkan kata tunggu hari kerja minggu lebih tidak hasil apa aplikasi mau tipu rakyat,Netral
sangat bantu transaksi,Positif
update makin tidak masuk,Netral
versi lawas,Netral
bagus,Positif
bagus por,Positif
bagus,Positif
bagus,Positif
bagus,Positif
bagus pake dana transfer mudah tidak ribet transfer,Positif
bagus,Positif
bantu,Positif
baik,Positif
tulis koneksi putus pdhl jaring bagus aja tidak bagus up tulis akun tidak ada,Positif
muas,Netral
bagus,Positif
aplikasi uang paling muas,Netral
bagus luck dana,Positif
moga terus kembang,Netral
mohon aktif menu dana cicil akun,Netral
dana bagus sekali transfer terima uang teman terima kasih dana premium,Positif
baru maling pihak dana tidak beli token listrik tapi tau tau ada transaksi beli token listrik transaksi apa pakai kode pin tapi bisa laku tahu oleh pihak dana nyata dana tidak aman kembali uang tidak usah banyak itu kembali uang saya,Positif
sangat bagus,Positif
sangat rekomendasi,Netral
bagus,Positif
sangat bagus aplikasi,Positif
uang sering hilang gatau kmna aplikasi apa,Negatif
sangat puas,Positif
dana aplikasi uang percaya,Netral
makin ribet transaksi jadi gagal duit dana jadi hilang saranin pakai e wallet lain aja,Negatif
mantaaap boss,Netral
baik,Netral
aplikasi dana buruk masa tidak asa langgan aplikasi tiba tiba duit sedot perhati sangat sering sampe cape sendiri,Negatif
bagus,Positif
puas cepat,Positif
update premium tetep tidak transfer,Netral
sangat mudah segala transaksi alhamdulillah uang jd aman tidak boros nyimpen dana,Positif
masuk susah bnget minggu lebih g bisa masuk baik dana nya,Negatif
kalau mau upgrade dana premium kata e ktp nya masalah,Negatif
gila sih lama pake dana transaksi puluh juta tapi fitur dana cicil gaada muncul gilir temen gua jarang pake dana dapet fiturnya,Netral
sengaja beri bintang baca kak gimana cara keluar ktp akun lama so alnya ganti kartu,Netral
baik aplikasi dana bagus,Positif
puas manfaat tpi kadang lambat,Netral
bagus,Positif
bikin kaya,Netral
mntap sekli,Netral
kesal sekali batal langgan aplikasi wetv tenggat tanggal sebut tapi malah uang keluar uang kembali oleh dana sekarang malah tagih akun dana dua kali lipat sudah aju keluh sebut aja tagih sebut di akun dana saya mohon bantu terima kasih,Netral
bagus,Positif
sangat bantu,Positif
definisi sulit diri sendiri tidak sengaja kirim uang sini eh tau akun tiba tidak premium pas mau upgrade sulit banyak banget alesannya tidak sampe sekarang uang tidak ambil,Netral
bagus banget,Positif
perkara kartu hilang wa gabisa akses mau masuk sulit masukin kode otp walaupun vermux heran,Negatif
bagus,Positif
bagus,Positif
oke,Positif
baik,Positif
makin aneh ajh di update malah sering keluar sendiri aplikasi ny,Netral
kadang gabisa buka gatau padahal di update,Netral
lebih baik pecat deh tim it nya masalah kayak gitu aja tidak resin layan buruk pernah alami,Negatif
fine,Netral
aplikasi dana sangat bagus,Positif
bagus,Positif
bagus,Positif
bagus,Positif
gagal verifikasi wajah sendiri malah minta tunggu jam,Negatif
jos jis,Netral
beberapa hari dana lambat tidak untuk laku transaksi apa heran,Negatif
mudah dalam laku transaksi sama ke bank nya,Positif
sangat bgus,Netral
sangat batu,Netral
bayar apa sangat bantu dana,Netral
kren dah bagus,Positif
sangat bantu buat bagus ap game kali kasih colob dong sama game game kaya ff ml pubg,Positif
puas,Positif
baik sangat bantu,Positif
bagus manfaat segala transaksi cepat mudah instan,Positif
mungkin aplikasi rusak,Negatif
sangt bagus,Positif
bagus,Positif
castomer servis tidak,Netral
fitur dana cicil tidak aktif,Netral
sangat bantu bagi tidak punya rekening kerenn dahh,Positif
tidak notif masuk pin,Netral
fitur bagus tpi sulit dapat menu pinjamn nya,Positif
cepat,Positif
oke sip banget kak,Positif
sangat bantu,Positif
sangat baik,Netral
bagus sangat bantu sekali bebb suka banget aplikasi ini rawrr,Positif
sangat bantu moga selalu amanah,Positif
sangat bantu rakyat tengah,Positif
siipp,Netral
sangat guna terima kasih,Positif
dana cicil tidak,Netral
bantu situasi pahit,Positif
bagus,Positif
bagus,Positif
dana tidak ad dana cicil y ka,Netral
buruk tidak butuh bot beri solusi karna jawab bot sangat template tidak bantu sama sekali tidak beri solusi buruk sekali aplikasi nya,Netral
aplikasi banyak kendala,Negatif
cepat akurat,Positif
tolol uang gua dana goals rb gabisa tarik aplikasi bego,Negatif
sangat bantu,Positif
atas nama tidak usah sensor ngirim notifnya terlalu banyak iklan tidak manfaat saya,Netral
tahan kan semua aman nyaman castamer,Positif
bagus banget jadi gampang kalau transaksi,Positif
gelooo minggu lebih jual reksadana belum saya terima hdehh minus bngt deh kalau reksadana dsni,Netral
sangat bantu,Positif
bagus,Positif
sangat bantu,Positif
sangat guna,Positif
dana cicil ko belum aktif,Netral
sangat baik,Netral
mantap,Positif
ka tampil dana instan nya dong jasa transaksi dana sering malah limit dana sering nyampe paling dikit satu bulan juta,Netral
sangat senang,Netral
bagus,Positif
terima kasih,Netral
bagus sekali,Positif
bagus,Positif
mohon bantu tidak masuk ke akun mohon segera bantu nya,Netral
sangat bantu brguna,Positif
bgus,Netral
bagus bagus bagus,Positif
sangat bantu,Positif
sangat baik,Netral
sangat bantu transaksi uang terima kasih aplikasi dana moga sukses terus,Positif
bagus bnget,Positif
bagus,Positif
limit dana cicil sedia tapi tidak di guna,Netral
payah bayar qris tidak masuk tapi uang nya potong layan d hub suruh hub merchant nya,Netral
bagus,Positif
aplikasi dana lebih tahun tapi kok tidak ya dana cicil aplikasi padahal lama lho smntara orang baru download ada dana cicil nya,Positif
dengan aplikasi dana tidak buat kirim pulsa tapi kalau buat transfer malah,Netral
dana bisnis tidak di tarik,Netral
aplikasi sangat bantu transaksi aman kemarin uang hilang langsung balikin emng the best terimakasih aplikasi dana,Positif
tidak bantu sama sekali aplikasi,Positif
isi uang dana ovo ovo potong tapi ko tidak masuk dana yah mohon solusi,Netral
gua iri woy sama temen gua punya dana cicil gua kagak,Netral
cepat praktis,Positif
bagus,Positif
tiba tiba dana ku sedot terus,Netral
gx dana cici y aneh,Netral
oke,Positif
bagus,Positif
ko semenjak update notip dana masuk nya jadi kaga skrang,Netral
penuh inspirasi,Netral
bagus,Positif
tahun tahun pake dana akhir kecewa laku bayar otomatis hal tidak tahu tanpa minta tuju minta bantu refund tapi pihak dana kata tidak direfund pihak dana,Netral
aplikasi tidak karuan byk ganggu mau lihat histori transaksi aja susah sring tidak buruk,Negatif
kurang iklanya bos,Netral
buruk sekali tiba tiba uang potong sendri tidak solusi jelas jelas tidak laku transaksi apa tidak guna aplikasi lagi,Negatif
dana sunggu sangat bantu karna bayar mudah cepat,Positif
dana bisnis kira perlu baik min tidak tari dana dana bisnis dari verifikasi wajah selalu rusak,Negatif
sangat bantu uang,Positif
alhamdulillah ada aplikasi dana sangat bantu terimakasih smoga jauh lebih tingkat lgi,Positif
bagus,Positif
tidak aman nyimpen uang dana uang sya udh brp kali ilang dana,Positif
bagus kk,Positif
sangat baik,Netral
kok baru download tiba dana henti,Positif
bagus,Positif
dana bagus moga layan depan lebih baik,Positif
aplikasi bagus manfaat guna nya,Positif
susah masukkk akunn,Negatif
ribet isi uang,Netral
bagus aplikasi,Positif
dana cepat tidak butuh ribet bagus banget,Positif
bagus cepat,Positif
dana sekarang nggak hutang data tp terus tagih,Netral
buruk uang yang hilang tidak di kembali,Negatif
bagus,Positif
wahhh bagus bangett mudah guna,Positif
loginnya ribet,Netral
dana sekarang ribet isi nya curi semua masa alih uang lama akun baru susah sekali karnakan kartu hilang malah buat muter uang nya di akun lama,Negatif
bagus semua,Positif
buruk lapor kirim tpi uang nya belum masuk jga,Negatif
baik,Netral
uang tiba tiba hilang transaksi tutup tuju minta kembali dana saya buat mau download mending pikir pikir dulu,Negatif
dana kok skrg susah buka suka ngeleg keluar dri apknya di updated bkn tambah bgus mlh tambah lambat terpaks hrus unistall trus instal ulang gin aja terus telah di update,Netral
dana manteppp,Netral
tidak obat pokok cuma tidak minjam sini sayang hehehe,Positif
sangat gampang krim uang ngak ribet cuman satu salah krim uang dana ngak kembali klau salah ketik nomer,Netral
uang dana goals tidak di tarik,Netral
akun ku hilang pas nomernya tidak aktif tolong bantu,Negatif
sangat buruk di apdete beberapa kali ubah nomer sudah ganti ktp tapi tetep tidak saat foto ktp itu foto wajah tapi tidak,Negatif
bgus x,Netral
uang ilang an terus developer tidak mau update aman nya kalau begini terus mending hapus aplikasi nya,Positif
pindah akun hapus akun ribet jadi malas pakai dana,Netral
mudah transaksi uwang digital tapi pusat bantu chat ana nya kalau komplin tanya sma jawab nya udh ting jadi sulit tuk megajukan keluh nya,Positif
bagus,Positif
aplk bagus bngt sangat rekomendasi untuk mudah bayar belanja online jg dipake bayar semua bayar kalau ch sya ksih bintang terimakasih sukses selalu,Positif
sangat baik,Netral
bagus,Positif
mantul banget aplikasi dana,Netral
dong aktvin dana instan,Netral
oke,Positif
simpan uang dana tiba tiba hilang paruh aplikasi gabener nih paman juga pernah alami seperti,Netral
sangat baik cepat praktis buat transaksi,Positif
mudah,Positif
mau masuk aja jaring masalah males banget sumpah make aplikasi,Negatif
sangat muas cepat tepat,Positif
sangat bantu sekali tranans saksi tapi ya tidak fitur dana cicil mohon bantu nya,Positif
sangat bantu,Positif
bagus,Positif
aplikasi logout sendiri guna fitur dana cicil,Netral
baik cukup bantu,Positif
transaksi tidak laku tidak masuk pin dana malah uang hilang buat bayar transaksi pulsa nomor jg tidak kenal uang jg tidak kembali refund buruk pak lama pakai dana percaya malah ini uang k saya besar,Negatif
moga amanah,Positif
bagus,Positif
dana sekarang tidak aman yah kemarin duit hilang rb,Netral
nyaman cepat,Positif
buaguss tenan iki rek,Netral
g tampil selfie pas akun lu proteksi susah dah dah di masukin tapi selalu muncul foto g di up mohon cb lg,Negatif
sangat bagus sekali,Positif
gara telat jatuh tempo hari sudh sya lunasin semua eeh limit tp knpa tidak bsa pakai lg dana cicil nya,Netral
sangat bantu,Positif
sangat batu,Netral
update malah tidak transfer e walet sama rekan dana,Netral
bagus jiwa boz ku,Positif
nabung emas sini makin minus bukan untung,Netral
hati aplikasi dana skrng masa akun dana bisa pake orng dan uang transfer dalam aplikasi kurang sekali aman bahanya law di pake pinjol soal pake ktp sendiri,Positif
dana memang memper mudah segala ngambil uang dmn pin l like it,Positif
cepatbagus,Positif
akun di upgrade premium tagih lunas semua tapi limit dana cicil tidak guna bantu,Netral
dana bagus gampang kirim uang tidak pake ribet,Positif
dana siap transaksi tidak masuk,Netral
aplikasi bagus tpi sayang kemarin bayar pke qris baca gagal uang nya tidak tolong balikin k uang,Netral
bagus,Positif
sering lambat,Negatif
bagus,Positif
luar biasa bagus aplikasi nya,Positif
bagus,Positif
gacorr,Netral
bagus,Positif
bagus pake dana,Positif
aplikasi sangat bosan gada even rreward apake stiap bulan penting gada gera anjir,Netral
bantu sekali,Positif
lanjut,Netral
jangan pake bahasa inggris,Netral
cocok sm dana,Positif
mudah,Positif
mantab,Netral
tidak bayar qris apa kendala,Negatif
sgt bgus bantu,Positif
makin kesini makin tidak jelas nih aplikasi baru isi uang belum dipake tiba aja saldo kosong temenku ngalamin rupa kyk gin mending kalau cuma puluh ribu sampe ratus ribu anjy,Netral
manghapus akun dana,Netral
guna semua pakek dana ewallet,Positif
bagus,Positif
bagus,Positif
terimakasih dana dana aplikasi transaksi baik segmen salah kirim gagal bijaksana dana kembali uang kita dana is the best,Netral
anjir tidak buka uang gimana kalau tidak buka,Netral
dana baik,Positif
makin lama makin buruk dana lambat susah buka,Negatif
bagus,Positif
bagus banget aplikasi dana sangat batu orang kecil kalau rec,Positif
aplikasi bagus e wallet,Positif
cepat dang satset sangat bantu,Positif
bgus,Netral
sangat mudah cepat,Positif
beberapa hari tidak log in,Netral
update mulu pdahal afk lu masalah mau trasansi aja lu tidak pernh konfirmasi enak jidat lu,Negatif
baik,Positif
tidak dana cicil playleter selalu mengunakan aplikasi dana hari saya,Netral
domdig sangat muas,Netral
bagus cuma muncul fitur baru sering telat,Positif
makas dana kembali dana yang hilang,Negatif
baik,Netral
bagus,Positif
oke,Positif
bagus,Positif
selalu tidak klw kirim link aja mohon solusi,Netral
nice,Netral
sangat bantu transaksi lewat dana,Positif
eror,Netral
bagus,Positif
tidak pakai qris harup premenium,Netral
bagus,Positif
jujur buruk hanya guna dana bagus up beli kuota tapi tiba tiba akun di suspend permanen alas bahkan tidak pernah laku langgar tipu,Negatif
sgt bantu,Positif
aplikasi sangat luarbiasa manfaat,Netral
bagus sangat bantu transaksi,Positif
dong baik masa transaksi pulsa listrik mau cek detail tidak kluar jadi tidak isi pulsa listrik code belem muncul karna tidak buka riwayat imbok payaaah,Positif
makin repot aja masak mau ngirim aja mesti update premium tidak jelas ni aplikasi coba tahu mending pakai aplikasi lain akun perifikasi segera kata cuman beberapa menit tapi uda ber jam jam belum selesai jga kayak ngajukan pinjol aja,Netral
kceewa semenjak baru jadi force close sendiri,Netral
timbul kan dana cicil dana istan,Netral
aplikasi uang bisnis ngebantu bange,Netral
bagus bnget bintang bicara,Positif
gx menyelesaykan masalah meski d update malh jadi makin ribet aja ni aplikasi,Negatif
sangat puas,Positif
bagus,Positif
bagus,Positif
bagus sangat manfaat,Positif
kok naro uang sini tidak aman yaa tiba uang say ilang padahal tidak ngelakuin transaksi transfer orang anehhh sekaliii mana gede gimna pihak dana tidak tanggung jawab,Positif
alkhamdulillah,Netral
sering keluar sendiri smakin perlu makin susah,Negatif
aplikasi gaje udh claim dana kaget malah tidak masuk uang nya,Netral
gimana cara aktif fitur dana cicil ka yaa,Netral
kok dana detail riwayat nya tidak buka dan mau minta bantu sama ana jga tidak buka,Positif
moga makin bagus,Positif
dana uda premium tiba data cek uda bulan masa tidak selesai,Netral
tidak ngambil tranfer gimana aduhh,Netral
cepat muas,Positif
sangat baik manfaat,Netral
gimana cara biar pinjam uang dana,Netral
transfer makin mudah,Positif
pliss layan nya bikin pusing banget padahal nanya minta solusi sama ana tpi malah makin pusing bingung,Netral
aplikasi nya bagus sangar bantu,Positif
puas,Positif
update jadi dana premium jadi ngak transfer,Netral
aplikasi sayang bagus buat bayar jadi lebih gampang,Positif
sangat bagus,Positif
sering susah masuk loading lama terus sendiri,Negatif
bagus,Positif
tolong dana cicil aktif,Netral
aplikasi lambat sekali,Negatif
cara mudah terima uang bayar,Positif
akun masuk tapi tiap mau isi uang transfer langsung eror terus pas konsultasi ana masalah baru aktif telah tahun makanya beku aplikasi tolol kali,Negatif
sangat bagus,Positif
bagus,Positif
bgus,Netral
bagus,Positif
bagus,Positif
buruk sih baru masuk ko uang d ambil terang bayar google padahal tidak ngelakuin pembayarran apa,Negatif
sangat puas tp tiap x msk sllu hrus daftar ulang no tlf,Positif
bagus tapi saya tambahin event uang dana gratis dong hehe biar semangat terus pake ni aplikasi,Positif
praktis,Positif
bagus cakep trferan,Positif
bagus banget sangat bantu proses cepat tidak delay,Positif
gajelas,Netral
terbuktiiii sebagussss ituuuuuuuu,Positif
puas,Positif
sangat baik,Netral
padahal sudah buat akun ko buat rusak,Negatif
met tahun baru imlek,Netral
bagus,Positif
kok dana istan blum muncul,Positif
jauh bagus mudah an tetap percaya,Positif
sya puas pake dana bsa bantu,Positif
baik,Netral
sangat mudah,Positif
sangat guna,Positif
sangat bantu,Positif
bagus,Positif
sangat bantu gampang tidak ribet,Positif
aju dana cicil,Netral
saya masuk pin malah salah padahal saya masuk pin nya benar sepenuh nya ini aplikasi nya rusak,Netral
aplikasi dana bagus transaksi apa jadi mudah,Positif
day investasi dana akan di,Netral
bagus,Positif
munculin dana cicil lah pakai dana tahun tahun tapi dana cicil nya kok tidak temen baru satu tahun pakai dana tapi ada dama cicil nya tidak adil nih dana aplikasi tolol makij update malah makin hancur tidak di buka,Netral
bagus,Positif
dong update data pindah premium knpa hari sangat rugi sekali mau kirim uang atas ada bijak update hari bijak ini minimal udh cukup bos,Negatif
kok gada sawit sih cuk cuk apa tidak seru,Positif
sangat bantu terimakasih,Positif
mudah fitur dana cicil,Positif
muas,Netral
dana tidak buat bagus up sering jadi tolak di game pas bagus up sering jadi rusak,Netral
it s a amazing aplication,Netral
makin ribet,Netral
rusak buka aplikasi tidak masuk masuk stuck logo,Negatif
fitur kode tunai bikin ribet tidak usah fitur tidak,Netral
bagus lancar baik,Positif
ya sekarang nggak bayar paket data dana aplikasi my xl padahal kan sudah nautinnya dulu tuh,Netral
dana cicil lunas limit sedia tapi tidak guna dana cicil ny khusus beli pulsa sangat kecewa,Netral
bagus nih terimakasih,Positif
sengaja kasi bintang anak usia tahun masuk dana ada nya bantu ortu mandiri sendiri karna pun baru usia tahun dah hasil uang tiap ortu kirim uang selalu tida bisa tarik pun bayar qr karna mas usia tahun bap moga pesan bisa baca mohon maaf ada salah sampai atau keluh tidak di terimah minta di paca saya ucap terima kasih,Netral
aplikasi terenjeenkkkk mau pakai uang via qris susah nya tengah mati,Negatif
bagus,Positif
aplikasi dana baik,Positif
dana memang bagus,Positif
bagus aplikasi,Positif
dana bagus,Positif
nice,Netral
rating satu biar baca saran dana kaget saran terima jangan leaderboard jadi tahu jumlah kalau barcode nya kayak qris,Netral
is the best,Netral
samapi kapan dana cicil tidak laku,Netral
kalok mau bagus ap gema disring gagal kalok bagus ap sdikit,Positif
praktis percaya,Positif
qris tidak di cetak bantu,Netral
susah mau topuf saya viip,Netral
oke,Positif
sangat mudah transaksi,Positif
baguss banget aplikasi tapi kalau buat sistem nabung pake nentuin tanggal brp baru di buka gtu jadi jadi solusi buat orang orang susah nabung saya tidak konsisten plisss ken nabung tapi gagal trusss,Negatif
bagus banget,Positif
aplikasi is the best,Netral
sukses selalu,Netral
bagus transfer mna,Positif
mana dana cicil,Netral
bagus guna nabung,Positif
sangat bagus,Positif
sangat bantu khusus tinggal pelosok,Positif
belakang in hack alias retas pihak isi uang langsung kuras uang kali tiap ngisi uang langsung kuras habis tampa ad laku transaksi beli uang langsung ambil aplikasi buka lapak padahal sudah ganti sandi n malah tukar no tapi juga aplikasi buka lapak ambil uang uang tampa ad saya laku transaksi beli dan sudah saya lapor nmun tidak ad selesai,Netral
bukan buzzer tapi bagus gopay,Positif
bagus,Positif
gimana sih ribet banget padahal ada pin transaksi aja vertifikasi wajah mana gagal terus balik ke beranda lagi eror apa gimna sihh buang buang waktu banget mau transaksi,Negatif
baik,Netral
mau hapus data dari dana gimana cara,Netral
bagus,Positif
lana banget masuk,Netral
dana instan sama dana cicil tidak pakai padahal uda lunas semua buruk,Negatif
sangat dukung,Netral
paten lah kalau tambah gratis transfer bank,Netral
makin canggih aplikasi,Netral
bagus aplikasi,Positif
oke,Positif
baik,Netral
ingin aktif fitur dana instant,Netral
transfer tumben lama,Netral
bagus,Positif
sangat bantu aplikasi bagus,Positif
tpi sayangg akun ku tidak dana cicil ingin daftar dana cicil,Netral
limit dana cicil sedia tidak di pakai saat lunas,Netral
dana de best,Netral
okee bngett,Positif
bagus lah tapi hadiah nya kurang,Positif
percuma update pake aplikasi guna lama tapi tidak munculin dana cicil alesan tidak logis,Netral
bagus banget,Positif
sangat bantu sangat mudah,Positif
alhamdulillah aman aja pakai dana moga dapat bonus,Positif
di update banyak eror rusak utama chatbotnya,Negatif
tapi belum punya dana instan dana playlater kasih fitur nya bos di aplikasi dana,Netral
sangat baik,Netral
saya mau buka dana di masukin no hp tetep tidak maduk k dana,Netral
mau tutup akun,Negatif
aplikasi buruk aman akun tidak masa akun dana laku bayar otomatis bukan milik customer service tidak butuh manusia bukan chatbooth saya tidak guna layan kalian moga usaha kalian rasa apa saya rasa,Netral
bagus jiwa,Positif
aneh pas bayar jadi eror lebih batas padahal uang banyak,Netral
hebat sekali,Netral
terimakasih,Netral
sangat puas aplikasi mudah dalam laku transaksi,Positif
memang baik aplikasi dana pada lain sangat mudah paham kalau untuk ingin aju muncul fitur dana instan nya ka bantu sudah premium sudah banyak transaksi terimakasih,Positif
sangat baik,Netral
bagus,Positif
sih mau kirim uang dana orangg tidak dipencett pada pas pencet kirim nya pas pilih kontak dana nya ndk bisaaa bantuu,Netral
kenapa habis update aplikasi nya force close terus buka tolong baik terimakasih,Netral
dana cicil tidak di guna tidak sedia bantu nya,Netral
aman mudah,Positif
sangat bagus,Positif
bagus,Positif
sangat bantu,Positif
mudah laku bayar,Positif
mudah transaksi,Positif
mudah transaksi,Positif
sangat guna emak ndak sat set keluar rumah mawu transfer kmren transaksi tnp kuota skrg pake kuota jga bagus fix lah niat semua ibadah jdi indah aamiin,Positif
bagus,Positif
dana cicil tidak muncul muncul padahal transaksi sering pake dana aplikasi tidak bener mending pake goppay,Netral
kasih bintang biar cepat pake dana instan,Positif
sangat puas,Positif
beri akses dana cicil biar guna,Netral
customer nya lambat banget,Negatif
bagus,Positif
saja akun dana blum muncul dana cicil,Netral
bagus,Positif
tidak daftar dana premium nii,Netral
dana cicil,Netral
bagus,Positif
makin tidak ni aplikasi ngeleg mulu,Netral
bagus,Positif
mantaaap,Netral
smoga muncul dana cicil punya blum ad nih,Netral
dana emang mantaappp,Netral
bagus,Positif
sering erorr kdang tidak msuk tiba keluar sndri,Netral
cepat percaya,Positif
bagus sekali moga fitur dana cicil dana instan,Positif
bagus aplikasi simple tidak ribet guna,Positif
sangat aman,Positif
baik,Netral
alhamdulillah,Netral
suka ngasih baik,Positif
sengaja tidak ngasih bintang lama bales nya,Netral
bagus sekali,Positif
aplikasi dana saya percaya sisi aman fitur hampir sempurna,Positif
bagus pake dana moga dana selalu konsisten,Positif
dana cicil,Netral
bagus,Positif
bagus,Positif
bagus,Positif
dana instan belum muncul,Netral
luarrrr biasaaa bagus,Positif
puas,Positif
sangat bagus,Positif
bagus,Positif
bagus,Positif
y bagus,Positif
sangat bagus,Positif
makin kesini makin buruk padahal dulu percaya sama dana selalu bagus up transfer bayar aja pake dana sekarang buat masuk dana aja malah jaring masalah silah coba dalem baru aja bagus up banyak buat keluar tinggal scan transfer lah pihak dana segera atas masalah sebut banyak kaya gitu lohh sudah lama masa tidak dibenerin,Negatif
dana cicil tidak muncul akun uda premium uda th,Netral
ngebug kadang tiba tiba kalau buka aplikasi sinyal langsung buruk padahal kalau buka aplikasi lain bagus kok sinyal,Netral
bagus,Positif
sangat baik,Netral
mau premiumin tpi tidak ad provinsi ntb nya,Netral
dana instan selalu gagal padahal bayar tidak pernah telat tapi proses slalu gagal,Negatif
bagus,Positif
aman percaya,Positif
mudah an benar manfaat,Positif
banyak kendala tidak lancar aplikasi dana mengjengkelkan sekalli,Netral
aneh dana cicil ko ilang telah baru ganti nomor soal nomor udh tidak aktif magknya ganti nomor malah dana cicil sya hilang,Negatif
layan jamin nyaman aman,Positif
sangat bantu km,Positif
aplikasi tidak layak pakai bagus up tidak masuk tidak pemberitahuan pasti entah mutasi riwayat transaksi adu malah suruh chat sama bot layan tidak muas aplikasi korupsi,Positif
eror terus sih kak,Netral
daily checkin rusak mulu masa tgl dapet koin hari terus tgl malah balik hari hitung tidak lanjut hari rusak begini tahun lebih tidak ubah pihak kalian,Negatif
bagus,Positif
sangat guna,Positif
dana sangat bantu susah,Netral
amanah,Positif
sangat bantu transaksi,Positif
semourna,Netral
bagusmbatu,Positif
woi lah aplikasi keluar keluar sendiri terus terus tidak jelas banyak fitur sih,Netral
senang punya dana udh tidak susah mau transfer uang tinggal lewat dana terimakasih,Negatif
atas kode otp email sudah tidak aktif nomor aktif pin ingat tidak masuk lol tidak jelas,Netral
sangat lancar,Positif
sangat bantu,Positif
akun tidak bsa akbet dana premium,Netral
senang,Netral
tidak ribet mudah guna,Positif
bagus cepat bantu,Positif
apa sebab tari uang melolo dana tulis aplikasi dana minta masuk kadaluwasa,Netral
jangan kalian pakek aplikasi dana jebol uang hilang sendiri,Negatif
bagus bagus,Positif
sudah aju refund atas transaksi produk beli tidak saya terima ada kembali saldo sya sudah lengkap isi formulir saran ana bisa jawab itu saya harap segera di tangan cepat refund lebih cepat terimakasih atas waktu,Positif
punya uang dana tapi tidak buat beli beli dana bosok,Positif
aplikasi sangat baik mudah guna transaksi dsmua marchant sangat bantu,Positif
sangat bantu,Positif
ini baru buka aplikasi dana uang hilang rb mau lihat riwayat transaksi kurang jelas ya jadi rugi sendiri,Negatif
bagus bagus,Positif
imbal dana tidak jelas kata hari tpi kadang nambah kadang dilewatin,Netral
aplikasi aneh tiba tiba uang dana potong padahal tidak laku transaksi jujur buruk banget duit hilang saja,Negatif
aplikasi rusak blank putih tidak apa tidak hubung ana tidak jelas,Negatif
kan gegarandeerd veilig en onder controle zijn maar kan niet lenen,Netral
bagus,Positif
lama saya rasa sangat ter bantu aplikasi dana,Netral
aplikasi enak sekali bantu untuk masalah uang,Netral
bagus,Positif
bagus sekali transaksi mudah cepat aman,Positif
sering transaksi tapi fitur dana cicil saya belum muncul njir,Netral
tidak jelas banget mau kirim uang tpi suruh upgrade premium terus,Netral
sangat bantu,Positif
dana cicil tidak kemarin bulan tidak aneh bnget sudah minta bantu tpi apa tim dana sama sekali tidak selesai nya bulan trus gmna,Netral
bagus,Positif
dana cicil belum di guna min,Netral
bagus,Positif
the best,Netral
bagus,Positif
sangat bagus,Positif
is the beast,Netral
cuma mau ganti no aja per sulit aplikasi tolol,Negatif
sangat suka,Positif
bagus lumayan bantu,Positif
sangat bagus,Positif
kok dana cicil gamuncul saya,Positif
sipppp,Netral
suka ngestuck diloading screen lama sekali,Positif
aplikasi buruk,Negatif
tidak brguna bnget layan tidak kasi solusi kita salah kirim sistem barcode jg tidak brfungsi,Netral
bagus sekali,Positif
bagus,Positif
sangat bantu transaksi,Positif
bagus,Positif
apa apa sudah jelas kata sandi tidak rubah mau masuk tidak masuk aplikasi tidak recoment malah salah sandi uhhh sebel,Netral
dana tidak terima transfer bank maupun dana,Netral
okebaget,Positif
bagus,Positif
sangat bagus buat bayar apa,Positif
bagus,Positif
keluar mulu,Netral
di bantu tidak salah kirim uang no sudah tidak aktif tidak dana nya gmn,Netral
bagus,Positif
bagus sangat bantu cuman kasi gampang ajanurusan nya buat dana cicil,Positif
mantul,Netral
sangat penting milik,Netral
sangat bagus,Positif
sangat bagus,Positif
nice,Netral
sangat bagussssd,Positif
bagus aplikasi,Positif
i love dana,Netral
mantaap,Netral
moga sukses,Netral
sangat baik bantu tuk transaksi bank bagus lah pokok,Positif
sangat mudah urus keuangn,Positif
moga lihat karna bintang moga dana cicil bisa sedia karna tunggu beberapa bulan lalu,Netral
uang sering hilang kalau sih,Negatif
makin mudah,Positif
dana cicil belum,Netral
alam pertama transfer lewat dana suruh nunggu x jam buat transaksi sukses padahal transfer an penting sekali kapokk pake danaa,Positif
tiba tiba dana tidak buat transaksi buruk,Negatif
sangat suka,Positif
lama pakai dana tapi tidak fitur dana cicil,Netral
uang keluar masuk selalu kena potong,Negatif
mantappp,Positif
fitur dana cicil nya muncul min akun udh premium semua udh bijak atur dana udh ikutin smua kok tidak muncul fitur dana cicil nya,Positif
pijma dana,Netral
bagus,Positif
rekomendasi,Netral
god dana,Netral
dana cicil tidak muncul harap,Netral
selamat mlm kmi mohon bantuanya kmi alami gendala tida tuo up dimond senack video,Netral
bagus,Positif
bagus sih tahan kan aman nan dana nya biar tidak susup,Positif
bagus,Positif
sudh lama pakai dana tapi fitur dana cicil sama dana instan aja tidak,Netral
terimakasih dana,Netral
kasih bintang lima tpi bos di baik pas lojin sering mental,Netral
biar baca tahun tahun pake dana tidak perna muncul tuh dana cicil dana instan dana pinjam hadew,Netral
luar biasa dehh,Netral
cepat,Positif
ni aplikasi ya mau transfer dri gopay dana kok sedang baik cek in a malah suruh verifikasi akun segala parahhhh nihhh minggu lebih,Netral
bagus tapi paylater belum,Positif
kasih bintang karnakan dana instan susah sekali muncul padahal semua kentuan laku saya sangat buruk aplikasi dana,Negatif
perhati semua guna aplikasi aplikasi tidak aman uang hilang transaksi tidak jelas jg tidak langgana google sama sekali sudah minta aju kembali dana beberapa kli sama sekali tidak hasil uang tidak sudah coba bagai cara apa memang ulah tugas sendiri jadi saran saya lebih baik mikir mulai sekarang masih mau guna aplikasi,Netral
dana alvikasih nyaman,Positif
mau pindah kan akun kan nomor baru nomor lama hilang hape hilang kata masuk dulu akun lama hapus aset gimana mau masuk coba tidak logis lagi yaudah gapapa reset ulang aja yang penting akun balik padahal kyc buruk berat sama dana begitu sulit mending gopay aja lah kalau gin,Negatif
sangat bagus,Positif
bagus,Positif
oke,Positif
cepat transfer,Positif
makin susah keluar sendiri,Negatif
akhir akhir asal mau buka aplikasi dana ko lama keluar sendiri aneh,Netral
puas,Positif
upgrade premium hari lalu coba daftar dana bisnis kappa jadi rusak suruh upgrade dana premium daftar dana bisnis saya tekan upgrade nyata sudah verifikasi saat saya tekan beranda ulang untuk daftar malah suruh upgrade premium ini memang delay apa saya tidak tau tapi cepat fix saya tidak daftar dana bisnis suruh upgrade dana premium ulang hasil tetep sama,Netral
mantaaab,Netral
sangat puas,Positif
bagus bagus,Positif
sangat bantu,Positif
oke banget,Positif
heran aplikasi baru lu force close mulu utama android bawah ampas banget dah,Netral
bagus,Positif
sangat bantu semua transaksi sangat cepat mudah,Positif
kok mau liat detail bayar rusak mulu mohon baik,Netral
sangat mudah butuh hari hari,Positif
bagus,Positif
kirim uang kena perak loding lama sekali lambat bukan hp lambat aplikasi,Negatif
bagus,Positif
tahun tahun pake dana tetep sering transaksi pake dana tetep aja fitur dana cicil sama dana instan tidak muncul ngemis mohon di muncul jawab tetap sama tunggu hari,Netral
belum aktif dana cicil nya,Netral
aplikasi nya bagus cuma belum muncul fitur dana instan nya,Positif
tidak,Netral
dana cicil belum sedia padahal sering transaksi dana,Netral
sangat bantu,Positif
aplikasi dana sangat aman percaya,Positif
aplikasi sangat bantu,Positif
baik,Netral
nomor daftar tapi nomor nya hilang harus minta code otp padahal proses scan wajah min bantu biar bisa masuk akun kurus prifasi wajah terimakasih,Negatif
transaksi cepat aman,Positif
bagus,Positif
voucher tagih makin buruk abis,Negatif
bagus sekali,Positif
halo pihak developer mau lapor sedikit masalah akun dana akun sudah aju sana premium saat akun dana jadi tidak premium jadi mohon pihak dana baik masalah terimakasih,Negatif
sangat bagus,Positif
bagus lebih buat aman konsumen,Positif
kasih bintang akun dana verifikasi otp mana nomor tidak aktif ada uang dalam kalau sudah normal kasih bintang,Netral
dong masuk pihak dana di aplikasi dana punya tagih dana cicil belum lunas tapi pas mau bayar saya update aplikasi dana malah sekarang dana cicil nya hilang kalau tidak bayar nanti dapet denda bunga kalau sampe numpuk emang pihak dana tidak becus,Netral
sangat bantu semua orang,Positif
bagus sangat bantu,Positif
baca tolong kasih jalan keluar jalan buntu sekali tiba verifikasi ulang pdhal semua trupgrade di suruh chat ana tapi balas tidak nyambung tidak beri jalan keluar,Netral
sagat bantu,Positif
mudah guna buat transaksi,Positif
yah penguna lama beberapa tahun sekarang muncul fitur dana cicil dana instan tidak kasih fitur nya yah tolonh baik dongg,Netral
bagus,Positif
aktif vitur dana cicil,Netral
fitur dana cicil tidak pakai buruk sekali,Negatif
cepat lebih gampang,Positif
manfaat,Netral
mntaaap,Netral
mudah laku transaksi,Positif
bagus dev tahan lebih tingkatkat,Positif
e walet sampah akun akun kedok judi online biar daftar sini hapus aja aplikasi sampah,Netral
bagus,Positif
dana juga guna beli alat tulis alat sekolah saat senang sekali pakai dana me hepiii,Positif
layan bagus tingkat terus,Positif
bagus,Positif
bagus syekali,Positif
aplikasi paling mudah tidak ribet lebih banyak untung tidak kena tarif bulan nya bisa buat tabung,Positif
bener praktis,Positif
bagus aplikasi,Positif
kasih bintang ko sekarang pas mau masuk dana malah balik layar utama,Netral
aplikasi sangat bagus,Positif
sangat bantu,Positif
sangat senang,Netral
aplikasi ada ganggu terus kemarin transfer ewallet shopeepay dana nya hasil uang potong tidak masuk shopepay nya dong uang cepetan balikin soal uang nominal jta loh bukan uang kecil saya di tingkat layan nya,Netral
dana oke,Positif
baik,Positif
tidak jelas dana cicil tidak bsa pake,Netral
bagus baik,Positif
sih aplikasi sering keluar sendiri tiap transaksi jadi gagal aneh,Negatif
tidak dana cicil,Netral
bagus,Positif
uang hilang,Negatif
bagus job,Positif
oke,Positif
bagus,Positif
bagus,Positif
bagus uyyy,Positif
bagus,Positif
sering ngebluk habis baru tidak pakai dn keluar sendiri,Netral
susah sekali masuk si jarang bagus bantu baik dong,Netral
g transfer tdi woyyy benerin masa tidak transfer metode qiurys buruk ganggu trusss,Negatif
sangat bantu,Positif
aktif dana cicil,Netral
bagus baik,Positif
sangat bagus,Positif
bagus,Positif
update mulu ganggu transaksi dihh,Netral
lagi ngatri qris jangan tidak pakai woy,Netral
tambahin hapus riwayat dong,Netral
cukup puas,Positif
sangat bantu,Positif
mantab,Netral
dana biniss nya g,Netral
sangat bantu,Positif
sangat bagus mudah transaksi,Positif
aktifknan dana cicil,Netral
dana update normal tiap laku bayar lewat ewallet tapi di update kini makin sulit informasihnya jaring mati hp lah informasi aman makin ngawur saja nyesel telah di update mending tidak update,Positif
mudah cepat ribet,Positif
jangan nyimpen uang dana guys dana nya potong sampe gua gitu kali trus tidak balikin sudah minta customer kalau mau nyimpen uang brimo aja aman dana mah tidak aman apa layananan customer nya buruk bangettt sumpah,Netral
bagus belum temu kendala jauh,Netral
kacau uang hilang aja minta lapor malah tidak proses,Negatif
josss,Netral
sangat bantu,Positif
dana emang bagus si cuman sangat kurang segi promo cashback diskon dalam apnya tidak tarik tidak gopay shopeepay maaf min kalau banding bagus aja saran q,Positif
aplikasi tidak limit tidak naik padahal bayar selalu tepat waktu tahun lebih guna dana cicil dan instan tidak kapan komplain alas nya banyak transaksi aplikasi tidak jelas,Netral
sangat bagus bantu,Positif
pun dana sya pernah kena hack kasih b tingkatin aman nya donk,Positif
baik baik,Netral
bagus banget,Positif
bagus,Positif
bagus,Positif
bagus bagus,Positif
alhmdulillah dana banyak manfaat,Netral
karna tidak rusak,Negatif
sangat jelas mudah erti,Positif
sangat puas,Positif
baik,Netral
aplikasi cacat ngk layakk guna full bugg lebih guna gopay ini,Netral
bagus sekali,Positif
bagus,Positif
makin kesini makin buruk sering upgrade tp sering eror kadang tidak buka jaring aman aja tp dana selalu eror bukan baik malah bikin program tidak dana lebih baik pindah platfom dari dana gampang eror,Netral
bagus,Positif
berapa lama proses upgrade premium dana,Netral
baik knapa tidak buat transaksi yah beberapa hari ini gagal trus juga server sedang sibuk tingkat agar tidak kendala sangat menggangu,Negatif
bagus,Positif
bagus,Positif
sangat wowwwwww,Netral
sangat sangat puas bangga guna aplikasi dana,Positif
barusan update kok muncul yaaa suruh update,Positif
pin tidak pernah ganti tiba tidak masuk,Netral
jamin ama cepat,Positif
baik tapi jangan loding nya lambat nn,Negatif
bagus,Positif
bagus,Positif
bagus,Positif
gagal install,Negatif
saya tidak transfer antar bank tak coba semua cara si ana tidak yang hasil rusak sistem terus muncul transfer,Negatif
kasih bintang moga depan uang aman g yang curi muncul dana instan,Positif
bos dana cicil tapi tidak ada limit nya gimana,Netral
sangat puas,Positif
bagus,Positif
bagus,Positif
baik sistem eror jam wib,Netral
serig uang sedot jadi hilang,Negatif
bgus sekli,Netral
lama cuma buat masuk doang kalau perlu dadak tidak jadi tolong cuma mau beli pulsa doang masuk nya lama suka menu,Positif
dibutuhin buat bayar bpjs ribet kaya gin malah ngelag gabisa dipake gimana si dana keburu mati orang,Netral
cool tapi tingkat aman,Positif
bagus,Positif
bagus,Positif
uang sedot ghaib tiba padahal tidak rasa langgan sama sekali bahkan history google check ulang kali tetap sama tidak jejak refund tidak sudah rasa tidak aman aplikasi ty for almost th tidak percaya aman data sini,Positif
ganggu trs ih pdhl mw isi ulang trs hrs diapain saldo kl g kpke,Positif
guna lama tapi belum dana cicil instan,Netral
mudah guna tidak ribet,Positif
kereen bagus,Positif
baik,Positif
mudah bayar tp sayang dana cicil tidak,Positif
aplikasi sangat manfaat,Netral
bagus buat semua,Positif
aplikasi tidak jelas mau premium aj susah suruh nunggu hari tidak juga,Negatif
napas aplikasi nya suka keluar sendiri hadehhh,Positif
aman enak pakai mantaflahhh okkk,Positif
bagus,Positif
dana kok lambat banget uh nrima trnsfer payment lambat banget dong bagusin dikit internetnya,Positif
aplikasi sangat baik,Netral
lumayan sangat bantu,Positif
aktif dana paylater bagaimana,Netral
sangat bagusss,Positif
sangat bantu tapi dana fitur dana cicil tidak aktif mohon bantuanya,Positif
d bantu biar dana cicil,Netral
d update buka bagus keluar terus,Positif
okee,Positif
kasih bintang dulu karna ngebugg banget keluar sendiri,Negatif
bagus bos aplikasi dana nya sangat bantu thank bossqu,Positif
kok tidak masuk gimana ni dong,Positif
sangat bantu,Positif
mudah cepat biaya tambah apa,Positif
bagus,Positif
the best,Netral
dana nya kadang loading lama,Netral
bagus,Positif
simpel and cpt,Netral
moga dana cicil aktif pakai dana paling aktif transaksi jt atas tiap bulan pakai dana dari tapi dana cicil belum aktif sama sekali kalah sama baru download aktif dana cicil nya mohon kerja sama nya layanin guna lama baik,Netral
apl nya kok ilang sendiri tpi google plestore uda terinstal,Positif
sangat bantu,Positif
sangat baik,Netral
udpate terus tapi tetap susah masuk nih makin kesini makin rusak update tuh,Negatif
tlg aplikasi nya ngelag mulu gagal mulu masuk akun pdhl butuh tlg baik udh lebih x masuk akun tidak bisa pdhl sinyal lancar aman kuota jg aman eror mulu aplikasi nya cape gimn mau ambil uang nya,Positif
baik,Netral
sangt bantu,Positif
bagus banget,Positif
sangat baik,Netral
bagaimana saya tidak masuk aplikasi dana ya,Netral
its okey,Positif
susah buka dana sayah,Negatif
dana emang oke bagus luar biasa mudah segala,Positif
tidak laku transaksi apa tiba dana ku sedot bayar video capcut refund min,Netral
oke,Positif
bagus,Positif
tes dlu az,Netral
fitur dana cicil nya belum muncul bantu proses,Netral
lumayan baik,Netral
aplikasi nya tidak tanggung jawab uang sedot sendiri saya chat ana tidak tanggap jelas,Netral
sengaja ngasih bintang lima biar baca nih akun dana nya udh isi terus mau bagus up game eh kata akun dana duit nya kurang padahal cukup loh malah lebih,Positif
aplikasi kenapa mau msk payh msk keluar sendiri dong diperbaikii,Netral
dana cicil nya malah gabisa pake nya lancar lancar aja,Positif
dana cicil tidak guna aneh sekali padahal tidak telat bayar lalu tapi mau guna tidak aneh dana lama lama uinstal tidak bantu sama sekali,Positif
bagus muas,Positif
mudah kirim uang,Positif
sangat manfaat sekali perlu desak cepat mudah guna,Positif
sangat bantu,Positif
bagus,Positif
dana batu jadi lebih hemat belanja juga bisa ambil akun dana orang,Netral
sangat baik,Netral
aplikasi delay,Netral
bagus,Positif
bagus,Positif
bagus banget enak kalow ngemicet jadi simpel teransaki yah,Positif
sangat puas,Positif
segera cepat lancar guna aplikasi agar dapat mudah transfer setor dana,Positif
sangat bagus,Positif
limit dana cicil tidak bsa d pakai padahal semua tagih d bayar,Netral
enak dueke gaisok ilang,Positif
bagus,Positif
bagus,Positif
bagus,Positif
pas ganti nomor dana tidak notif pas transfer,Netral
pesan masuk cepat kan lah,Positif
bagus,Positif
bagus sekali sangat membabtu tapi dana goals nya coba ubah pakai pin aja jangan pake face soal nya ribet,Positif
rusak nya,Negatif
masuk sekian detik tiba out anehhhhh,Netral
bagus sekali transfer antar bank cepat banget,Positif
lama guna dana transaksi tapi tidak fitur dana cicil nya,Netral
aplikasi bagus tapi layan costumer servicenya sampah hati hati kalau simpan uang aplikasi dana sekali aplikasi ngak aktif balikin nya setengh mati,Netral
kirim nya gampang banget,Netral
fitur dana cicil nya tiba hilang aneh dana mh,Negatif
aplikasi e ewallet sangat bagus,Positif
uang ku hilang sendiri aplikasi jelekk jangan pakek tidak masuk verifikasi malah hilang sendiri aplikasi jelekk,Negatif
ganti nomer uang tidak masuk ribet ni aplikasi,Netral
beli reksadana ribu tapi di proses aplikasi banyak rusak baik system bagus kalau aplikasi dana begini terus akun banyak pindah telat transfer,Netral
susah kirim uang,Negatif
bagus,Positif
baru masuk nomor ngak masuk,Netral
aplikasi sanggat bantu transaksi moga akun segara buka fitur dana cicil nya saya coba fitur baru dana,Positif
nomor dana hilang gmna cara loginny,Negatif
sangat bagus,Positif
bagus,Positif
sangat baik,Netral
sangat baik,Netral
memang jadi salah satu cara baik transaksi,Positif
lumayan jempolll,Netral
bagus,Positif
masih pake akun dana di hapus ap gajelas uang di ambil tampa transaksi apa,Netral
di tidak dana cicil,Netral
cepat lebih praktis pakai dana,Positif
sgt bantu dlm transaksi,Positif
bagus job,Positif
gal kk suruh transaksi jual tapa rumah gara transaksi pakek dana dana cicil tidak guna ampun daa uda bikin lapor ituu bintang segala bintang di kasih tidak mau juga lg mungkin capek pakek aplikasi ituu bintang semua fitur dana cicil hilang kata suruh hapus chache,Negatif
moga dana cicil segera muncul,Netral
terkadang suka rusak,Netral
transaksi banyak tp fitur dana instan dan cicil tidak muncul dana,Netral
tidak kondisi aplikasi dana mending ganti aplikasi ewallet lain percuma th sudah lunas seluruh tagih dana cicil sampi sekarang th saja tetap tidak guna,Netral
hilang duit dri ribu tinggal ribu,Negatif
bagus,Positif
b krn belum yakin tahap uji coba guna harap masa depan bisa percaya,Netral
gag masuk gimna nihhh,Netral
bagus buat kirim uang,Positif
force closed terus kalau buka fitur aktifitas makin kesini malah buruk,Negatif
bagus layan nya,Positif
mau hapus akun sulit layan ana tidak bantu sama sekali,Positif
sangat bermangpaat,Netral
suda tahun pake dana tapi fitur dana cicil ko tidak,Netral
sangat muas,Netral
sangat baik,Netral
sangat aman,Positif
baik,Netral
baik,Positif
jadi kelas,Netral
sangat manfaat,Netral
sangat bantu,Positif
love dahh pokoyah,Positif
sangat bantu bayar jadi mudah,Positif
filtur dana cicil g mau scen barkot qris sering eror,Netral
baik,Netral
luarbiasa cepat,Positif
suaah masuk,Netral
sangat butuk,Netral
bagus,Positif
bagus banget aplikasi nya gratis transfer bulan minim biaya tugas dong dana jamin lps nya tunggu,Positif
pake dana emang enak n sangat bagus,Positif
luar biasa pokok,Positif
aplikasi rekomendasi transaksi bagus lancar ada picture episie suka sekali dana,Positif
bagus sangat,Positif
lumayan bagus aplikasi dana tapi napa ad jadi baru isi ribu belum lama cek udh hilang duwit nya,Netral
bagus,Positif
suka transfer jadi mudah,Positif
dana henti lambat,Negatif
sangat bagus,Positif
baik,Netral
bagus,Positif
puas,Positif
baik,Netral
sangat bantu,Positif
bagus,Positif
saya tidak masuk akun dana,Netral
bagus,Positif
baik,Netral
kak maap kan guna aplikasi dana lama tapi maap knapayah aplikasi tida pitur dana instan nya mohon maap,Netral
aplkasi baik lahh,Positif
transfer cepat banget,Positif
bagus banget,Positif
aplikasi sangat batu bertransper yang nya,Netral
bagus,Positif
senang sangat suka aplikasi dana cara kirim tarik mudah gampang banget,Positif
sangat bagus,Positif
bagus banget,Positif
bagus,Positif
di bantu pulih fitur dana cicil sudah kali guna fitur dana cicil aman tidak kendala pas mau guna lgi malah tidak baca dana cicil tidak sedia padahal belum sudah pernah pakai tapi pas mau pakai tidak mohon bantu pihak dana,Netral
kok selalu minta baharu selalu keluar aplikasi kalau di baik dong,Positif
mantab,Netral
bagus,Positif
bagus,Positif
sangat muas,Netral
trimakasih dana sangat membntu transaksi,Netral
sangat bantu,Positif
baik,Netral
sering mental keluar sendiri bos kenapa ini udh hapus cache masih sama udh sering bagus up uang aktif transaksi dana fitur dana cicil tidak buruk emg segara baik bos,Netral
akun dana tidak upgrade dana premium padahal jelas status beranda di upgrade tapi tetap tidak ubah malah mode biasa fitur ana tidak bantu sama sekali dong untuk fitur lebih ke dengar keluh lebih baru tanya apa masalah belum selesai muncul apa padahal bukan itu masalah,Netral
bagus,Positif
bagus,Positif
isi kuota gb masa aktif haru tapi nda masuk rugi k hadehhh gabisa percaya,Negatif
baru kali saya sial pake dana padahal to up dana tapi masuk masuk,Netral
dana sangat bantu tari kirim bagai bank,Positif
bagus,Positif
kok makin kesini makin susah masok tidak tanggap gimana ini booos,Netral
fitur dana cicil nya saya belum di guna,Netral
bagus,Positif
bagus,Positif
bagus bagus aja siii,Positif
tiap masuk selalu mental,Netral
sangat bantu tapi dana cicil nggak muncul sudah tahun pakai aplikasi dana,Positif
bagaimana cara masuk akun lama tapi nomor mati dapat verifikasi bisa lewat email tapi bisa verifikasi lewat sms whatsapp bagaiamana buat pindah akun nomor baru susah kali kali gagal terus buruk nomor sudah mati binggung dah di mudah sama sekali,Negatif
aplikasi sangat bantu untuk kirim uang,Positif
update terus ngbug berat,Negatif
mantull,Netral
ngelagg suka ngefreeze gtuh hp gua samsunga ram masak masuk scrol lngsung ngelag hbis tu kluar sndiri ulang kali,Positif
sangat baik guna,Netral
benar oke banget mudah transaksi aman cepat tepat trima kasih ada aplikasi dana jadi tidak ribet,Positif
bagus up gratis jangan kurang lah,Positif
buruk pake dana pikir cuman isu sering hilang uang teryata bener ngalamin dah kapok ada korupsi teryata dana saranin jangan pake dana kalau mau ilang uang mending pake seabank aja,Negatif
kurang ajar bayar asuranssi bulan aju klaim tolak mulu mau akhir asuranssi malah eror teru bayar langsung otomatis tidak,Netral
mntap,Netral
minta solusi dong uang dana bisnis tidak d tarik hampir satu minggu gimana sih aplikasi dana,Netral
aplikasi susah masuk logout sendiri terus segera baik,Negatif
bagus,Positif
cukup bgs,Netral
proses transfer sangat cepat,Positif
bagus,Positif
sippp,Netral
dana ada biaya tugas hilangin lah biaya tugas nyaa,Negatif
sudah lama pakai aplikasi dana tapi fitur dana cicil nya belum aktif,Netral
sangat bagus,Positif
tidak ono dana cicil,Netral
sudah lama pakai dana sering transaksi tp dana cicil belum sedia gmna sih,Netral
ya dana sekarang susah masuk nya padahal lmayan bantu,Netral
cepat praktis bravo,Positif
instal ulang,Netral
puas pakai aplikasi dana,Positif
di baik soal pin nya lupa terus gua klik malah masuk,Netral
kaga upgrade premium,Netral
dana sangat luar biasa terima kasih,Netral
aplikasi nya bagus cuma gada fitur paylaternya,Positif
sangat bantu,Positif
ya min member lama dana tapi belum dana cicil,Netral
bagus,Positif
tidak di updred,Netral
lupa pin mau verifikasi wajah gagal terus solusi gimana,Negatif
macam mana selalu keluar je ta masuk lah,Netral
aplikasi bantu sangat bagus suka,Positif
bagus,Positif
minggu ngurusin akun d beku trus uang nya tidak bres trus tidak tanggap makin kesini tidak waras aplikasi dana buruk,Negatif
sangat batu,Netral
bagus banget,Positif
dana goals stuck layar putih terus tidak terang apa mau narik uang susah tidak pilih apa buruk,Negatif
aplikasi aneh duit ilang k tadi baru transfer eh tidak lama kemudian sisa k aplikasi macan apa gni,Netral
dana skarang oke pelayananya bagus amananya oke,Positif
mau upgred dana premium tapi tidak ya,Netral
baik,Netral
terkadang sulit d buka,Netral
bagus,Positif
baik,Netral
kenapa akun dana tidak di isi uang lg sh aplikasi sampah,Negatif
bagus banget,Positif
m bengking lgi tidak di guna dana lumayan bantu,Positif
bagus,Positif
bantu,Positif
cobs dulu,Netral
jos,Netral
tidak transfer dri dana gopay yang salah nih sistem nya bagus banget si wkwkkw,Positif
alhamdulillah,Netral
simpel optimal transaksi,Netral
akun kok tangguh developer kasih jelas nya,Positif
masa iya langsung potong otomatis gadk konfirmasi dulu,Netral
bajuz tingkat min,Netral
hatix aplikasi dana saya alami modus tipu transfer transaksi uang lalu aplikasi dana transaksi hasil no tuju uang terkikirim no tuju tidak masuk masuk tidak tanggap pihak dana selesai,Negatif
bagus,Positif
baqus lancar,Positif
dana tiba tiba hilang tidak dibalikin aplikasi buruk,Negatif
sangat puas,Positif
bagus,Positif
bagus,Positif
sangat bagus,Positif
bagus,Positif
sesuai piktur banyak promo,Netral
hampir tahun pake aplikasi tapi sampe sekarang fitur dana cicil sama dana instan belum buruk banget,Negatif
bagus,Positif
buruk banget uang dana tidak refund,Negatif
bagus banget,Positif
dana nya makin sini makin buruk tidak masuk mental trus dong baik gaush naek versi trus,Negatif
aplikasi tidak ribet sangat praktis mudah aman pokok bagus,Positif
bagus,Positif
dana dah mau masuk aplikasi mental mulu ganggu banget buru buru transfer malah kendala kayak gin bersih cache update tapi aja tidak bisa masuk dana,Negatif
sukaaaaa,Positif
mau ganti nomer tlpn tidak mau hapus akun tidak buruk ribet baget mending pake belah aja tidak ribet buruk banget mau hapus akun aja ribet belit belit sulit hapus akun dana ribet ribet hapus akun atau blokir akun,Negatif
sangat bagus,Positif
aplikasi sangat bantu tapi keluar kan fitur dana cicil saya transaksi banyak lebih nya no komen,Positif
reksadana gagal jual terus,Negatif
uang sedot terang langgan suatu aplikasi padahal tidak sama sekali langgan aplikasi sebut,Netral
aplikasi sangat guna sekali transaksi segala butuh sehat hari,Positif
bagus,Positif
sipppp,Netral
sekarang jadi ngeselin transfer cuman ribu tidak kirim proses jam update x jam duit balik uang dana,Netral
bagus buat kirim duit aja,Positif
tarik uang dana dana bisnis jadi eror apa jadi,Netral
gajelas dana masa bayar dana cicil gabisa pakai aneh,Netral
dana cicil tidak guna padahal limit sedia aneh,Netral
aplikasi dana sangat buruk terlalu sering rusak,Negatif
aga buruk karna lain dana cicil nyh saya belum aneh padahl guna lama,Negatif
bagus,Positif
bagus,Positif
bagus,Positif
mudah guna flexibel,Positif
bagus,Positif
sangat puas,Positif
baik,Netral
kanap pitur dana instan blum muncul,Netral
sangat bantu,Positif
gimana aman dana uang hilang daya lapor malah sulit tidak pasti sekarang tidak narik uang gimana dana sekarang makin update makin tidak jelas aplikasi dana,Netral
aktif dana cicil akun,Netral
sangat bagus,Positif
aman ko asal tidak teledor,Positif
sih yes,Netral
aplikasi lumayan bagus tabung terima transfer uang cuma satu keluh tolong fitur tabung emas ada aflikasi saat buka ko lama baru buka lambat banget awal lancar buka tapi lama lama lama banget nunggu baru buka ngk baik fitur biar cepat kalau mau buka pas mau jual beli transaksi emas ngk pending trus mohon cepat jangan lambat,Positif
bagus,Positif
bagus,Positif
dompet digital bobol orang hati hati semua bisa hilang uang sendiri habis bobol uang hilang jt lapor ke pihak dana malah tidak nyambung jawab,Negatif
asalamualaikum,Netral
sangat bagus sekali,Positif
baik,Netral
kenapa tidak bis msuk akun premium ka karna no tidak aktif jadi ktp g msuk cb ganti nomor tetep g tolong,Netral
bagus,Positif
saya lumayan bantu,Positif
makin lambat banget aplikasi dana pdahal ud update,Negatif
sangat buruk sangat jengkel tidak tanggungjawab y transaksi tak kenal biar notif tanpa minta pin dulu dana jadi transaksi luar kendali sdah pake dana hati lebih baik ambil uang dna pindah mbanking yang aman sangat buruk pihak dana,Negatif
bagus,Positif
mudah guna,Positif
iya cici sma dana instan tidak aktif saya mau aju,Netral
puas dg dana semua transaksi,Positif
sangat bantu,Positif
dana cicil ada rb tapi tidak pakai padahal bayar nunggak uda bayar uda hari masih tidak mending hapus aja tu fitur saya uninstall ni aplikasi,Netral
ngisi e tol tidak masuk complain layan layan cuma robot jawab doang tidak urus ilang deh duit,Netral
lapor sudah nggu tidak selesai,Netral
baik,Netral
banyak loding,Netral
bagus banget,Positif
rekomendasi,Netral
sengaja kasih bintang biar baca kadang kadang gabisa buka ngestack logo dana hapus terus download lagi,Netral
bagus,Positif
manepppp,Netral
uang pakai konfirmasi di kembali uang nya,Netral
gada tarik,Netral
sangat mudah transaksi uang,Positif
bagus,Positif
bagus sekali sangtbmembntu,Positif
bagus,Positif
sangat puas,Positif
dana bagus,Positif
dana cicil tidak muncul ada,Netral
barusan jadi hari tidak konfirmasi tiba tiba dana saya hilang gitu aja,Negatif
sungguh luar biasa dompet dana sukses selalu,Netral
baik,Positif
aktif fitur dana cicil sangat penting,Netral
bagus jdi tmbah mudah transaksi,Positif
skarang mah leg tidak di muncul d beranda,Netral
sangat bantu puas,Positif
bagus pake dana,Positif
sangat bantu,Positif
makin ketat aman ganti password uang lenyap rb akan berteransaksi buruk dana saran saya aplikasi bank lain nelpon harus tidak berteransaksi bagus,Positif
jhoss,Netral
aplikasi sampah banyak ganguan mending uninstall duit gua ilang gara gara isi e money dana jangan pakai,Negatif
kiris nya per baik ki kadang suka eror gx jelas padahal mau bayar dana cicil tapi uang dana qiris qiris belum di tarik uang dana berita ter kirim nya udh masuk tapi ko uang dana mas nol dong di per baik ki,Positif
bagus,Positif
baik tapi belum muncul dana instan sana cicil,Netral
sangat bantu sekali,Positif
sngat bantu,Positif
sngt guna,Positif
sangt bantu akses kirm uang trimksih smga sya dpt komisi dana hehe,Positif
layan nya bagus,Positif
bagus banget harap bisa dapat dana cicil cepat yah,Positif
bagus cepat proses mudah,Positif
cepat,Positif
bagus,Positif
terlalu banyak update bulan entah berapa kali minta diupdate tambah lihat koment teman sudah pakai aplikasi dana banyak sekali kecewa negatif jadi ragu dn tidak woarted rekomended guna,Negatif
bagus,Positif
sangat bantu,Positif
buruk pakek aplikasi bagus up e toll tidak masuk tapi uang ku hilang,Negatif
bagus,Positif
bagus,Positif
kalau mau bagus up jangan batal kan,Positif
kok tidak masuk alas jaring masalah hey cek wifi jaring kuat terus coba pake jaring hp sama aja gimna sih mau kirim uang jadi tidak hadeuhhh pihak dana baik masalah sepele rugi bangett guna dana,Negatif
bagus,Positif
jangan dwonlod aplikasi buruk selalu masuk pin pental keluar,Negatif
bagus,Positif
bagus,Positif
gimna sih dana pin udh bener no udh bener verifikasi wajah udh harus pake kode otp sih no nya udh tidak aktif truss uang bagai mana,Netral
semua nya mudah berkat dana,Positif
bagus,Positif
apa tiba kasih kode otp padahal ndk daftar dana kyknya hack lah,Netral
bagus sekali,Positif
buruk aplikasi dana uang hilang ajh bukan sekali kali begini nyesel gunain aplikasi dana,Negatif
bagussssssss,Positif
sangat manfaat suka,Positif
sangat muas,Netral
sangat aman mudah dgunakan,Positif
sering eror sekarang tidak log in sering keluar sendiri sekarang dah normal tidak sering keluar sendiri,Netral
bagus,Positif
bagus,Positif
bagus,Positif
tidak lihat nomor dana malah sensor terus asisten malah tidak banget selalu bilang mohon maaf atas sulit saya butuh jawab solusi bukan simpati minta maaf ai kalau bisa aksih rating nol ku kasih,Netral
suka tiba keluar sendiri,Positif
bagus,Positif
dana burik jangan download banyak virus masuk soal,Netral
bagus,Positif
sangat baik,Netral
sangat baik,Netral
mudah gampang guna,Positif
warning buat rekan jangan deh pakek dana banyak tuyul nya ada transaksi tuju gilir komplain bayar sah cukup yang jadi korban pokokny kapok akun dana sudah hapus permanen layan nya buruk nb bintang ny pencet engk di hapus,Netral
mau kirim uang aja susah buanget di upgrade aja susah jancox,Negatif
jos,Netral
bagus app,Positif
sangat muas,Netral
sangat puas,Positif
bagus,Positif
sangat bagus,Positif
sangat bantu,Positif
bagus,Positif
kenapa akun dana mau buat pulsa data g e wallet g buka aktivitas g layar nya putih doang jadi binggung mau pakain akun dana,Netral
curang waspada flashsale trik marketing sudah tunggu tepat waktu jam flash sale mulai pas waktu klik langsung voucher habis jual semua konyol bodoh publik,Netral
aplikasi sering log out sendiri repot mau masuk akun tolong baik crashnya kenapa tidak masuk aplikasi masuk nomer dana selalu keluar notif sedang ganggu,Positif
aplikasi sangat kecewa minta pindah uang akun lama akun baru tidak proses jawab muter suruh nunggu besok suruh nunggu besok suruh nunggu itikad baik,Positif
dana instan tidak muncul,Netral
mantul bagus betul,Positif
sangat mudah aplikasi,Positif
aplikasi mulai masalah sperti tidak masuk akses verifikasi wajah gagal padahal foto milik sama,Negatif
sangat baik,Netral
sulit sekali buka aplikasi dana ke buka langsung tutup balik bolak balik itu mohon baik dong,Negatif
oke,Positif
bagus,Positif
baguss,Positif
siiip banget,Netral
uang tiba hilang gaada konfirmasi beli,Negatif
akun bobol orang tidak kenal tanggal rugi hampir k tapi minta bantu jawab muter aja buruk,Negatif
sangat besar sekali manfaat terima kasih,Netral
fungsi dana cicil apasih kok tidak di pake sama sekali,Positif
mantqp,Netral
berkah,Netral
sering ganggu transaksi,Netral
bagus,Positif
bagus,Positif
suka sekali bagus,Positif
saat beri bintang dulu soal pas kemarin tanggal februari ngasih uang besar rp hilang rp ntah padahal aplikasi saya jarang buka jarang saya ambil uang yang ada dalam moga jadi rupa tidak jadi guna,Negatif
sangat bantu terimakasih,Positif
layan baik,Netral
semenjak update kemaren jadi susah buka riwayat ya diapain ni aplikasi kalau kayak gin trus mending uninstal aj aplikasi dana ni lihat riwayat transaksi aj tidak,Negatif
baik,Netral
dana tidak di buka,Netral
tiap bagus alfamart masuk dana selalu potong sangat buruk,Negatif
sangat bantu sekali bagus banget aplikasi,Positif
yah tidak hubung pakai data seluler pakai wifi di bantu tidak,Netral
bagus,Positif
gimana pake buat bagus up game aman beberapa kok gabisa laku transaksi untuk game terus kalau mau tranfer agak susah masa beli dana premium dulu tolong baik soal saya mau bagus up game tidak,Positif
hilang hp aplikasi dana hp saya mendolot aplikasi dana tapi tidak loding,Negatif
sangat muas,Netral
aplikasi guna biar qris premium tolol emang,Negatif
aplikasi sangat lah bantu semua aktifitas lancar,Positif
bintang masa claim k event a reward gabisa,Netral
sangat baik,Netral
bagus,Positif
gimana cara aktif kan fitur dana cicil,Netral
sukaaaa bgtt,Positif
sistem dana bagaimana transfer uang dana salah satu bank minggu tunggu bahkan saya cabang bank memang masalah app ini sudah tanya kan layan sayang layan nya ai bukan manusia bahkan tidak kontak layan manusia dapat hubung dan tidak jelas hingga ini app buruk tidak di rekomendasi di guna,Negatif
belum apa tidak buka nyesel banget download app,Netral
ini dana cicil dana instan belum muncul padahal sering transaksi dana nominal besar di tingkat nyaman nya,Positif
buruk sih akun dana tidak di akses lg saldo ada hadeuh chat bantu tidak guna,Netral
masa dana cicil kaga aneh,Netral
bagus,Positif
akun dana tidak di buka pakai kata sandi verifikasi wajah gimana harus pakai kode otp kartu sudah tidak aktip,Netral
bagus bantu mudah transaksi,Positif
sering keluar sendiri,Netral
muncul dana instan,Netral
kenapa ribet banget dana cicil sdah bulan tidak d guna limit cuma k aja ribet bnget,Netral
bagus aplikasi nya transaksi lebih gampang gratis cuma akun dari dulu sampe sekarang belum pernah muncul dana cicil instan,Positif
bagus,Positif
sangat cocok guna hari,Positif
bagus,Positif
bagus,Positif
fitur dana cicil tidak munculin tolong dong munculin fiturnya,Netral
aplikasi bagus cocok buat simpan uang bisa buat beli pulsa,Positif
bagus,Positif
susah buka sekarang hapus aplikasi download ulang kamprett susah buka aplikasi nya,Negatif
tidak jelas bangt uang di kirim tapi belum masuk sampi sekarang,Netral
sangat bantu,Positif
hadeh dana jadi mental keluar terus jadi hapus dulu dowload cape gin cara nya,Netral
bagus mudah dn cepat smua aktifitas bagus,Positif
transaksi pending hari dana eror,Netral
bagus,Positif
bagus,Positif
aplkasi dana sekarang buruk ngk dulu sistem nya baik,Negatif
baik mau bayar qris lewat foto bisa,Netral
sangat bantu,Positif
sangat puas,Positif
lebih ketat lg padahal sangat bantu aplikasi dana cuman bisa yang bobol,Positif
harap tidak kendala,Negatif
limit tidak bayar dana cicil gimana,Netral
baik bnget,Netral
lancar jaya,Positif
bikin qris dana proses nya lama banget masa sampe hari tidak jadi,Netral
mo cek transaksi suka tidak,Positif
dana cicil tidak aktip aktip tahun mohon minta aktipkan padahal rutin transaksi hari kadang limit bulan sangat buruk,Negatif
jauh masih oke,Positif
alhamdulillah moga berkah dn amanah,Positif
bagus,Positif
maju terus jaya terus kamu aplikasi transaksi online the best,Netral
tau salah tapi sering banget mau tarik uang dana bisnis selalu gagal verivikasi padahal akun asli ktp ktp ku tapi susah poll dikit dikit verif gagal,Negatif
aplikasi gblk tolol mmk banyak rusak mmk,Negatif
aplikasi sangat manfaat mana ada,Netral
dana biaya kirim mahal bngt trs gratis kirim ny dkit bngt,Negatif
suka ng lag,Positif
baik,Netral
lancar aplikasi,Positif
susah buka mentok logo masuk awal dilogout eh tidak masuk pdahal sangat nyaman sekali tapi dihpku tidak buka,Positif
lancar,Positif
sangat bantu,Positif
sangat baik,Netral
sangat puas,Positif
aplikasi nya tidak aman guna sudah hilang banyak uang aplikasi dana ntah salah salah sistem aman aplikasi atau gimana saya tidak tau dapat uang sangat lah susah taruh uang juta ilang kena hack mohon pihak dana aman kan aman biar tidak ulang,Negatif
susah buka,Negatif
makin lama makin kurang bintang e banyak potong bebek,Netral
cepat banget transaksi bagus,Positif
goood,Netral
akun dana di tangguh,Netral
baik,Netral
asli guna aplikasi dana saat masuk kok malah keluar terus ya,Positif
tidak hubung customer care senin,Netral
bagus,Positif
kurang puas,Positif
bagus,Positif
tidak pernah proses daftar pitur dana cicil,Netral
perlu tingkat kan,Netral
berwpa kali download dana baru kali saya tidak buka padahal sinyal kuat tapi coba mau masuk jaring tak stabil muncul warna merah aneh,Netral
sangat muas,Netral
sangat bantu kerja,Positif
aplikasi baguss,Positif
sekrng aplikasi tiap buka balik lgi kalau tidak kya gitu nggk di buka fiturnya di baik aplikasi biar tidak bikin buruk,Negatif
sumpah gua males banget pas isi rb baru pakai ribu malah uang ku ngurang ribu padahal harus eh malah jadi buruk si uang gua lenyap gitu aja tahu gua,Negatif
sangat peraktis,Netral
bagus,Positif
mantaap,Netral
mntap,Netral
godd,Netral
bagus,Positif
dana sunggu mudah tari,Positif
tidak transfer tidak di buka diperbaikin lah woooe,Netral
sangat puas,Positif
dana rusak gabisa buka,Negatif
aplikasi sangat tidak guna eror tidak masuk daftar akun,Positif
manpaat,Netral
kasih saran kasih lah customer service live agen buat adu org kendala dana jangan cuman ana suka tidak nyambung bingung mau ngadu kmna kalau pas ada kendala kalau gin trs mnding hapus akun aja lah bikin kesel,Netral
lebih ketat pengqmanqn,Netral
aplikasi bgus,Netral
tidak tarik uang dana goal,Netral
bagus,Positif
bagusss worit,Positif
bagus,Positif
sangat bagus rekomendasi banget buat kalian akses cepat mudah erti poko bagus deh,Positif
mudah cepat ribet,Positif
praktis,Positif
bagus,Positif
bagus,Positif
sangat bantu banget,Positif
bagus mudah transaksi ribet,Positif
amanah,Positif
tidak buka dihape kentang,Netral
bantu bangett,Positif
puas banget,Positif
ada kurang,Netral
layan sungguh cepat,Positif
dana cicil tidak,Netral
iya,Netral
sangat sempurna,Netral
info teman jangan guna aplikasi dana buruk akun tolak bayar malah blokir pas buat lapor dana udh tidak beku tapi tolak bayar kek masalah awal bijak nya mau guna uang malah gin uang saya dsty jt tidak keluar,Negatif
bagus,Positif
susah sekali upgrade premium,Negatif
bagus,Positif
emas tiba tiba hilang chat bantu hari tidak ubah,Negatif
bagus,Positif
aplikasi gmn nihhh instal masukin no hp tp jaring masalah hmpir mgu,Negatif
smoga aplikasi dana blokir play store uang di kuras habis spngtahuan,Positif
sangat baik trima kasih,Netral
dana scamer masa uang ribu tidak di tarik huuuu scamer,Netral
puas,Positif
bagus,Positif
lah minn masa masuk aja gabisaa kendala jaring padhalll kouta mas bnyak bngett pliss,Negatif
lumayan bantu mudah kan transaksi tpi dana ku blum terlalu lengkap isi d dalam dana cicil blum,Positif
lumayan bantu,Positif
goood,Netral
sangat mudah baguss,Positif
belum pernah unya rekening sama sekali jadi belum tau cara gimana,Netral
bagus,Positif
sangat bantu proses cepat biaya tugas murah,Positif
sangat baik,Netral
ini aplikasi tidak buka keluar sendiri terus,Netral
bagus,Positif
sangat bagus,Positif
enak aja loh hp kalian mungkin rusak errornya mau bagus up tpi liat ulas kalian bikin ragu buat bagus upnya,Negatif
bagus,Positif
bagus sekali,Positif
minta dana pay leter,Netral
sayang belum dana cicil,Netral
bagus,Positif
sangat bantu dlm segala transaksi,Positif
bagus,Positif
aplikasi aplikasi tidak suka tiba tiba bangun uang mengtransfer sendiri aplikasi gatau tau tiba tiba notif has di transfer ingin kembali uang,Positif
mohon dukung fiktur dana pinjam belum sedia akun,Netral
sangat rekomendasi,Netral
very help full,Netral
baik,Netral
baik,Netral
min aplikasi dana tidak fitur dana cicil nya,Netral
slah transfer nomer dana mau minta balik tidak nomer d hubung tidak aktig tidk daftar d dana status hasil tapi nama terima gada bingung pusat bantu lewat ana digital assasment gada solusi aneh banget aplikasi dana,Netral
baik,Netral
aplikasi nya rusak tidak buka kayak gin hapus cache upgrade sudah install ulang tapi nge leg gin jadi susah nih mau pake buat transaksi jadi uang ada di sini tidak di pakai dong minta solusi gimana ya tugas tapi jangan suruh ganti hp nya yah terimakasih,Negatif
bagus,Positif
aplikasi apa transfer uang ajh tidak,Netral
sangat muas,Netral
bagus,Positif
gimana sih dana tiba transaksi pending padahal uang udh potong mau bayar cicil motor smpe skrg saldo belum balik transaksi tidak dibatalin balikin uang gua layan nya tidak bantu sama sekali smpe skrg lapor belum proses udh hari,Positif
sangat bagus cepat,Positif
bagus,Positif
aplikasi nya bagus,Positif
sangat bantu,Positif
bagus,Positif
mantapp,Positif
aplikasi lumayan bgs,Netral
puas banget bagus,Positif
akun pake uang di ambil ko bias ganti pin padahal kan verifikasi wajah trs kode otp kartu tapi ko tidak ada mana adu cara nya gmn,Netral
knapa buka aplikasi dana nya tidak lagi asal buka langsung mental keluar,Netral
lebih mudah laku transaksi,Positif
bagus,Positif
tiap buka dana selalu lemott tp puas aplikasi dana,Netral
dana skrg banyak kendala,Negatif
jelekkk suka rusak suka nge leg kadang kalau mau tarik tunai rusak tidak harus pindah atm buruk buat kalian jangan pakai dompet digital kalau tidak mau duit ilang transfer orang uang kurang tapi tidak masuk riwayat transaksi rusak tidak di buka,Negatif
bagus,Positif
bagus,Positif
bagus,Positif
baik,Positif
bayar qris merchant tidak terima nila rb chat ana suruh hubung layan dana arah layan sendri arah ana balik main pihak dana habis uang banyak komunikasi pihak dana uda tidak jelas pihak dana,Netral
terimaakasih,Netral
bagus,Positif
padahal banyak data transaksi dalam air listrik wi fi segala macam nya tapi tidak buka loading mulu,Netral
jos pokok e,Positif
dana selalu sama,Netral
baik sangat,Netral
bagus sangat bantu,Positif
bagus layan dana oke banget lanjut,Positif
sangat bantu,Positif
bagus,Positif
khawatir yang meng hackers akun,Netral
ber,Netral
puas sekali,Positif
sangat baik,Netral
tidak masuk masuk tidak transaksi uang tidak dipake aplikasi paling buruk,Negatif
transfer tugas nya,Netral
tambah dana cicil akun kalau tidak akan pindah akun belah,Netral
bagus,Positif
bagus,Positif
bagus cepat praktis,Positif
sangat bantu,Positif
the best,Netral
guna baru isi uang mau kirim uang minta update dana premium update kirim uang tetap tidak terang selalu minta update premium tekan update terang di dana premium tapi tetap tidak kirim dana aneh,Netral
jos,Netral
baik dana cicil kenapa gabisa di pakai,Netral
baik,Positif
baik,Positif
sangat tarik,Netral
aplikasi ny suka,Positif
mudah dannyam gampang,Positif
sangat bantu sekali,Positif
aplikasi apa akun dana hilang,Negatif
cepat oke,Positif
dana makin kesini makin banyak rusak apa karna ai juga kalau bagi dana kaget banyak akun bot clam bukan manusia tahan scurity nya kurang apa skrg dah apus cheche data selalu kluar aplikasi forclos buka dana kalau begini cara nya bakal pindah ewalet lebih baik aman,Netral
s,Netral
dana aplikasi kecewa uang karna tipu tidak tindak lanjut,Netral
bagus poko mah,Positif
sering gagal transfer bank untuk bagus up dana uang potong uang tidak kirim,Netral
baik,Netral
buruk banget uninstal ntr download lg nyusahin nih dana bnr napah nih aplikasi,Negatif
ada dana cicil dana instan sangat bantu nasabah sedang butuh dana desak ayo tingkat fitur dana,Positif
transaksi jd lebih mudah,Positif
sudah transfer dana lalu qris merchant riwayat transaksi aplikasi dana nyata bayar hasil di aplikasi saya transfer kata tidak terima uang bagaimana,Netral
bagus,Positif
sangat bantu,Positif
tidak masuk aplikasi,Netral
bagus bingit,Positif
nyesel download dana tidak aplikasi banyak kendala,Negatif
moga lebih baik,Netral
uda,Netral
sangat puas,Positif
dana cicil nya tidak,Netral
bagus puas,Positif
bagus,Positif
tamah gerat ongkir,Netral
tidak buka,Netral
dana emang bagus,Positif
jossss,Netral
dana cicil belum muncul padahal aplikasi dana lama,Netral
dana cicil kaya mna la buka nya,Netral
sangat baik simpan uang selalu aman,Positif
lebih nyaman,Positif
bagus,Positif
layan sangat kurang,Netral
tampil dana cicil dong,Netral
di lunas dana cicil ko bom di guna,Netral
sayang sekali dana cicil dana instan tidak muncul,Netral
baik,Netral
sangat bantu,Positif
sangat bantu amanah,Positif
ko aplikasi dana gada fitur dana cicil kya punya tmn pasu bulan lumayan atas,Positif
senang sekali transaksi dana,Netral
bagus sekali,Positif
aplikasi beku minta buka tapi tidak lalu uang sya bagaimana untuk data data semua kasih,Netral
nice,Netral
sulit aplikasi dana dari kemaren gua tidak masuk padahal sandi benar tapi tetep tidak masuk,Netral
aplikasi nya sangat bagus,Positif
pake dana sangat muas,Netral
bagus,Positif
bagus,Positif
aplikasi dana sangat bantu mudah segala transaksi hari sangat cocok buat semua,Positif
bagus,Positif
sangat baik,Netral
sangat bantu,Positif
sangat bantu semua orang poko nya bagus,Positif
bagaimana cara muncul dana cicil,Netral
bgus,Netral
sejak dana cicil dana jadi susah sisi uang langsung hilang bukan malah nambah saldo,Negatif
agak buruk dana limit dana cicil tapi tidak di pakai sekali pakai lunas tidak bisa lagi pakai kaacauu dana sekarang padahal tiap hari transaksi pakai dana,Negatif
sangat puas,Positif
aplikasi nya bagus transaksi lbih cepat aman pkonya bagus aplikasi nya tidak yang ragu para guna aplikasi dana rugi klu tidak download,Positif
sagat muas kan bagus,Positif
lambat mana fitur dana cicil nya tidak di pakek,Negatif
bagus,Positif
tugas terlalu mahal padahal cuma bagus up uang rb kena potong transaksi,Negatif
aplikasi peler banyak ganggu mmg,Netral
puas bagus jangan gx pake dana ada,Positif
tmn pamer dpt limit dana cicil lah cek tidak dapet sial banget nih pakai dana lebih tahun transkasi sudah lebih juta sama tidak perhati kan lumayan buat jaga haha jd males ah kasih rating aja mungkin takdir jauh riba perilaku haram ehem bau bau mau main bunga an nih awal dana cicil ujung macam laku oke gas aja om rentenir,Positif
aneh tiba tiba tagih dana cicil buruk tidak aman nyata dana cicil hati hati,Netral
bagus,Positif
jadi males pake dana dana cicl tidak laku padal tagih di lunas,Netral
sangat bantu,Positif
makasih,Netral
kx aplikasi henti terus terus di baik lh,Netral
d akun tidak dana cicil nya,Netral
saya tidak beli paket data aplikasi terus loading lama,Netral
update bukan malah bagus malah sering froce close buruk,Positif
terlalu rentan kena phising,Netral
suka,Positif
baik,Positif
dana cicil tidak di guna padahal saya lunas semua tapi di lunas tidak di guna anehhh,Netral
gajelas bet akhir akhir sering kali rusak loh rugi kalau misal sistem rusak ramai gagal yaudah batalin jangan tetep lanjut transaksi bikin baru terus tadi gagal tetep kirim aneh,Negatif
uang dana tiba hilang oey gmna,Negatif
mudah guna,Positif
sangat baik,Netral
bagus,Positif
dana mkin ksni mkin gjelas loading gaada lanjut pdhl sinyal oke aja selalu dbilang sinyal gaada belum tiba notif tari uang lain gaperlu konfirm jadi bikin males pakai dana,Positif
kasih bintang dana cicil tidak tagih tidak di guna jadi buat apa dana cicil,Netral
bagus,Positif
moga depan jadi lebih baik,Netral
bagai mana cara kartu tidak aktif tapi masuk kode otp jawab,Positif
baik,Positif
tetbaik,Netral
sangat bantu,Positif
balas email mangkanya muk jelas milik akun nua gitu sandi nya benar tidak salah yahh bikin tidak masuk tuh karna otp wajib kunci masuk benar pin sama verifikasi wajah benar harus otp logika kalau emang bukan punya saya akun nya tidak bisa verifikasi wajah kocak mana saldo lumayan rb,Netral
baik,Netral
tidak masuk lincing uang semua aplikasi nya nipu tidak aman padahal semua data nya dah benar,Positif
sagat bakus,Netral
sering ilang duit gua,Netral
sangat cepat sangat bagus,Positif
awal pakai bagus tapi entah mulai kapan kok jadi lambat uang dana tidak masuk bahkan tiba tiba uang hilang sendiri padahal tidak laku transaksi apa telusur bahkan jawab alas kurang paham tanya refund tidak gampang dihack aplikasi nyata yaa,Netral
sekarang masuk dana suka keluar sendiri susah transaksi aneh,Netral
muas sayang blum muncul dana cicil,Netral
bagus,Positif
bagus,Positif
baik,Netral
y sekarang ko aplikasi jd susah tidak buka,Negatif
bagus banget,Positif
lambat update terus gajelas banget ni aplikasi dana,Negatif
bagus,Positif
baikk,Netral
mudah aman percaya,Positif
jooooosssssssss,Netral
dana memang baik,Positif
dana cicil tidak sedia terus padahal pernah minjam langsung lunas sekarang malah tidak sedia aneh,Netral
mf ksi tiga bintang baru mula,Netral
mudah mau apa tidak pake ribet,Positif
sukses lalau,Netral
aman guna,Positif
bagus,Positif
bagaimana wa dana kok tidak respons minggu mau masuk akun lama tapi kirim pesan minta verifikasi akun dana kok egak jugak balas verifikasi selesai mohon bantu lah min,Positif
premium gaada pinjam an sering transaksi dana tapi kok dana cicil belum muncul akun temen baru upgrade premium kaga minggu ada dana cicil perhatiin cuma baru premium terus yang sudah premium lama telantarin sistem lu benerin tuh,Positif
bagus,Positif
dana sangt bagus,Positif
berapa juta bagus up tapi kok belum buka dana cicil mohon kerjasamanya,Positif
bagus luck,Positif
sering elor qiuris dana cicil tidak di pake padahal belum pernah make padahal sering isi uang kirim uang mending pindah bang,Netral
oke,Positif
sangat puas,Positif
lahhh dana jadi kaya gin tidak transaksi keluar mulu,Netral
bagus,Positif
aktif dana cicil,Netral
ini tidak masuk akun karena nomor guna hilang tidak terima otp tapi pin scan wajah sudah lulus dan ktp masih sedia bantu pulih akun saya,Negatif
kereeeen transfer bri ndk kena tugas,Netral
bagus dana cicil,Positif
mntaapp,Netral
sangat puas,Positif
tuju bayar google konfirmasi milik akun transaksi biasa tunggu tuju milik uang dana tapi tuju sendiri pihak dana beri pemberitahuan milik akun satu tidak pernah kait akun dana saya ke akun utama langgan akun aplikasi lain youtube tiktok shopee apa itu saya tidak pernah langgan youtube premium tapi dana saya di potong k pmbyran youtube,Positif
ribet banget utama dana bisnis kalau mau tarik dana meski verifikasi wajah padahal pakai pin lebih simpel unk lain suka banget,Positif
di upgrade ttep tidak transfer rekening nyesel banget pdhal sering isi uang trus,Netral
mohon lah baik dana nya saya mau masuk sellu hapus dolownd ulang terus semuaa arah ku laku tapi ajh tetap hapus dolownd ulang mohon lah bantu baik bos,Netral
bagus puas guna dana,Positif
terbaek,Netral
sekarang akun dana tidak di buka sekarang yah akses internet selalu putus,Netral
tidak puas aplikasi dana hampir tiap hari transaksi tapi tidak dana cicil buat mungkin harus pakai ewallet,Positif
saat bagus tahan,Positif
aplikasi payah,Netral
bagus,Positif
aplikasi lambat,Negatif
susah masuk,Negatif
moga amanah,Positif
aplikasi sangat bantu tapi sekarang masuk sulit keluar sendiri,Positif
bagus,Positif
bagus,Positif
bagus,Positif
sangat bantu transaksi bayar tiap waktu,Positif
bagus,Positif
baik,Netral
bagus sayang ngak dapet bonus,Positif
bagus bro santai oke bro,Positif
bagus aplikasi kalau tarik kalau rungkad goreng,Positif
sangat bantu,Positif
lebih mudah d guna,Positif
amplikasi sangat bagus mudah trasfer bank,Positif
bagus,Positif
dana premium ini tidak bayar rekening listrik sedang bulan lalu,Netral
aplikasi dana nya tidak di bukan,Netral
sangat bagus,Positif
sangat bantu,Positif
bagus,Positif
akses beli beli jadi gampang sih tidak perlu jauh jauh karna dana bagus up pun gampang,Positif
bagus,Positif
bagus cepat tranfernya,Positif
bagus,Positif
bagus makin kembang aplikasi dana skrng,Positif
bagus,Positif
aneh karna tidak beli minecraft padahal uang cukup total harga guna versi biasa moga rusak nya bisa di baik,Negatif
sangat manfaat bagus is the best,Positif
dana cicil kenapa tidak di guna tagih tidak sudah lunas tapi tidak guna,Netral
gara no hp hilang sulit masuk akun dana padahal bagus aplikasi nya,Netral
beku dana sebab aplikasi tolol,Negatif
tidak masuk,Netral
sangat bantu,Positif
bagus bantu transaksi sayang tidak fitur dana cicil,Positif
sangat bantu,Positif
lumayan,Netral
oke bagus guna,Positif
buruk tidak pindah akun tidak mau pakek aplikasi dana,Negatif
bagus di guna,Positif
bintang dulu karna tidak fitur dana cicil,Netral
bagus,Positif
bagus,Positif
cepat,Positif
bagus,Positif
sanggat bagus,Positif
bagus,Positif
v bagus,Positif
sangat bagus aplikasi,Positif
aman percaya deh pokok,Positif
bagus,Positif
sangat sepel,Netral
bagus,Positif
knpa sih makin hari makin lambat aja dana pertama waktu masuk lama banget muat terus logo hbis tiba out sendri aplikasi nya pdahal baru d update loh plis lah buat developer nya kalau mau aplikasi dana makin rame iya update lebih baik kaya hapus rusak hpus aja fitur sangat jarang orang pake udh aja terimaksih mohon direspon,Negatif
atas nama indriyani wulandari dana cicil nya tidak pernah fiture nya buat akktipin nya bagaimana pdhl transaksi bnyk tiap bulan,Netral
sanget baik,Netral
sangat bantu bisa tabung perlu terimakasih banyak hadir fitur dana harus pakai kartu debit,Positif
bantu adminnya robot tidak selesai masalah jwaban tidak sesuai kalau mau kasih tugas jangan robot msalah tidak selesai mau ganti nomor tidak,Negatif
wallet rusak,Negatif
aplikasi buruk tidak di buka terus kalau ke buka tidak lama tiba tiba keluar sendiri,Negatif
kenapa sih kok aplikasi ny sekarang susah buka nya,Netral
heran sama dana kadang rusak kadang errorr terus suka tidak buka aneh uang pernah ilang tidak direfund tidak jelas emang,Netral
masuk dana promium,Positif
sangat bagus,Positif
bagus,Positif
dengan aplikasi kok keluar sendiri kalau buka lodingngnya lama,Positif
kren banget,Netral
muncul fitur dana instan,Netral
bagus,Positif
sekarang dana makin tidak rekomendasi masa uang tiba hilang keamana nyah udh tidak bener nih dana,Netral
tambah lambat masuk,Negatif
balik,Netral
terimakasih,Netral
buruk makin kesini makin rusak aja aplikasi tiap hari tidak masuk harus install ulang aplikasi,Negatif
bangus,Netral
bagus,Positif
baik dana y biar tidak pental keluar sendiri kalau gin cara y bkal bnyk org lari aplikasi dompet digital,Netral
sangat bagus,Positif
munculin dana cicil dana instan,Netral
untuk fitur dana cicil muncul kan akun dana,Netral
bagus,Positif
banyak rusak keluar sendiri,Negatif
bagus banget,Positif
dana nyangkut semua kendala urus sama bod,Negatif
bagus,Positif
betul apa di sampai sama bang rofi mau masuk k aplikasi dana slalu gagal dn kluar otomatis brp kali sya slalu kaya gitu hpus aplikasi download lg instal lg kya gitu,Negatif
dana goals gabisa tarik aplikasi macam apa ini dong baik lagi,Netral
tidak buka dana,Netral
bantu sekali,Positif
minta bantu masuk terima kode verifikasi lewat email ini karena nomor dana hilang,Negatif
aplikasi buruk buka aja tidak malah balik terus,Negatif
sungguh buruk sama apl dana apl tidak guna bikin muak nyesel pake apl dana apl macam bagagai sampah tiada karna buka mau pake uang saya dalam boro boro ambil saldo buka tida dasar aplikasi busuk,Netral
bagus bngt,Positif
sangat mudah guna,Positif
aplikasi henti ken up date,Netral
sih aplikasi nya henti fungsi d akun kcwa banget deh udh tahun pke dana x udh tidak lagi,Netral
bagus,Positif
bagus,Positif
gooddd,Positif
aplikasi tidak di buka,Netral
sya buat akun sata knpaaa tidak mulu jengkel,Netral
buruk tidak masuk,Negatif
oke brow,Positif
aplikasi nya bagus amazing pokok,Positif
baru daftar tadi buka skrang akun di tangguh kan gimana cara pulih ada uang saya masuk,Netral
lambat baik sering gngguan,Negatif
bagus,Positif
dana bagus,Positif
sangat baik,Netral
bagus baikk sekali app,Positif
dana emang the bess,Netral
transaksi puluh juta tapi dana cicil belum,Netral
terima atas dukung dana,Netral
aman,Positif
bantu,Positif
bagus,Positif
is the best for dana bagus,Positif
sangat bantu,Positif
sekarang banyak eror nya,Netral
mantulll istikomah kan,Netral
kurang puasvja sih,Positif
baik,Netral
makin sih makin buruk api dana masa tidak masuk akun gimna mau ngisi laldong dana nya sering leor buruk tidak masuk,Negatif
baik,Netral
sering tidak di buka di normal bos d upgrade tetap kadang gagal buka,Negatif
sangat bgus aplikasi dana,Netral
bgus,Netral
ma af dana sekarang tidak pakai android jadul,Netral
bagus,Positif
bagus,Positif
bagus,Positif
bagus sangat bantu transaksi,Positif
bagus,Positif
cool,Netral
fitur dana cicil tidak guna,Netral
bagusss,Positif
uang tiba hilang tidak refund,Negatif
suka bngetttt,Positif
sangat puas,Positif
baik,Netral
sangat bantu kirim uang,Positif
baik sekali,Netral
sangat bantu,Positif
terbaek,Netral
ingin masuk akun mengapa selalu salah sandi padahal sandi sudah benar,Netral
serba,Netral
tolol,Negatif
aplikasi bagus,Positif
bagus,Positif
di akun dana tidak fitur dana cicil,Netral
limit dana cicil tapi tidak di pakai apa apa,Netral
okey,Positif
apa lah dana tidak kembali kan uang sedot sama vpn,Netral
nyusahin bagus up biar tarik tunai lupa bawa dompet jalan pulang pergi alfamaret gagal harus upgrade premium foto ktp foto ktp ada notif sukses tetap aja tidak tarik tunai aplikasi ngaco nyusahin balikin duit,Netral
rusak,Negatif
najis banget kaya orang nipu sgala minta data pribadi tpi gg di pake tuh dana cicil bner php nya udh mles make dana bwt trnsaksi apa dn tugas nya gg prnah ngasih solusi dlm apa dah kya amatir gtu terima kasih,Netral
terkadang tidak bayar bagus up,Positif
bagus simpel percaya,Positif
puas,Positif
lancarr aman,Positif
bagus,Positif
alus,Netral
uang transfer bank ke akun dana belum masuk sekarang,Netral
aplikasi ny bagus,Positif
otomatis bayar,Netral
bagus,Positif
kali mbantu,Netral
mau narik uang tidak lambat banget padahal jaring lancar hari uang tidak tarik aplikasi,Netral
baik bagus tidak kendala sama sekali tanggap bagus,Positif
transfer sering masalah,Negatif
sangat nyman,Netral
sangat bagus transaksi,Positif
aplikasi dana transfer transaksi jadi lebih mudah murah,Positif
dana instan tidak sudah premium trsaksi sering tp ttp tidak apakah golong atas kerabat dana,Netral
bagus,Positif
sering force close,Netral
tolong kenapa beli pulsa tidak cuma loding doang dn tidak buat transaksi sungguh kecewa,Netral
salah isi dana tidak refund padahal nomer salah isi tidak aktif tidak selesai dana cuma suruh hubung orang lunya nomer pdahal jelas bilang punya nomer tidak aktif akun dana tidak kaya nomor management dana tidak kompeten,Netral
bagus,Positif
jos mantul,Netral
baik,Netral
bagus,Positif
bagus,Positif
sangat mudah cepat mentranfer,Positif
sangat bantu transaksi,Positif
aju dana cicil tapi belum fitur nya nonghol moga tanggap biar fitur dana cicil nya,Netral
aplikasi dana keluar sendiri,Netral
bagus,Positif
bagus pada embengking,Positif
uang potong sendiri,Netral
tanya ana tidak bantu sama sekali kait aplikasi tidak di buka alhasil uninstal download hari kemudian ulang gitu aja terus sampe dajjal turun,Positif
tidak jelas buat fitur dana cicil,Netral
dana suka kluar keluar sendiri knpa,Positif
sangat manfaat,Netral
sangat mudah,Positif
bagus simpel,Positif
sangat batu tapi dana cicil belum muncul,Netral
uang tidak di tarik dana goals padahal dana premium no aktif selalu mintak kode otp dimasukin kode otp nya selalu gagal tarik dana di baik min,Negatif
bagus,Positif
sangat bantu,Positif
tidak layana mengunakan paket data mohon per baik boss,Netral
mantul,Netral
gada dana cicil akun gua,Netral
kasih bintang uang saya sering hilang aplikasi dana tidak nyaman di aplikasi dan tidak bantu,Positif
aplikasi nya sangat bagus bantu,Positif
pindah saya gagal padahal akun lama sya uang nya,Negatif
baik,Netral
sangat bantu,Positif
tingkat layan baik,Positif
bagus lbh tingkat lgh mode bayar suka ganggu,Positif
buat apa dana cicil tapi tidak sedia,Netral
aplikasi busuk isi uang k dipesansih masuk tapi kok uang tidak tambah,Positif
enak,Netral
woi uang gua dana bisnis tidak di tarik verifikasi wajah tidak apa di ganti pake pin aja verifikasi wajah tapi gagal mulu tidak opsi apa verifikasi wajah buat narik nya duiitt gww gimanaaaa,Negatif
bagus,Positif
luas biasa mudah,Positif
bagai guna dana lama milik keluh kena dana cicil keluh limit dana cicil ribu ini tapi tidak guna alas dana cicil tidak sedia padahal tidak pernah telat bayar cicil sekalipun kronologi tidak pakai bayar cicil kok tidak guna segera selesai keluh saya ini saya sungguh buruk sekali,Netral
bagus,Positif
aplikasi dana skrng susah buka,Negatif
bagus,Positif
sering banget eror,Netral
lambat anying gajelas bnyak rusak lah kerja sama,Negatif
bagus lebih praktis,Positif
dana tahun jadi aplikasi buruk panjang sejarah buat dana goals tidak manfaat malah kecewa saran buat kalian hapus aplikasi,Negatif
neng banget pake aplikasi dana mudah bayar,Positif
bagus sekali,Positif
tarik dana bisnis biasa tapi sekarang mau tarik tidak alas vermuk gagal padahal kan saya sendiri hati hati pakai dana bisnis saldo nyangkut tidak bisa di ambil,Negatif
bagus,Positif
susah masuk,Negatif
donk kasih dana paylater,Netral
tidak lagi transfer link aja tagih tidak temu,Netral
aplikasi aering keluar sendiri susah sekali,Negatif
bagussss,Positif
mohon baik appnya bisa upgrade premium,Netral
sangat muda aman sistim penyalanan jg baik,Positif
bingung,Netral
oke baik,Positif
tidak log in padahal laku bagai cara,Netral
uang di transfer hasil tapi uang belum masuk sampe sekarang gimana si dana,Netral
bgus,Netral
great,Netral
bagus,Positif
update mulu sieh anjir lah lu dana tidak baru update kemarin update,Netral
bagus tnpa biaya tugas,Positif
bagus,Positif
percuma dana cicil kalok tidak guna,Positif
akhir gabisa buat masuk jdiny sering uninstall trs instal,Netral
bagus,Positif
buruk sekarang mah tari qrisdana bisnis lebih bru di tarik biasa nya jam siang dah di tarik sakarng mah nunggu hampir jam kacau,Negatif
hampir tahun pakai dana tapi fitur dana cicil belum muncul,Netral
aplikasi sangat bantu,Positif
bagus kerjasamanya,Positif
kok dana tidak dana cicil nya,Positif
jangan sulit dong kalau mau masukin data,Netral
tidak saranin buat nyimpen uang tapi kalau cuma buat transaksi bagus,Positif
sangat bagus,Positif
sangat buruk sam dana cicil sini muncul dana cicil tapi dana instan g muncul pdahal premium udh gitu loding lama trus kluar sendiri d betulin aplikasih dana nya sebenernya sangat mmbantu tpi buruk nya g ad dana instan nya,Negatif
layan sangat muas,Netral
ada keluh bisa dana retas gampang nya uang hilang,Negatif
bagus,Positif
sumpah dah muak kali hanya tidak akses semua mulai transaksi gopay beli aplikasi alam yang benar buruk sangat sesal upgrade premium ku kira makin bagus rupa makin bobrok mohon baik semua sistem nya cepat saya kasih bintang kalau dah fix,Positif
sangat bagus bantu,Positif
salut sama akun dana,Netral
bantu,Positif
istimewa,Netral
blom ke dana cicil,Netral
dana nya gabisa buka udh hapus terus download ulang baru tapi gitu lgi gabisa buka,Netral
sangat bantu,Positif
maaf yha dana lgi si mau transfer uang gopay dh kali tidak rusak muluuu kesel tau kerja kek gin sering bngtt kek gin dana rusak yah baik lgi capee tau tidak abis in paket data aja gila si aplikasi dana makin rusak tidak buat transfer aplikasi sumpah bikin naik darah ajaaaa,Negatif
mantappp,Positif
cukup puas premium,Positif
sangat buruk aplikasi bisa kata aplikasi buruk pernah download jangan download aplikasi,Negatif
lumayan,Netral
mantappp,Positif
sangat bantu,Positif
dana makin kesini makin buruk duit sya hilang x transfer hilang tidak kmbali duit komplen tetep aja hilang duit sya tidak ganti tidak aman saran sya jangan download dana krna dana hilang ambil orang smpai skrng kalau dana hilang tidak bsa kmbali tidak tang jwb dana buruk,Negatif
baik,Netral
adakan kab cianjur isi data ktp,Netral
kerenn si ngirim bank kesini tidak pake tugas trs kirim sini bank juga tidak pake tugas,Positif
dana cicil jd tidak di pake aneh,Netral
koq dana dihek uang hilang,Negatif
min kk ku salah kirim uang malah ngirim akun dana ku lama dana lama udh tidak d pake kartu sudah hilang gimana cara nya bisa d ambil uang,Negatif
normal sekarang,Netral
sangat bagus,Positif
sangat bagus,Positif
gooddd,Positif
aplikasi kecewa,Netral
sangat bantu,Positif
bgus,Netral
oke bagus sangat bantu,Positif
sangat memuwaskan,Netral
ko aplikasi dana tidak dana cicil nya,Netral
app dana ko tidak dana cicil nya,Netral
bagus,Positif
selalu mudah,Positif
aplikasi selalu pakai tapi tidak itikad baik sistem fitur chat dilayanj ai banyak masalah susah jelas ai tidak mampu bayar layan memang sengaja hindar masalah aplikasi terkadang eror tidak jelas lama tetap sama mending tidak usah bikin platform uang playstore beri komentar sini tapi mas tidak tanggap memang aplkasi abal,Negatif
dana sangat bantu dalam transaksi,Positif
bagus,Positif
sangat bantu sekali,Positif
kerenn sangat guna sekali,Positif
bagus,Positif
bagus,Positif
aktif fitur dana cicil nama poniyati premium,Netral
bagus,Positif
bagus,Positif
sangat buruk karna simpan uang sini tiba tiba hilang kena hack,Negatif
akun dana cicil tidak di pakai padahal bayar tepat waktu,Netral
dana cicil tidak di guna,Netral
link dana makin lama mangkin ngak nyaman rugi konsumen bijak aman rentan tipu pablik,Netral
sangat puas,Positif
kirim uang pending hari buat lapor tunggu hari tolong dong baik percuma dong buat aplikasi uang digital tapi kirim harus tunggu lama,Netral
luar biasa,Netral
alhamdulillah sangat bantu,Positif
sangat baik,Netral
bagus lancar jaya,Positif
dana terlalu berat sering keluar keluar sendiri tidak di buka dong pihak dana baik segera rusak aplikasi,Negatif
buruk buruk ngeleg,Negatif
sangat baik,Netral
bantu buat transaksi,Positif
sekarang dana banyak rusak nya surammm,Negatif
cepat proses nya,Positif
kok upgrade premium jd tidak guna,Positif
transfer gratis sangat cepat,Positif
bagus cepat,Positif
oke,Positif
cara mengaktipkan dana cicil nya gimana min,Netral
bagus,Positif
lancar,Positif
sangat aman percaya terima kasih saran kenapa tidak dana cicil ya,Positif
akun dari nsemalam tidak di buka dapat notip jaring tidak aktip makain tidak jelas laah promo nya terlalu banyak mungkin jadi sebab tidak hapus berkas sampah atao historiii,Negatif
sangat baik,Netral
baik,Netral
uang hilang aplikasi tidak rasa beli pulsa tapi uang saya hilang ribu,Negatif
aplikasi dana sangat bantu,Positif
bagus bagus,Positif
duit gua ilang udh jt,Netral
pokok dana bagus dah tapi sayang program beta penuh,Positif
simpan uang pribadi dn sangat bantu,Positif
bagus,Positif
mntap,Netral
bagus,Positif
bagus,Positif
saya sendiri chairulanwar baguussekali,Netral
sering elor kembali sendiri ini aplikasi dana jadi begini,Netral
baik,Positif
baik,Positif
bgus bngt,Netral
bagus,Positif
aamiin aamiin belum pernah guna,Netral
bagus,Positif
aman,Positif
bagus tapi ke aman ragu karana mula,Positif
apl dana tidak pinjam uang padahal hampir hari transaksi dana instan lah tpi ntah kapan muncul nya padahal hampir hari transaksi,Netral
akun dana emang mudah kirim terima uang saya suka,Positif
bagus angat mambantu,Positif
bagus tapi punya belum fitur paylaternya,Positif
sanggat puas pakai dana kirim mana,Positif
bagus,Positif
sangat mudah cepat,Positif
bagus banget aplikasi,Positif
sangat bantu ku,Positif
bagus pke dana,Positif
mudah anti pending,Positif
biar bintang bicara,Netral
uang dana hilang terus buka dana selalu masuk nmr hp aplikasi tidak jelas banyak maling,Negatif
sangat bantu sekali,Positif
oke,Positif
gudang,Netral
bagus,Positif
sangat bantu,Positif
sangat bantu beri mudah semua transaksi uang,Positif
filtur dana cicil tidak,Netral
spring susa spat jringan internet,Netral
sangat propisional,Netral
aplikasi dana kok tidak buka dan buat buka aktivitas status transfer tidak,Positif
mntappp,Netral
sangat bagus,Positif
bagus,Positif
sangat bantu,Positif
mudah transaksi juga aman moga selalu aman,Positif
sangat bantu,Positif
aplikasi bobrok qris nya sering rusak,Netral
sangat manfaat,Netral
dana aplikasi mudah sgala urus trimakasih,Positif
puas,Positif
mudah guna,Positif
bagus,Positif
sangat sesal pakai dana dana langsung potong tuju saya kapok pakai dana,Positif
dana bagus,Positif
minta dong data transaksi aktivitas tidak buka gmn kirim uang orang minta bukti tidak buka jadi rasa rugi males pake aplikasi dana lg,Negatif
sangat bantu,Positif
tingkat fiturnya kk,Netral
bagus,Positif
bagus cepat,Positif
praktis sangat bantu,Positif
sangat puas,Positif
sangat bantu,Positif
bagus sangat guna,Positif
tak tarik tunai agak bikin buruk,Negatif
bagus tidak kecewa guna nya,Positif
baguuus,Netral
bagus,Positif
dana cicil saya lunasin dapat limit idr tapi kok tidak saya guna dana cicil tidak sedia lah padahal situ limit idr kok tidak di guna,Positif
di bayar lunas dana cicil tidak di guna,Netral
bagus dana sangat bantu,Positif
cuman saran jangan curang cek in hari a rewards hari minggu cek in dan sabtu cek in masa saldo cek in rp a rewards masuk kan curang nama,Positif
aplikasi makin tidak bagus auto uninstal mending seabank gratis mana tidak pending,Positif
aplikasi makin buruk saran lapor ana aplikasi tidak buka,Negatif
ko lama kali buka danaya kendala apa y skarang kurang bag us baik soalya da lama lake dana simple sangat bantu,Netral
nice,Netral
dana ta jangan download hangus duit tabung dana goals gara gara scan fitur muka tapi malah gabisa di tarik lagi tidak make pin kaya dulu kan otomatis narik nya,Netral
bagus,Positif
baik,Netral
baik,Positif
baik,Positif
bagus,Positif
aplikasi bagus tapi lambat prenium lambat,Netral
sangat bantu,Positif
walopun brimo bca mobile tp sll transaksi keluar masuk pake dana krn lbh simple mnurutku tapi buruk update skrg tidak buat log in mana semua no rekening penting di riwayat dana mau cek rek aja tidak mau bayar listrik no listrik nya ada di dana lah dev dana mhon segera diprbaiki saya sangat kcewa sekali krena tidak transaksi,Negatif
sangat bantu,Positif
sangat baik,Netral
sangat buruk dah ber kali dana hilang tidak tanggap pihak dana sangat buruk,Negatif
bagus,Positif
dana kurang tanggung jawab atas kastemer mana sistem y mudah bobol transaksi tampa pin bisa laksana kan rugi kastemer apa y batu ada aplikasi bobrok gin jagan pakai aplikasi tampa tanggung jawab,Positif
bagus,Positif
aplikasi gila tiba uang hilang tidak jelas verifikasi uang tidak aman jangan dowload redowload,Netral
yu oke bagus,Positif
bagus,Positif
susah guna aplikasi dana suka mental mulu,Netral
asalamualaikum kak mohon maaf knpa pitur cicil nyaa tidak di pakai bayar,Netral
baik,Positif
sering kena potong kadang tiap transaksi biasa pas bulan tua gilir uang ilang tidak solusi,Negatif
sangat bagus bermanffaat,Positif
aplikasi tidak uang potong padahal sya tidak laku teransaksi apa aplikasi sampah,Negatif
pake dana thn tidak muncul dana cicil males banget,Netral
sangat bantu buat dlm uang,Positif
baik,Netral
sangat baik,Netral
praktis kalau buat transaksi bayar,Positif
bagus,Positif
sangat puas transaksi jd lebih mudah,Positif
baik,Netral
jadi salah sistem mulu hapus ceche hapus data log out terus masuk hapus download sama aja kalau kata orang orang sana,Netral
dana baik,Netral
baik,Netral
sangat bagus,Positif
bagus apply dana,Positif
g d buka trus uninstall,Netral
ah update jadi susah mau bayar lazada,Negatif
sangat bahagia,Netral
aman percaya keluh selalu direspon cepat,Positif
sangat bantu,Positif
bagus,Positif
mantaf,Netral
sangat baik,Netral
ingin milik fitur dana cicil,Netral
sangat baik,Netral
aktif fitur dana cicil belum aktif dana cicil,Netral
god job bagus,Positif
sangat bantu transaksi ribet,Positif
masalah sistem,Negatif
sangat bagus lebih efektif trima kasih dana,Positif
bagus,Positif
bagus,Positif
bagus,Positif
fitur nya tidak aktif semua percuma mending pake aplikasi kalian cuma rugi pake dana percuma tidak untung nya cuma nguntungin pihak raka aja,Negatif
dana cicil tidak sedia laku bayar padahal tagih saya tidak lambat,Negatif
sangat bantu,Positif
baik sistem masa kirim nomor tuju tidak daftar dana bahkan nama terima tidak daftar transaksi hasil tidak direfund aneh,Netral
cepat akurat,Positif
keluar melulu,Netral
sangat puas,Positif
dana cicil nya tidak guna padahal selalu bayar malah bom jatuh tempo lunas sekarang tidak guna,Netral
sangat bantu sekali,Positif
baik,Netral
udh ulang kali unstal trus pasang lgi aplikasi nya biyar bisaa msuk transaksi kyk gtu waktu udh siap transaksi besok tidak msukk dana stak logo awall kaluar tidak msuk beranda apa lgi transaksi dong mimin btul kn hari pakai aplikasi in udh minggu in rasa kn,Positif
belum dapat aplikasi dana instan dana cicil,Netral
kenap go masuk skin dana,Netral
bgus kok moga aman nyimpan duit sini,Positif
sangat baik,Netral
bagus dana kirim uang lebih mudah n cepat jos,Positif
dana belum muncul dana instan,Netral
sering jadi force close loading lama hapus chace instal ulang restart hp hapus aplikasi supaya kosong tetapi tetap tidak di buak utuh aplikasi dana nya tiba di buka aplikasi nya saat kemudian keluar tiba tiba buka aktifitas keluar masuk dana malah tidak di buka sama sekali cetak resi benah nya,Netral
mantab men,Netral
hati para guna dana jangan tipu aplikasi karena kompline kait fitur dana instan dana cicil tidak pernah proses baik hingga ini belum guna fitur dana instan cicil sangat rugi akan ubah bintang bila masalah selesai kasi guna bila tidak selesai,Negatif
aman kendali,Positif
bagus,Positif
sangat buruk kita guna dana tidak punya banyak uang beberapa akses fitur dana tidak muncul,Negatif
jarigan bagus tapi buka lalot ko lama aplikasi dana kurang bagus,Positif
sekarang lambat mau masuk dana,Negatif
bsah minjam dana desak,Netral
sangat bantu tapi sayang kadang sulit di bukak,Positif
bagus,Positif
sangat bantu praktis kirim uang,Positif
bagus,Positif
awal awal pakek dana enak banget tapi sekarang dana sering keluar sendiri pas buka apa gara gara baharu dana bantuin,Netral
bagus,Positif
kesel tidak buka terus gimana mau pake,Netral
senang guna ewalet dana,Netral
kalau nomor tidak aktif lupa pin gimana cara masuk dana,Netral
sangat manfaat kami keluarga,Netral
bagus markotop,Positif
bagus,Positif
aplksinya lancar cept,Positif
ulang ulang tetap tidak upgrade,Netral
cara aktif dana cicil gmn,Netral
bagus proses cepat,Positif
aplikasi gajelas lama pake tiba gabisa masuk terus uninstall download tetep,Netral
muncul fitur dana cicil,Netral
dana kalau jangan sering glek,Netral
bagus up dana lewat living hasil tpi akun dana tidak masuk,Positif
makasih hadir dana cicil jadi waktu tidak punya uang buat makan belum gaji dana cicil,Netral
ter baik,Netral
masukin dana cicil,Netral
update dana tpi jga tidak dana insatan di baru,Netral
aplikasi ny sih bgus tapi knpa kalau mau lihat transaksi tidak bisa,Netral
luar biasa,Netral
baik,Netral
qr tidak di pake buat bayar,Netral
aplikasi dompet digital baik android,Positif
bagus,Positif
mto,Netral
bagus,Positif
josss poko,Positif
sangat cocok,Positif
sangat bagus lama pakek aplikasi dana sangat memuaskann dana cicil instan tidak muncul padahal premium transaksi pakek dana tidak pakek lain moga dana cicil instan segera muncul akun saya,Positif
tarik,Netral
bagus lah ngirim jdi ringan,Positif
bagus,Positif
oke suka,Positif
aman percaya,Positif
singkat aplikasi nya bagus tapi ya notif nya kok hilang tidak kedengeran,Positif
bagus bangat,Positif
sangatt baikkkk ferstime pake dana termyataaa seseruuuuuuu ituuuuuuuuuuu kaliannnnn harusssss cobaaaaaa,Netral
bagus tingkat terus mudah akses,Positif
baguss aman,Positif
lo kalau buat aplikasi jangan rugi orang dong masa beli pulsa sukses tapi belum masuk,Negatif
cepat percaya,Positif
over all cukup the best saja buka halaman tab nya perlu loading beberapa detik agak kesal satu yaitu kami guna fitur cetak emas harap di serta tanda bukti detail cetak perlu berapa hari kirim nya rumah user,Positif
tugas gimana sih sudah kali hilang uang sana walaupun besar k tp harga itu jadi kali dong mau narik malah hilang uang,Negatif
bagus banget bugnya mau cair tik tok lagi metode bayar dana tidak benar makin uptade makin tidak jelas aplikasi simple tapi tidak hasil pencairanya tidak di tolak padahal verifikasi pihak sana,Positif
tidak jelas masa ganti pin aj ribet,Netral
sangat bantu,Positif
krm uang instan cepat kilat goodjob,Positif
tidak dana cicil,Netral
bir premium gmn,Netral
okey lagi mtap tahan kan layan nya terbaikkkkkkk,Positif
sangat bagus,Positif
bagus,Positif
bagus sekali,Positif
kak dana instan saya ko tidak bagaimana cara ada menu dana instan,Netral
sangat manfaat,Netral
amanah,Positif
sangat mudah,Positif
aplikasknya mudah guna,Positif
sengaja bintang jadi saya download kali kali mau buka tidak tolong dong kenapa,Netral
maless banget aplikasi ini tidak refund uang padahal kondisi daruratt uanggg tiba hilang danaa udaa lah aplikasi ko tidak refund uang aduhhh kondisi darurat lagu,Negatif
saya tidak download dana padahal memori hp gede,Netral
tingkat kadang sering lag kluar aplikasi yang lain bagus trimakasih,Positif
bagus,Positif
sekarang update baru dana lngsung potong google play,Netral
baik,Netral
aplikasi nya baguss cepat,Positif
saya nunggu dana paylater brp bulan mau tengah taun nunggu dana paylater ngaa muncul syarat sudah di penuh kapan muncul fitur,Netral
baik karena susah masuk dana sering keluar sendiri bahkan mau isi kouta keluar terus aplikasi nya,Negatif
baik,Netral
sangat bagus,Positif
dana sekarang lambat susah buka mohon solusi,Negatif
uang dalam ribu ad potong ribu mmng,Negatif
dana cicil tidak muncul,Netral
aplikasi tidak rekomen tidak di upgrade alas ktp tidak nali buat qris bayar lambat banget kalau bintang mau kasih bintang aja,Negatif
sangat bagus,Positif
bagus,Positif
bagussss sekaliii,Positif
bagus bantu banget terimakasih dana,Positif
sangat bantu,Positif
sangat bagus,Positif
dana makinn tidak jelas tiba bayar google tiba tiba bayar token anehh nih dana bikin muak aja,Positif
susah d guna,Negatif
bintang bicara,Netral
gimana baru bln lalu upgrade premium tp malah tidak masuk aplikasi nya keluar trs masuk mau pencet isi uang nge rusak dongg bener aja aplikasi nya tau gt tidak update premium biasa aja mudah loh harus maksa premium kalau ujung nya kyk gin,Netral
aplikasi sampah,Negatif
aplikasi dana tidak kirim uang k orang d suruh apgretd tpi tidak,Netral
bagus sekali,Positif
sangat puas,Positif
puas,Positif
suka dana,Positif
transfer bank tidak gratis,Netral
bagus,Positif
asli apa apa skrg nyambung google pay tidak langgan capcut tiba tiba bayar langgan via dana mana tidak di refund mana tidak chat layan nya dana kan lumayan duit segitu ilang tiba tiba,Netral
tiap laku verifikasi lewat whatsapp tidak pernah centang biru,Netral
layan sangat baik,Netral
bagus,Positif
bagus,Positif
aplikasi nya lama lambat terima kode tidak kirim,Negatif
aplikasi sangat bantu transaksi,Positif
dana buat kirim bri kok tidak hasil uang uang dana hangus tidak sangat kecewa aplikasi,Positif
aplikasi sangat bagus,Positif
bagus banget aplikasi,Positif
kirim bank mana ke lain praktis cepat,Positif
tidak pernah pinjol dana tapi tiba tagih akun tiap hari tagih makin naik pdhl cara tidak pernah ngutang dana dana cicil tidak akun mohon di tindak lanjut,Netral
apa sih tidak sih tidak usah muncul iklan terus tulis selamat telah dapat uang besar tidak peduli mau dapet mau tidak iklan nya ganggu tau tidak,Netral
kurang dana cicil bom muncul,Netral
baikkk mudah,Positif
di baru jadi tambah susah pakai nya sering keluar keluar sendiri,Negatif
luar biasa,Netral
hari gagal bayar tapi saya lunasin tidak di pake dana cicil nya,Negatif
sangat bantu,Positif
bagus,Positif
bagus,Positif
bantu uang masih no dana sudah tidak aktif otp nya,Netral
sangat boros kuota belum sempet gunain ehh suruh ubdate,Netral
bintang tapi ku bukan ancam,Positif
dompet bangga,Netral
aplikasi buruk masa hrs cari wifi buruk banget tidak pke kuota sendiri udh hapus,Negatif
sangat bantu sekali,Positif
fitur bagus jadi makin berat performa handphone,Positif
bagus,Positif
please dong dana telah update aplikasi tidak buat transfer uang ewalet kemarin lancar aja kok sekarang ganggu padahal sinyal kondisi bagus plis moga baca baik yah,Positif
oke lumayan,Positif
mau masuk keluar teruss ruang udh besar masih nge lag sinyal oke males download gin terus mau bayar tidak keluar mulu,Positif
lancar enak pake dana,Positif
bagus,Positif
bayar apa sangat mudah satu genggam dana pas hati pas kantong,Positif
cara aktif dana cicil,Netral
optimal,Netral
kmarin tgl februari saya transfer besar ribu tapi knapa tidak masuk hantar sukses,Netral
gratis transfer kali,Netral
aplikasi dongo uang hangus ribu bayar sendiri tidak izin saya,Netral
ingin aktif dana cicil,Netral
bagus,Positif
malam transfer temen kli tapi temn tidak masuk malam sama tdi pagi sya cek rekening kurang tpi kta tmn tidak masuk dn cek riwayat t transfer tidak,Netral
bagus dah,Positif
cepat mudah enak,Positif
sangat bagus baik,Positif
bagus,Positif
sangat bantu,Positif
sangat bagus,Positif
uang ketika transfer bank tidak masuk minggu sudah buat lapor beberapa kali tapi uang nya tetap tidak masuk sistem nya lebih gercep jangan suka nilep uang orang,Positif
puas,Positif
baik,Netral
baik,Netral
aplikasi kontll awas uang kalian hilang tiba bayar kalian tidak laku pihak dana tidak mau tanggung jawab ni aplikasi kerja sama ama pihak judol,Negatif
jos,Netral
baguss,Positif
bagus,Positif
mayan tpi penjagaaanya kurang si,Netral
kemarin kemarin malam tadi belum masuk transfer aplikasi dari pihak kirim pending uang potong kalau emang tidak transfer eror aplikasi dana kirim harap di kembali,Netral
very bagus for me and makes my business easier thank you,Positif
bagus,Positif
bagus,Positif
sistem transfer cepat biaya tugas kecil,Positif
aman,Positif
tidak tarik tunai terang akses jalan tutup bulan lebih,Negatif
bagus,Positif
sangat bantu,Positif
penguna setia dana hampir tiap hari mengunakan dana tapi dana instan tidak muncul lah munculin dana instan agar semua transaksi lancar program beta nyah penuh terus,Positif
bagus,Positif
dana cicil ko tidak,Netral
bagus gonjreng tidak pke lambat dana mantul,Netral
buruk sekali nang soal jual beli pihak tiga uang suka tiba tiba hilang kalau isi ulang suka potong mending ribu kami rakyat kecil sangat harga terus bagaimana cara kembali uang hilang terus gimana balikin uang,Negatif
sering jadi bag pd android samsung j prime aplikasi suka henti sendiri di baik sama tidak ubah tim dana jangan saya pindah aplikasi lain salah kecil tidak di tangan,Positif
lama banget jadi member premium,Netral
dana bagus banget sih tapi tidak tambahin fitur pinjam dana kaya aplikasi gitu seru,Positif
tidak jelas padahal premium tapi ada aja rusak aplikasi update baru tidak buka menu ewallet gimana mau transfer haduh buruk,Negatif
terimakasih,Netral
bagus banget sangat bantu sya,Positif
jos,Netral
bagus,Positif
bagusmbatu sangat ber mempat,Positif
sayang banget uang ku tidak masuk ribu gara gara limit please tambahin limit nya kalau tidak balikin uang ku ribu,Netral
dana cicil ko tidak buka bangrut,Netral
aplikasi bagus tapi fitur dana cicil ngak keluar luar,Positif
ada wallet dana sangat mudah menhasilkan samping,Positif
kartu hilang apa masuk,Negatif
bagus,Positif
sangat bantu bayar,Positif
donk min aplikasi dana tidak akses smpe uninstall download mau masuk malah g kata masalah jaring coba beberapa lagi padahal aq pke wifi aq cb pake data tetep g masuk aq kirim email jg no reply,Negatif
bagus sekali,Positif
bagus,Positif
bayar proteksi extra tiap bulan tapi dana hilang tidak di proses refund,Negatif
mudah dalam teranfer,Positif
sangat bagus,Positif
tolong min saya beli kouta internet dana ribu kok belum masuk padahal transaksi hasil,Positif
sangat bagus,Positif
dana cicil tidak muncul,Netral
sangat sangat bahaya sekali kalau verifikasi transaksi semua aplikasi meski langgan atau tidak harus ad verifikasi wajah masuk sandi pin sudah kali hilang uang aplikasi dana tahu utama lazada sama google play store masuk sandi pin aman nya ketat biar tidak ad korban lanjut sekian saya mohon apresiasi aplikasi dana baik baik,Netral
praktis,Positif
terimakasih aplikasi bagus bantu transaksi pun antar bank,Positif
mantaaapp,Netral
bagus,Positif
mudah guna,Positif
pake wifi kalau mau ambil uang transaksi nya kalau pake data seluler jaring masalah tidak guna,Negatif
bagus,Positif
tangan pindah akun lama bngt,Netral
uang sering potong potong konfirmasi saya kira knpa tidak di kembali uang nya pihak dana lah bantu,Netral
uang tidak di tarik lama hari kira orang tidak butuh duit apa,Netral
sangat membantuu sayang dana cicil nya tidak,Positif
bagus,Positif
limit dana cicil rp padahal sering transaksi tapi blom kasih limit tidak di pakai astaga,Netral
cepat recomended banget tapi limit dana cicil tidak dikit banget jadi transaksi tidak maksimal moga lebih baik,Positif
bagus,Positif
semua serba mudah kalau pake dana,Positif
jos,Netral
sangat bagus bisa mengrim uang lancar,Positif
sangat bantu,Positif
makin buruk bayar tolak terus tidak transfer keluar padahal lagu butuh,Negatif
oke,Positif
bagus aplikasi nya,Positif
bagus,Positif
bguss tabung,Netral
oke sih,Positif
ut iya,Netral
makin keinih makin susah buat masuk gmn deflofer baik dong aplikasi jadi ganggu banget transaksi,Negatif
sangat mudah guna bantu semua,Positif
sangat baik,Netral
dana cicil sya blum aktif lama pakai dana premium astagaa,Netral
munculin dana cicil dong,Netral
ups,Netral
puas,Positif
bagus min dah bagus rupa,Positif
makin kesini makin tidak bner dana semalem isi ulang pkai buat beli pulsa terus barusan cek kok tinggal ribu jelas kasih bintang biar baca terimakasih,Positif
bagus tpi suka susah buka si,Positif
sya kash bintang bagus,Positif
bagus up dana tapi dana tidak masuk,Positif
dong baik aplikasi nya masa mau buka aplikasi malah keluar terus,Netral
bagus,Positif
bagus,Positif
bagus layan,Positif
nice,Netral
kalau lewat jam knapa selalu baik,Netral
matap,Netral
bagus,Positif
iya dana makin kesini makin kesiniii ngebugggggg hp sya gabisa masuk tlong baru minn,Negatif
akun lma whatsapp nya tidak aktif akses pakai sandi sama verifikasi wajah di transfer tapi buat bayar metode kirim otp whatsapp gabakal lah aneh jadi uang pendem di dana mana customer service kek eek,Netral
bagus,Positif
bagus,Positif
bagus aplikasi sangat bantu transaksi,Positif
bagus,Positif
dpat percaya bgus mudah beryeran saksi aman,Positif
sering keluar kalau masuk aplikasi ny,Netral
sangat bantu,Positif
ingin hapus akun dana,Netral
dong dana bantu bugnya dibenerin lg dana cicil tidak guna limit msh dan cicil lunas semua bayar sblm jatuh tempo suruh k custemer care tp aplikasi tidak temu,Negatif
aktivitas dana cicil,Netral
lumayan,Netral
maaf kasih bintang dulu dikarnakan baru bagus up uang dana tiba uang nya potong otomatis sama langgan aplikasi ada notifikasi pemberitahuan lebih saya aju refaund malah tidak tingkat pusat bayar nya kalau ada notifikasi lebih jangan langsung otomatis potong gitu aja saldo malah potong sama pajak tolong di tingkat lagi terimakasih,Positif
tadi sempet tidak buat transfer tapi ku otak atik akhir,Netral
tidak upgred premium gagal terus gimna soh,Negatif
sering rusak tapi bagus kadang rusak kadang,Netral
sangat mudah transaksi,Positif
dana cicil tidak muncul mohon bantu bos kata dana cicil saya tidak muncul adm bilang tunggu hari saya hampir kurang tahun belum,Netral
sangat bagus,Positif
masa bagus up pi uang cm mask rupiah,Positif
sangat bagus,Positif
sngat mmbantu,Netral
aman,Positif
tetap tidak notifikasi dana cicil,Netral
aplikasi sekarang kadang susah tuk daftar,Negatif
bagus,Positif
aplikasi bagus,Positif
bagus suka apl,Positif
dana bagus,Positif
sangat bantu pokok,Positif
aplikasi dana sangat bagus sangat bantu,Positif
mudah gampang,Positif
mudah erti,Positif
aplikasi bgus digunakn,Netral
sangat bagus transaksi,Positif
jozz,Netral
baik bagus lebih tingkat layan,Positif
bagus,Positif
bagus tapi banyak rusak nya,Netral
akun dana tidak fitur dana cicil nya,Netral
update aplikasi nya bukan nya tambah bagus malah makin ngeselin susah sekali buka aplikasi nya tolong di baik masa tiap buka aplikasi uninstall terus baru buka,Netral
hebat,Netral
mohon maaf nilai kurang fitur dana cicil tidak muncul,Netral
ya dana tidak guna muter,Netral
bagus,Positif
oke,Positif
rusak mana mana,Negatif
knapa dana cicil bom nongol viktur,Netral
baik aplikasi masa masuk keluar sendiri kalau gin terus kasih bintang satu,Netral
aplikasi dana tidak maksimal tidak tahu siapa kirim nama bank nominal padahal penting saya,Netral
bagus,Positif
sangat puas menggunakn aplikasi dana,Positif
manfaat,Netral
dana belum d buka selalu minta bantu terus tpi nyata nol,Netral
dana cicil belum ya,Netral
alhamdulillah sejak pakai dana bayar mkin nyaman,Positif
lama belum bagus up lewat atm bri beri nilai buruk pihak dana segera tindak lanjut masuk saya tunggu bukti,Positif
mana dh bln lbh uang belum balikin pdahal sudah buat lapor ana beli pulsa uang dana potong tp uang belum masuk,Netral
sangat bantu manfaat,Positif
is bagus,Positif
tidak dapat dana cicil padahal transaksi banyak,Netral
bagus jamin,Positif
bagus,Positif
lumayan bagus,Positif
fitur bagus up customer sekarang selalu ganggu sistem sibuk terus,Positif
dana pinjam uang,Positif
aktif fitur dana x cicil,Netral
sangat bagus cepat,Positif
aplikasi dana sangat bagud,Netral
baguss,Positif
aplikasi aneh masa iya pas pake data gada jaring terus padahal sinyal data bagus,Positif
dana cicil tidak di guna padahal bayar juga sudah lama nunggu sering transaksi tp tetep tidak di guna aplikasi,Netral
sangat puas,Positif
udahh baguss si aplikasi cocok banget minus nyaa aplikasi dana tidak muncul fitur dana cicil adaa salah akun dana ya min,Positif
dana kurang guna minggu tidak dapet apa,Positif
sangat suka,Positif
bagus,Positif
sangat bagus,Positif
punya limit dana cicil tapi tidak di guna,Netral
sangat bergguna mudah kantong tidak tebel,Positif
puas banget,Positif
di upgrade baru tidak keluar fitur dana cicil paylaternya,Netral
sangat manfaat,Netral
sangat bagus,Positif
di update loading doank trs keluar sendiri makin buruk aja aplikasi nya,Negatif
yang sama tidak fitur dana cicil nya buka tapi belum pakai,Netral
gokil sangat bagus aplikasi,Positif
mantul,Netral
bagus tidak dana cicil,Positif
gada dana cicil,Netral
moga dana instan ny cepat muncul,Positif
saat tari uang tidak masuk dana padahal nomer hp guna benar,Netral
bagus luck,Positif
sangat bagus,Positif
kirim cepat,Positif
dompet digital sangat rekomendasi,Netral
akun dana sangat mudah transaksi tapi sayang nya akun tidak dana cicil padahal premium akun sudah lama pakai,Positif
bagus aplikasi,Positif
buruk aplikasi bukti transaksi tidak d cantum serta jumlah uang jadi uang hilang ngak d lacak hal uang hilang ribu ngak lacak kapan rena daftar transaksi nya tidak cantum jumlah uang saat iyya ribu sedikit tapi klau guna bagaimana terus mau lopor d mana inti buruk adu lopor itu cuma yang tida bantu sacara propesional,Netral
sampe sekarang gada fitur dana cicil,Netral
premium dana cicil tidak keluar,Netral
aman semua,Positif
terimakasih dana tahun bantu transaksi uang mudah tidak ribet,Positif
baru isi ulang dana ribu setengaj jam kemudia hilang giamana nih ganti tidak ko suka makan duit orang viralkan yu,Positif
sangat muas,Netral
bagus,Positif
sangat baik,Netral
mudah d bobol akun dana uang w ilang,Positif
dana payah layan tidak kasih solusi tidak traknski turut sldo potong tali terima tidak masuk jangn pernah dowload dna,Netral
layan tidak kasih solusi mitra jual dana kali selalu tidak atransaksi tidak jelasin kendala,Negatif
knapa dana tidak dana cicil nya,Netral
dana cicil ko tidak,Netral
moga sukses,Netral
bagus,Positif
dana cicil,Netral
kadang tidak terima bank dan akhir cukup sering jadi,Netral
sangat bantu,Positif
dana cicil tidak fungsi,Netral
sangat baik,Netral
sangat mudah,Positif
cepat mudah guna,Positif
bagus bos bagus,Positif
baik sekali,Netral
sangat bantu sekali,Positif
tlong lh kenapah aplikasi dana jadi elor gin kapan pulih,Netral
sangat bantu,Positif
lama lama dana ribet tari dana goals pakek verifikasi wajah kamera rusak bgst apa pin sama sidik jari kalau tidak guna tolol emang dana hal mudah di sulit,Negatif
hati hati deh pake dana uang ilang muluh ngelag gabisa tau uang hilang buat ap,Negatif
puasa,Netral
sangat buruk,Negatif
bagus,Positif
bgus sih ni cuma ko akun dana tidak kluar fitur dana cicil,Netral
baik,Netral
baik,Positif
ganggu nya lama sekali akan ubah reting kalau udh tidak ganggu,Netral
tahun tahun pake dana tapi bulan buruk saya tunggu tp tetap sama alas jaring trus pdhal data msh banyak tidak tarik tunai alfa dana cicil nol limit bnyk lg skrang saya sudah pindah aplikasi dan nyata lbh bagus,Netral
sangat bantu yang kurang paham teknologi mudah paham tidak ribet semua pakai dana jadi tidak perlu repot repot kalau mau bayar bayar,Positif
fitur dana cicil akun e wallet,Netral
sangat puassssss,Positif
sangat bantu,Positif
bagus,Positif
bagus pinjam dana cicil,Positif
mudah cepat simpel,Positif
uang dana hilang sekarang belum,Negatif
bagus banget,Positif
gmna ni masa mau masuk verfikasi otp mana no nya hangus balikin update belum woi duit dstu,Netral
mau dana cicil aplikasi dana tolong,Netral
suka kluar sendiri di baik,Positif
bagus,Positif
baik,Netral
bagus,Positif
mudah laku bayar,Positif
makin buruk,Negatif
tiap mau masuk koneksi masalah padahal jaring bagus haha lucu,Netral
bagus lancar,Positif
mudah cepat,Positif
baik,Netral
bagus,Positif
bagus banget deh,Positif
bagus terpecaya,Positif
has lima bintang,Netral
dana emang enak tapi tidak adil sudah primium aktif transaksi tapi dana instan blum muncul temen jarang transaksi tapi sudah ini buruk nya dana kaya undi aja,Negatif
bagus,Positif
sangat bantu bagus job,Positif
tidak dana cicil nya,Netral
bagus,Positif
sangat buruk sering rusak,Negatif
kecewannya hampir thn transaksi lalu dana sekarang belum dana cicil nya padahal saya belum pernah pinjol,Negatif
knpa dana tidak qris,Netral
tidak qr,Netral
nice,Netral
keman aneh bisa nya banyak riwayat judol padahal tak pernah pakai judol,Netral
woi dana gimana gua mau tranksaksi malah aneh sinyal jellek lah mau tranfer notif duh kaya ada kendala mohon coba nanti gua tunggu sampe jam aja gabisa tolong benerin mana mepet ini,Negatif
premium tapi tidak semua fitur dipake,Netral
gimna sih orang mau transaksi tidak dih kasih keluar terus apa dana eror otak gimna dana buruk mending kalian hapus,Negatif
minta sama pihak dana alih nomor ku hilang nomor baru tapi tidak bantu solusih sama skali malah beku,Negatif
bagus,Positif
bagus guna,Positif
kenapq tidak hapus aja dana cicil kalau emang tidak di guna,Netral
bagus,Positif
bagus,Positif
hilang uang dana aplikasi dana bagi kawan kawan percaya aplikasi dana pikir kan matang matang mnyimpan uang aplikasi dana trimakasih,Negatif
lumayan,Netral
dana cicil tidak,Netral
sangat bagus,Positif
sangat bantu sangat di percaya,Positif
bagus,Positif
gc masuk kok kyag gin dana sekarang masalah jaring asal masuk,Netral
bagus,Positif
aplikasi sekarang lambat banget padahal jaring kuat sering rusak butuh transaksi cepat malah jaring masalah terus lama lama pindah yang,Negatif
bagus,Positif
aplikasi dana makin kesini makin stress dh sering eror skalinya mau ngirim pake qr gangguanya lama bnget gampang banget bobol orang dh kali uang ku lenyap tidak jelas d colong org baik buka bener malah sableng,Netral
cara hapus data ktp dana premium,Netral
sangat baik bantu,Positif
harus aplikasi patok data ktp scan wajah segala kalau ujung patok masuk harus dari kode otp jengkel sekali masuk nomor hp hilang sudah scan qajah tetap harus kode otp mana saldo lumayan gede ribet sekali ngurusnya,Netral
baik,Netral
bagus,Positif
sangat bagus,Positif
sangat bagus,Positif
aktif dana cicil dong,Netral
dana cicil,Netral
baik,Netral
hadeee pokona mah,Positif
kata anti pending malah pending jam buruk kirim dana rek kok tidak masuk pending jam lebih lapor malah suruh tunggu paling lama hari buruk kecewa padahal sudah langgan lama,Netral
sistem dana tingkat jangan pokus tema aplikasi doang sistem up,Positif
dong pake dana bulan bulan gaa muncul jga dana cicil nya gaa worth it kalau begini,Netral
padahal penguna aktif dana tapi kok fitur dana cicil belum muncul gimanasih,Positif
tidak baik pelyanx,Netral
punya pitur dana cicil,Netral
bagus,Positif
aplikasi bagus,Positif
lama pakai sangat muas,Netral
bagus baik,Positif
bagus,Positif
sangat buruk aplikasi dana tidak pernah langgan uc drive premium tiba tiba uang di potong sepengatahuan saya ngata buruk berat,Negatif
bagus,Positif
bagus,Positif
sangat bantu,Positif
sangat bagus saja sering ganggu pas pake qris,Positif
qris ganggu mau main judi gimana sya mau main qris nya tidak di guna,Netral
bagus sih tapi lama lama kok aplikasi nya lambat qr harus nunggu waktu,Positif
sangat bantu banget,Positif
luar biasa,Netral
aplikasi buruk banyak rusak nya asli dah bikin keselll,Negatif
harga apa beri,Netral
benerin tuh sistem uang gua tiba tiba gaada fitur scan eror mulu,Netral
sangat manfaat cuma dana cicil tidak di aplikasi dana baru,Netral
bagis,Netral
apa memang begini kadang sukar buka keluar dari aplikasi,Positif
terlalu ngelag di baik,Netral
cukup sedikit buruk dana sudah sering transaksi guna aplikasi namun saat butuh dana instan dana cicil belum,Negatif
dana paylater tidak muncul padahal sudah penuh syarat,Netral
buruk guna lama tidak nikmat dana cicil dana instant padahal transaksi stiap hari,Negatif
percaya,Netral
makin lama mkin susah buka nya lambat,Negatif
klau maulihat propil mau cek inbox suka balik awal,Positif
bagusss,Positif
susah pake qris ganggu terus,Negatif
makin sini makin tidak jelas fitur bayar tidak d qris,Netral
aplikasi bosok tolol,Netral
tidak dana cicil,Netral
sangat bantu,Positif
aplikasi buruk sekarang dana,Negatif
sangat kerja sama sekali,Netral
bagus,Positif
bagus,Positif
sangat cocok semua orang baik,Positif
bagus,Positif
sangar guna,Positif
dana elor terus,Netral
mentang mentang udh laku jadi sering eror aris nya jadi tidak mau bayar tidak mana tempat umum,Netral
bgus,Netral
sangat puas mengunakan dana,Positif
kasih bintang dulu soal dana cicil belum sedang lain ada,Netral
senang,Netral
bagus,Positif
banyak bener eror nya mending tidak usah pake ni aplikasi,Netral
bagus mudah transfer gratis tapi di perbaikin jaring bagus tapi mau kirim duit lewat scan selalu masalah jaring sinyal bagus bagus di perbaikin,Positif
ganggu hampir tiap hari,Netral
bagussss,Positif
manpaat buat transfer tidak repot,Netral
sering kali potong kali ngisi,Netral
mantapss,Positif
bagus,Positif
luar biasa,Netral
bagus,Positif
oke,Positif
baik atas jam tidak laku bayar,Netral
jangan download tidak tarik uang dana goals uang utama lapor tidak tanggap,Netral
dana cicil masih beku padal hari aneh,Netral
menggunanakan qris tidak ja pitur ada kendala trus ah males bintang dlu aja lah,Negatif
buruk selalu batas,Negatif
sangat bantu,Positif
sering ganggu mulu tidak transaksi,Netral
sering ganggu ampas,Netral
verifikasi muka gagal terus padahal tahun lalu daftar pakai muka sendiri ganti hp jd enggak log in buruk banget,Negatif
blum muncul pitur dana cicil,Netral
bagus,Positif
aplikasi dana tidak transaksi alas nya karna faktor jaring padahal jaring aman bagus aja knapa tidak transaksi,Positif
bayar eror terus,Netral
eror terus apa,Netral
buruk banyak rusak utama waktu qris,Negatif
andal,Netral
aplikasi bodoh selalu eror,Netral
qris masalah tangan lama,Negatif
bagus bangt sangat batu,Positif
mantapp sangat bantu,Positif
bagus,Positif
sulit kalau nomor tidak buat masuk padahal akun dana pribadi sulit nya minta ampun buat masuk ulang,Netral
aplikasi sangat bagus,Positif
iya,Netral
ah tidak pernah kasih limit dana cicil yqng di kasih tidak trasanksi padahal sering banget,Netral
bagus,Positif
gimana sih sistem dana jam atas selalu gabisa transfer maupun qr aneh baik dong,Netral
saya guna sbg alat bayar,Netral
bagus sangat bagus,Positif
sih aplikasi dana di apgred trus bikin pusing jengkel aja,Netral
dana sempak tidak masuk selalu membal memang enak apa tugas kecil jg tidak pake tugas tapi aplikasi nya rusak membal keluar tidak masuk,Negatif
wah pitur dana cicil yah gx muncul orang mah muncul ko dana sekarang gin sih,Netral
aplikasi bagus cuma sekarang sering banget rusak laku transaksi guna qris mohon segera baik,Netral
simpn tabung dana,Netral
update tidak bayar pake qris,Netral
bagus,Positif
sialni dana makin lama bukan makin bagus malah sering sekali ganggu makin tidak jelas,Positif
lama kalau banyak transaksi,Netral
dana tidak jelas ngirim kadang kadang enggak hai tayo,Netral
harus limit apa guna,Netral
sangat bantu,Positif
sangat bantu,Positif
puas banget,Positif
di buka sendi aktifitas tidak di buk,Netral
kasih bintang bukan nilai baik kasih bintang buat keburu se buruk buruk nya aplikasi dana aman kurang baik sangat buruk samapi aplikasi dana bisa bobol dana bisa pakai sama orang tidak tau uang hilang hitung detik padahal baru isi ulang uang saya masuk cek masuk tiba tiba dana nya hilang semuah,Netral
lama masuk beranda,Netral
aplikasi di baik,Netral
aplikasi rusak,Negatif
bagus,Positif
uang ku juta lebih tiba tiba ilang udh lapor ana tidak selesai,Netral
aplikasi rusak,Negatif
dana edan eror mulu,Netral
kenpa dana sering ero mohon baik saya suka dana,Positif
dana keluar keluar bagaimana di baru keluar keluar terus padahal cheac semua aja keluar terus makin lama makin buruk,Negatif
kadang dana tidak aman byk masuk mncoba bisa tipu jangan boleh baik telkomsel atau lainnnya syapun pernh tipu,Positif
kalau tidak nyangkut potong tiba tiba tidak konfirmasi bayar apa apa tidak langgan apa apa layan payah chat bot doang tidak tuh tanggap bener ulang ulang aja tuh kata kata,Netral
sangat baik,Netral
premium tapi tidak laku verifikasi akun kalau pencet verifikasi akun tulis sudah premium lalu beranda klik verifikasi akun tulis akun sudah premium kembali beranda terus tidak habis nya seperti akun belum ke detect kalau premium tapi bisa transfer bebas saja profil saya tidak ada tulis premium nya padahal sudah premium jelas jelas gimana kendala,Negatif
sangat manfaat,Netral
sering ganggu pas genting nya,Netral
sekarang buka susah sudah diuninstal trus diinstal ttp sja tidak tolong dana,Negatif
guna aplikasi udh lumayan lama saya sering transaksi apl tapi untuk fitur dana cicil belum buka hingga ini,Netral
bagus sekali,Positif
bagus,Positif
aplikasi muter lma bet,Netral
kenapah sekarang mh susah masuk tiba keluar,Negatif
bagus,Positif
sangat manfaat bgi yang malas bank,Netral
update versi baru malah tidak scand barcode,Netral
sekarang semua pakai dana sangat mafaan,Netral
knapa akhr qriss aplikasi dana sering eror sih baik lgi,Netral
bagusmbatu,Positif
sangat baguss,Positif
mantapp gaessss,Positif
bagus,Positif
bagus,Positif
terimah kasih dngn apl sangan mudah kan transfer tari uang,Positif
selalu download ulang baru buka oppo a s baik lah tugas dana bukan masalah jaring aplikasi nya mulai tidak bener,Negatif
update terus monyet,Netral
tambahin dong isi paket vocer tv kavision,Netral
plis lah gimana update dana ngak transfer uang mau transfer uang eror mulu cek sinyal sama ganti provider aja sama gagal transfer mulu ngak jelas emang,Negatif
dana emang bagus dana bantu kalau punya duit gampang aja cara transaksi nya poko nya dana emang bagus lah,Positif
buruk kok dana sekarang suka rusak pas mau pakek qris aneh banget dah dong developer benerin sistem qris nya,Netral
aplikasi sering eror tidak di buka tidak kaya aplikasi jenis nya lain,Netral
kenapa ganggu trus tidak liat transaksi tidak isi pulsa,Netral
sengaja kasih bintang knpa kalau mau buka kandang kluar sendiri baik,Netral
bagus,Positif
bagus,Positif
sangat kecewa skali pusat bantu jawab otomat tanya jwb kembali dri akun lama saat belum sda minggu batal transfer tidak jls,Netral
sekarang susah banget buka dana,Negatif
bagus,Positif
fitur dana cicil kaga muncul padahal premium sering transaksi update baru aja kaga muncul tolong baik,Netral
bagus,Positif
opsi dana buat bayar buat transfer buat tarik tunai tidak tera sedang tidak sedia sistem sibuk padahal uang dana hari lebih bom buat transaksi jadi pas mau transaksi dana trus opsi bayar pakai dana tuh ada tulis tidak sedia,Netral
bayar qris eror tidak dipake,Netral
mangkin tidak jelas aplikasi sering eror,Netral
aplikasi praktis lebih mudah kirim uang sukaa,Positif
alhamdulillah lumayan puas tapi besok bonus kasih lebih banyak,Positif
sangat baik,Netral
dana instan tidak punya,Netral
anehh banget dahh ni satu aplikasi klw kaga pake wifi kaga mau buka padahal jaring normal pakai buat lain normal tiap buka malah reng koneksi tetputus bukan mudah malah bikin ribet yaa kali harus bawa modem somplak,Positif
tidak qris kenapa dana,Netral
saat pakai qris tidak,Netral
bagus,Positif
sudah lama transaksi pakai dana tapi tidak pernah fitur dana cicil nya padahal kalau isi uang dana kan pihak apikasi dana potong otomatis,Negatif
bagus,Positif
sangat suka baik,Positif
bagus bagus aja,Positif
manatap,Netral
tidak upgrade premium aplikasi dana,Netral
dikit kode otp alay lu dongo,Netral
aplikasi buruk gajelas suka nge lag juga tuh fitur dana cicil dana cicil udh lunas malah gabisa pakee,Netral
apa eror tidak kjelas,Netral
mudah praktis terimakasih,Positif
aplikasi nya sangat rusak skrng sering kluar sendiri kena phising tiba bnyak lgi masalah aplikasi dana sekarang,Negatif
suka keluar sendiri mau transfer aja nunggu jam,Positif
bagus,Positif
bagus,Positif
hapus ni app scam,Netral
sekarang qr nya sering rusak,Negatif
mantul,Netral
sangat muas,Netral
bagus,Positif
baik aplikasi dana masa masuk keluar terus,Netral
hapus ktp dana premium,Netral
mantul,Netral
bagus dana,Positif
bagus,Positif
tambah buruk tidak buka loding terus,Negatif
isi ulang via shopeepay pending jam jangan banyak masalah nya bisa tinggal guna,Netral
dana emang bagus,Positif
susah buka,Negatif
cepat banget,Netral
mqntap,Netral
ko haris d veripikasi trus ni aplukasi nya,Netral
sangat batu dan bisa krm uang mana aj,Netral
kalau limit tambahin min,Netral
bapuk padahal limit dana cicil namum tidak pakai,Netral
tahun akun dana masih belum buka kartu hilang mohon bantu tugas kasih bintang dulu kalau memang bisa guna saya kasih bintang,Negatif
sangat bantu bayar,Positif
sangat baik,Netral
gmna si rusak mulu qris nya nih emng aplikasi gajelas masa segitu aja lu kewalahan cuma qris ulang ulang kali doang ampe eror gajelas nyalahin sinyal nya padahal mh sinyal bagus aja download kenceng lah apa lawak,Netral
bagus banget,Positif
scen cacat,Netral
bagus,Positif
sangat puas,Positif
puas,Positif
bagus,Positif
bagus,Positif
lancar,Positif
aplikasi ras padahal sama guna dana tapi dana cicil nya beda bedain antar akun,Netral
bos aplikasi nya vagus,Netral
hallo min hanya tanya belum sedia investasi perak nya padahal sudah tunggu hehe,Netral
dana sekarang susah bangt buat masuk masuk ny lama seklinya masuk langsung kluar sendiri bikin emosi,Negatif
pesan nya lama banget,Netral
bagus,Positif
sangat bagus,Positif
sangat baik,Netral
ini woe dana kok tidak di transfer,Positif
bagus,Positif
bagus,Positif
mantappp,Positif
oke,Positif
baik,Netral
sangat batu aplikasi,Netral
best ewallet in the indonesia,Netral
uang di potong tidak tau jangan isi uang dana banyak anda nyesel,Netral
sangat aman,Positif
bagus kli,Positif
bagus banget,Positif
mantapp,Positif
bagusss,Positif
bagus,Positif
dana tidak masuk padahal akun premium mintak otp kalau kartu tidak aktif tidak masuk lgi akun sudah premium,Netral
bagus,Positif
mantab,Netral
aplikasi dana saat mau masuk keluar turus dong baik,Netral
oke,Positif
well poko dana th,Positif
mantaf,Netral
hp oppo tidak masuk,Netral
bagus,Positif
bagus,Positif
dana bagus,Positif
suka lambat pas masuk main nya install ulang terus,Netral
emang aplikasih tidak,Netral
senang semenjak aplikasi uang dana jadi mudah bayar apa,Positif
sangat puas proses cepat,Positif
terimakasih sangat puas,Positif
mudah,Positif
cepat kilat bagus banget,Positif
sangat muas,Netral
sukses slaluu jaya teruss pokonyah mantapp,Positif
mudah praktis fitur lengkap suka dulu kalau masalah sesuatu lain akan komplain media sedia aplikasi jika tidak tanggap akan komplain sini terimakasih,Positif
oke pokok,Positif
makin ngus,Netral
bagus,Positif
kirim uang jadi lebih mudah,Positif
bagus,Positif
okey,Positif
bagus,Positif
guna sekali,Positif
jos,Netral
dana bagus,Positif
aplikasi nya bagus cepat kalau jangan ber bayar kalau transfer,Positif
cukup puas,Positif
saat alih dompet digital lain makin lama malah tambah makin rusak tiap x mau masuk instal ulang terus kalau tidak tidak masuk,Negatif
aman tingkat please uang tiba tiba hilang tengah lihat list transaksi tidak notif bayar apa apa,Netral
sangat mudah guna,Positif
bagus,Positif
bagus,Positif
bagus banget transaksi cepat,Positif
semua transaksi jadi mudah dana,Positif
sangat puas,Positif
ko saya gda fitur dana cicil,Netral
bagus,Positif
bagus,Positif
dana is the best,Netral
tidak asa sudah kurang lebih tahun guna dana moga terus beri manfaat dampak positif terus kembang jadi lebih baik,Netral
oke,Positif
mantaaap,Netral
tidak ganti nomor baru,Netral
bagus,Positif
bagus,Positif
tidak ribet,Netral
mohon maaf pt exspay debit indonesi koe aflikasi sangat bantu itu di usaha baik cepat sering tidak loging masuk masuk mau transaksi ee malah logout keluar,Positif
cara kirim dana premium gimana uang endap tidakbisa apa kan,Netral
dana cicil tidak laku,Netral
hp hilang sama kartu nya mau masuk tidak suruh masukin kode otp gimana mau dapet otp hp hilang sama kartu tidak tidak masuk jadi tidak hubung ana,Negatif
oke,Positif
baik mudah,Positif
bagus,Positif
bagus,Positif
sangat muas dg cek in hari ngehasilin uang,Netral
pas,Netral
bagus banget,Positif
bagus,Positif
sangat bantu,Positif
ewalet baik,Positif
tambah di atur bisa hapus transaksi atau riwayat transaksi atau nomer tuju transaksi sudah ganti terima kasih,Netral
fitur dana cicil tidak lagi,Netral
bagus,Positif
bagus,Positif
akun tidak di buka scen wajah kata sandi sms atou wa nomber hilang gimana balas se cepat nya dong,Netral
mantep,Netral
sangat bantu,Positif
sangat puas,Positif
mantab,Netral
baik,Netral
bagus,Positif
buruk,Negatif
bagus,Positif
buka aplikasi selalu kres tutup makin buruk aplikasi dana sekarang,Negatif
manatapp,Netral
sangat bantu,Positif
kasih bintang klau dana cicil muncul akun sya baru kaish bintang lima dah aju bulan penguna dana thn payah dana dah aju capek,Netral
sangat bantu sekali transaksi saja gratis tugas,Positif
sangan bagus,Positif
dana cicil sayah mohon acc,Netral
suka dana,Positif
sangat bantu,Positif
sangat membatuh teriamah kasih,Netral
bagus,Positif
bagus,Positif
sangat bantu,Positif
dana bisnis sekarang susah sekali tarik biasa nya batas tari jam sore tpi sekarang jam malam baru di tarik sekarang tidak nyaman pakai dana,Positif
aplikasi nya rusak ngirim uang nunggu waktu jamm entah aplikasi apa susah buat kerja sama buat usaha pokok nya kurang dengan aplikasi butuh cepat hancur kepeecayaan buat nya terkadang kita butuh uang cepat tapi buat nunggu hari,Netral
sangat bagus,Positif
baik,Netral
fitur dana cicil tapi tidak pakai makin lama aplikasi makin tak jelas mau hapus pakai lama tidak hapus bikin semak hp,Netral
sangat bantu,Positif
aplikasi sekarang keluar masuk tugas baik maaf kasih bintang,Netral
dana cicil tidak,Netral
bagus,Positif
aplikasi ribet pake aplikasi jgan hp kamu hilang uang kalian d beku ganti nomor sia sia ibu alas pihak dana beku uang uang rb lenyap mesti uda kasi bukti yang real,Negatif
punya tidak keluar dana cicil nya,Netral
apa aplikasi kemaren bolak balik download dana sudah berapa data habis buka dana mental terus layar tidak jelas sekian kali nya download aplikasi,Netral
semua nya jadi lebih mudah,Positif
baik,Netral
sgt suka amplikasi mudah erti banget,Positif
sangat cocok aman,Positif
dong dana baik masa kali unstal ulang aja eror terus,Netral
trimakasih dana buat kerja sama nya bagus,Positif
aplikasi dana makin kacau kalau mau masuk susah minta ampun di install ulang baru bukak,Negatif
susah masuk selalu keluar masuk,Negatif
bagus,Positif
bgus,Netral
bintang tapi ku bukan,Netral
bagus,Positif
sedang pakai aplikasi,Netral
seringkalii dana tidak buka mentok di logo utama dana doang tidak masyk sering mental sblm masuk di update malah ampasss,Positif
bagus,Positif
aplikasi paling mudah transfer uang,Positif
jossss,Netral
akun dana tidak masuk hari,Netral
aplikasi lumayan bantu buat simpan uang transfer rekening,Positif
mnatap,Netral
aplikasi memang bagus tapi akhir kali hilang dana sedikit ribu,Netral
kok hp tidak buka dana yh udh kali kali pencet keluar melulu hapus,Positif
baik,Netral
dana tida bogus tida bantu,Positif
kadang tidak bisaa bukak jkadi hrs hps dsn donload kacau banget,Netral
aplikasi binatang nge rusak tidak jelas tidak di buka aplikasi uang gua sana,Negatif
dana cicil g d pakai sedang bayar jatuh tempo,Netral
bagus,Positif
bagus,Positif
lumayan bantu,Positif
ksi bintang moga bagus lah aplikasi kadang elor gimana tuh baik bos ku,Positif
akun tidak di buka,Netral
layan baik,Positif
baik,Netral
bagus,Positif
sangat praktis,Positif
sangat bantu,Positif
sangat mudah biaya adm sedikit,Positif
dana sekarang eror bangt kalau tidak buka hari aja tidak buka di uninstal terus kalau mau buka,Netral
puas,Positif
aplikasi kaya ee susah buka lambat,Negatif
oke,Positif
lemotttt ciok,Netral
buka aplikasi dana kluar sndiri padahal blum masuk,Netral
sangat bagus,Positif
guna aplikasi dana lama semua transaksi bagus cepat mudah fitur dana instan dana cicil nya bisa bantu transaksi segala butuh praktis nyaman aman,Positif
bagus,Positif
sangat puas,Positif
the best,Netral
sekarang susah masuk aplikasi,Negatif
buat dana terimakasih semua,Netral
iya nggk bonus nya tapi,Netral
sangat bantu,Positif
sangat bantu,Positif
jos,Netral
bagus,Positif
aplikasi bagus,Positif
cepat ribet,Positif
tidak muncul aplikasi nya,Netral
aplikasi asyu buat transfer g harus premium an dulu tidak yang dulu,Netral
bagus,Positif
sangat bantu mudah trima kasih dana mohon dana cicil aktif karena sudah lunas smua tagih terima kasih,Positif
sering keluar tidak jlas,Netral
kadang ngelag,Netral
sangat episien sistem dana,Netral
aplikasi banyak korupsi nya isi uang pertama rb potong sudah maklumin besok nya isi rb di potong kan tidak masuk akal tambah hari gua isi uang rb potong ribu mau apas ni aplikasi korupsi,Positif
buruk fitur dana cicil hilang tidak lagi aju banding sama tetap tak tanggap tahun,Negatif
bagus,Positif
gajelas tiba gua bayar buat bagus up padahal gua gada bagus up sama sekali tapi dm nya masuk sumpah gua gada duit malah bayar buat bagus up game,Positif
bagus tapi mangkin lambat ajh nh tidak buru buka aplikasi nya,Netral
bagus,Positif
bagus sih cuma kalau hp nya ram lambat buka,Netral
oke aplikasi dana bagus,Positif
bgus,Netral
aplikasi tidak ribet tapi sangat bantu sangat suka,Positif
bagus sangat bantu terimakasih dana,Positif
bagus,Positif
bagus,Positif
lama pakai bagus,Positif
bagus,Positif
mohon maaf atas pihak dana hormat mungkin cuma lalai laku transaksi ilegal jadi kait,Netral
sangat bantu,Positif
kurng puas,Positif
moga tidak masalah,Negatif
sangat muas,Netral
bintang biar baca dana makin tidak jelas akun tiba keluar mau masuk harus verfikasi otp nomor sudah tidak aktif mau ganti nomor salah verifikasi kyc email udh tidak berapa kali jawab tidak jelas bantu chat ana sama aja tidak solusi,Netral
suka aplikasi dana mudah transfer tarik tunai tambah bonus transfer x gratis tiap bulan bang dan gratis sama dana trmksh,Positif
bagus,Positif
tidak daftar dana cicil,Netral
bagus,Positif
overcllosh mulu,Netral
update lah kendala cek in dana deal sekarang malah keluar sendiri aplikasi,Negatif
bagus,Positif
sekarang hasil games tidak pernah masuk,Netral
baik,Positif
makasih,Netral
bagus,Positif
lumayan bagus,Positif
tidak dana cicil,Netral
sangat guna,Positif
bagus dapat serap,Positif
bagus kirim uang tidak banyak beri keluarga jauh mudah kirim,Positif
transaksi jadi mudah,Positif
barokallah,Positif
tak di buka,Netral
ya skrg dana g buka d unintal dulu trs download lg baru buka,Netral
dana cicil g,Netral
sangat baik,Netral
sangat muas,Netral
baggusss,Netral
bagusss guna,Positif
sengaja ngasih bintang full biar notice sama pihak dana akun belum jelas sekarang masuk masa kerja hari belum bisa teransfer gimana dong pihak dana masa aplikasi besar mau makanin duit nasabah nya hadeh dana rampok,Positif
gabisa menginstal,Netral
sangat muas,Netral
tari di akun qris sering masalah sudah kali kali ikan informasi tapi tidak direspon,Negatif
bagus skl,Positif
buruk aplikasi dana makin ngaco suka keluar sendiri,Netral
hari sabtu beli paket internet indosat selalu gagal apa dengan dana,Negatif
sangat mudah transaksi,Positif
bagus,Positif
kali saldo hilangg kapok tidak bakal pake nih aplikasi,Netral
susah masuk,Negatif
sangat bantu transaksi,Positif
bagus,Positif
aplikasi sering rusak kadang mentok logo kalau tidak aolikasinya sering keluar sendiri sangat ganggu sangat kecewa,Netral
baik,Netral
bagus,Positif
buka lambat ssusah banget buka aplikasi nya mau transfer jadi tidak lambat,Negatif
mudah cepat,Positif
aplikasi sulit dana sya,Netral
aga lambat,Negatif
sangat bagus bantu usaha,Positif
mantab,Netral
dana paling baik,Positif
bagus,Positif
mantapppp,Positif
aplikasi sangat baik,Netral
tidak jelas pakek ad tagih segala tidak ad nambah tagih tiba muncul sendiri tidak jelaaas aplikasi sedot uang mah ganti yang aja,Netral
sangat kecewa habis banyak uang buat nlp layan dana proses selesai masalah sangat lambat tele tele,Negatif
buka aplikasi dana selalu mental tidak masuk dana nya rusak nya fix jadi nya saya tidak buka dana karna mental,Negatif
bantu bangettt aplikasi,Positif
kapan guna dana instan,Netral
bagus banget mudah tugas tidak mahal,Positif
bagus bagus,Positif
pertama kali punya e wallet tidak kecewa apa aja jadi mudah,Positif
kesel x isi pulsa kok masuk rb dana gx jelas,Positif
tidak jadi,Netral
b aja,Netral
layan nya bagus,Positif
oke,Positif
bagus,Positif
puas sekali cepat,Positif
layan jual reksadana sangat sangat lambat,Negatif
aktipkan dana cicil,Netral
dana mudah sekali kehilagan uang tampa trangsaksi,Positif
bagus simple pada bank,Positif
sekarang lambat buruk,Negatif
sangat bantu,Positif
bagus,Positif
mntap baik,Positif
bagus,Positif
baik,Netral
bagus,Positif
bagus,Positif
bagus meski terkadang suka lambat kalau mau buka aplikasi,Positif
bagus,Positif
dana rusak tidak ke beranda nya baik aplikasi dana nya,Negatif
baik,Netral
pertama kali daftar bisnis langgan mulai banyak pakai qris mau cetak qris aja susah banget balik terus info aplikasi jelas aplikasi update,Negatif
sayang dana sering susah buka,Negatif
tidak aju dana cicil,Netral
dana ku hilang kembali,Negatif
lama lama aplikasi isi sangat wagu mau bayar pulsa kuota listrik tapi fiturnya tidak buka coba uninstal terus download malah tambah buruk,Negatif
oke,Positif
kayak mana nya aplikasi kau kirim uang tidak ngefreze for close sendiri bagus up begitu mau kirim uang tidak kalau mau bangkrut tutup bos tidak usah paksa kasihan konsumen buruk semua aplikasi pling lambat dunia,Negatif
dev buka aplikasi dana sekarang selalu ngebleng terus balik ke menu tidak buka aplikasi dana terimakasih,Netral
oke,Positif
goood,Netral
baik,Netral
kok aplikasi dana sekarang tidak tarik tunai yah harus lumpuh fitur tarik tunai nya seperti tinggal hitung hari pihak aplikasi dana bakal jadi maling uang guna,Netral
cara tarik uang salah transfer soal no salah kirim uang tidak mau kembali uang tsb,Netral
bagus,Positif
bagus baget,Positif
dana bagus layan nya tapi pernah sedot uang tanpa tahu di baru aman nya moga lebih baik bagus,Positif
oke banget,Positif
bagus,Positif
kasih tau knnpah stiaapp masuk kluuarr trus,Netral
aplikasi dana moga cepat baik nyaman guna soal dana sering sibuk ganggu,Positif
bagus,Positif
saat bagus apl nya,Positif
bagus banget,Positif
oke cepat tidak ribett,Positif
bagus,Positif
sangat bagus,Positif
baik,Positif
aplikasi sangat bantu proses tari transfer simpan,Positif
dana cicil tidak guna gimana orang mau bayar beli makin buruk dana buruk sama dana,Negatif
tidak masuk,Netral
dana tidak sesuai harap lebih baik uninstall bagus up besar tidak sekaligus x x ada potong transaksi dasar alam lama pakai dana,Positif
sering jadi beli bagus game item tidak terima tanggap aplikasi sangat lama,Positif
yes bagus,Positif
sangat indah bersih,Netral
sangat bagus mudah percaya,Positif
bagus,Positif
baguss lancar,Positif
bagus,Positif
aplikas suka kluar sendiri,Positif
sudah sangat buruk skrang uang sampai skrang belum kembali sangat buruk,Negatif
bagus,Positif
bagus bangett,Positif
dana cicil tidak guna padahal saya lunas belum ikan solusi,Netral
bagus mantab,Positif
sistem tidak aman banyak celah akun gampang retas,Positif
sekal kirimin uang sama pihak dana,Netral
bagus,Positif
halo kak sya barusan transfer tpi mau cek bukti transfer loading trus yaa mohon bantu kak,Netral
tidak muncul dana cicil kocak,Netral
bagus cepat,Positif
alhamdulillah,Netral
saya tidak daptar dana yah bos di bantu,Netral
bagus,Positif
sangat dukung,Netral
baik,Netral
bagus,Positif
bagus,Positif
saya tidak isi ulang selalu keluar notif rusak gonta ganti akun playstore tapi tetap rusak,Netral
mantapzzz,Positif
bagus,Positif
proses cepat,Positif
bagus,Positif
oke,Positif
mohon maaf update dana bisnis buat transaksi bayar dagang pakai qris proses nya hari lama sekarang sudah dpt qris mw cetak prin malah tidak unduh di ulang kali kali tidak juga baik mkcih,Netral
mas mbak gimana cara aplikasi normal mula,Netral
dana bagus tarik uang ambil uang,Positif
bayar mudah cepat bagus aplikasi tolong biaya transfer nyanjuga murah,Positif
sangat bagus,Positif
mau narik uang dana transfer konter lewat qr trus transaksi hasil tapi aplikasi konter nya gagal trus uang tidak dana kurang org konter tidak mau bayar karna aplikasi gagal jdi kek mana mohon di bantu dulu saya sudah laporin aplikasi dana malah jawab trus bolak balik tidak akhir,Negatif
tidak masuk,Netral
sangat bantu mudah guna,Positif
bagus bagus,Positif
mudah banget nyata,Positif
sangat cepat buat transfer,Positif
bagus,Positif
bagus,Positif
tangan sangat cepat terimakasih tahan,Positif
memang prakti,Netral
sangat baik,Netral
moga aplikasi drama tidak aplikasi drama lain bohong,Netral
keluar sendiri terus,Netral
aplikasi sering keluar sendiri,Netral
uang hilang mulu dana dana makin lama makin nyebelin mau ngambil uang eh uang nya hilang dana kesel banget mending hapus nih aplikasi dana tidak juga bikin duit hilang mending hapus aplikasi dana ganti ewalet lain nya bintang,Negatif
sangat muas,Netral
dulu tau ku ganti nomor ribet skrg susah bgtt udh suruh pindah akun oke lakuin eh ujung nya sama nihil alas aman lah skrg sistem sibuk nanya ana cuma robot oke kalau kurang jelas foto masuk di ulng tpi tidak jujur kecewa saat lgi butuh dana penting ada isi nya dana kuu,Positif
fitur dana cicil knpa tidak sedang sudah premium trus rutin transaksi,Netral
sangat muas,Netral
aplikasi depo slot judi nomer satu indo,Netral
dana sangat bantu sekali,Positif
bagusss,Positif
baik,Netral
sangat bantu,Positif
jir lah makin kesini makin ngeleg nih apl mau transaksi ngeleg padahal bagus jaring nya dah dah d utak atik tetep tidak ngarih nyesel si leg mlu smoga lebih bagus,Positif
sering banget sedot pakai dana ni,Netral
sangat puas,Positif
ada aplikasi dana sangat bantu sekali,Positif
aman sekali,Positif
bagus smua jadi mudah,Positif
bagus banget buat transaksi,Positif
sayah sangat bantu banet,Netral
bagus,Positif
bagus sekali sangat manfaat saya,Positif
bagus,Positif
sangat puas,Positif
aplikasi dana wajib kalian instal sangat mudah mudah erti,Positif
kirim baik,Netral
aplikasi mulai tidak bagus salah transfer misal kan tidak balik beda ama aplikasi ke gopay,Positif
baik,Netral
sangat baguss,Positif
aplikasi nya udh bagus tapi buat masuk dalam nya gila lama banget coba benahin dah udh hampir minggu nih mau masuk aplikasi nya selalu keluar terus,Positif
fitur dana instan dana cicil tidak padahal udh lama pake dana selalu transaksi lewat dana,Netral
sangat bantu cepat terpecaya,Positif
bagus tidak ribet,Positif
sekarang kalau mau buka dana nggebel aja tiap hari donlod dulu,Netral
oke,Positif
tidak masuk akun dana saya ya,Netral
sngt muadh dlm segala transaksi ny,Netral
bagus banget,Positif
kerenn aplikasi nya,Positif
baik,Netral
sangat bagus,Positif
sukses terus buat team,Netral
bagus,Positif
bgus,Netral
bagus,Positif
tidak tawar dana cicil jadi males transaksi pake dana,Netral
bagus,Positif
dana cicil lunas tidak di pakai apa telat aja kagak nya bisa di pakai gila lah gimana bisa maka nya payah,Netral
gimana sih kata suruh dm ig e mail dana tapi tidak balas nomor dana cantum tidak las pusat batu juara tidak di aplikasi nya cuma ana tidak jelas nih ig sya dm rk saya daftar dana lebih hari kemungkinanan sudah mau bulan tapi status sedang proses tidak notifikasi gagal mohon bantu cek cepat verifikasi,Netral
buka dong dana intantnya,Netral
baik,Netral
sangat puas aplikasj,Positif
hati hati dana sekarang uang hilang tampa tidak tahu korban uang hilang semua ludas pihak dana tidak mau ber tanggung jawab sangat buruk sekali atas kasus dana,Negatif
sangat profesional,Netral
baik,Netral
cepat,Positif
bagus tingkatka lg layan,Positif
baik,Netral
kadang lambat aplikasi pdhl jaring bagus aj moga lebih perhati mksih,Netral
aplikasi sampah banyak buq,Negatif
lama pake dana tapi tidak fitur dana cicil,Netral
dana cicil,Netral
mantaap,Netral
bagus,Positif
oke lah,Positif
praktis banget,Positif
ko kalau masuk ter pental mulu tidak di buka,Netral
puas banget,Positif
bagus,Positif
aman enggak gantung kalian maka jadi jangan salah aplikasi tapi bajar biar tidak bodohh kena scam,Positif
sesal mendownload dana,Netral
bagus,Positif
manatappo,Netral
sangat bgus,Netral
bantu,Positif
amazing aplikasi,Netral
sangat bagus,Positif
akun dana perangkat masuk ganti pin ini sangat bahaya uang ambil lalu transaksi qris smua tidak berita informasi kait transaksi yang curiga retas aman ambil uang bisa ganti pin transaksi arti proteksi dana tidak apa nya banding retas dan lapor pun hanya di layan chat bot jadi tidak ada solusi atas masalah saya ini,Netral
bagus,Positif
bagus job,Positif
senang,Netral
puas,Positif
dana dana skrng kecewa cuma transfer rb aja bank butuh waktu jam hadeh sedang proses lucu bangt,Netral
bagus,Positif
nyaman banget,Positif
susah mau upgrade dana premium kalau langsung bintang,Negatif
lumayan lah okey,Positif
bagus,Positif
baik masa iya eror terus,Netral
sangat kcwa masa buat lihat histiry transaksi aja lama bnget buka ny,Netral
mending pindah aja soal tiap chat asisten ana mau hapus akun premium tidak bisa heran,Netral
sangat baik,Netral
bagus,Positif
hati hati pinjam dana cicil soal pernah pinjam hari kemudian lunas lapor lunas tapi jadi bulan isi dana kurang otomatis bayar dana cicil asli curi pihak dana ini sangat resah lapor layan jawab ngawur,Netral
bagus aplikasi,Positif
layan bantu sangat buruk,Negatif
bantu,Positif
sangatttttttt bagussssssssss,Positif
luarbiasa,Netral
tagih dana cicil bayar minggu lebih tapi tetap tidak guna desk call dana bilang chat ana tp tidak jawab bingung saya karna bot jawab ai banget dulu aplikasi dana paling bagus tapi kalau sekarang paling aneh tidak jelas paling buruk kalau sekarang,Netral
bagus,Positif
kngpa tidak transfer,Netral
sungguh buruk transfer bank uda kena biaya dana duit potong lg gawat x dana sekarang,Negatif
dapat isi ulang luar negri sanya kirim hari belum masuk uang,Positif
gimna aplikasi dana mau bayar dana cicil ko aplikasi nya malah mantul trus kluar susah masuk nya baik ka lgi ganggu apa gmna ka d baik gilir telat bayar kya gin d salah aplikasi nya yang susah d buka susah jga mau bayar mental trus terus,Negatif
sangat bagus,Positif
sangat bagus tapi sayang dana cicil tidak di pakai laku bayar verivikasi wajah tapi langsung gagal ke beranda awal,Netral
lop yuuu dana,Netral
bagus,Positif
sangat bantu,Positif
bagus,Positif
bagus bngttt aplikasi nyaaa,Positif
nyaman,Positif
dana mental mlu benerin lah,Netral
simpel easy,Netral
sagat bantu,Positif
baik,Netral
sangat mudah kan,Positif
uang ku hilang ambil tuju ku dana ku uninstall,Negatif
sangat puas krn mudah dlm transaksi,Positif
aplikasi bagus,Positif
mntp sangat baik,Netral
bagus,Positif
bagus sekali lebih cepat bayar,Positif
lah pihak dana ubah kalau mau masuk tidak usah kode kalau kartu nomer hilang jadi tidak masuk bikin ribet di tiada nya masukin kode jadi tidak masuk akun dana sendiri karna kartu nomer hilang bikin ribetttt aplikasi gajelas bosokkk bikin frustasi,Netral
tidak pake aplikasi dana cicil nya tidak di pakai,Netral
pantastik simpel,Netral
sangat puas,Positif
maaf aplikasi dana ku kok eror terus sih apa masalah,Netral
aplikasi sering masalah sering ganggu jugak tiba tidak transfer kurang muas aplikasi,Negatif
moga bnyak menfaatnya,Netral
bagus,Positif
di buka kok selalu bolak balik,Positif
terimakasih merefund uang rena tidak sengaja langgan aplikasi otomatis makasih proses refund nya cepat dalam kurang hari,Positif
kok susah x buka apl dana dihp,Netral
akun dana alami tangguh permanen mohon bantu buka akun dana sebut dong,Netral
harga guna mulai hari saya pindah aplikasi lebih aman uang hilang tiba tiba tidak tanggap bagus,Positif
oke,Positif
bagus,Positif
buruk kirim uang gopay dana gopay dana hasil tpi gopay g masuk uangny,Negatif
jangan lah potong uang,Netral
bagus,Positif
bagus,Positif
app dana lama lama tidak buka pas di buka keluar hadehhhh gimana sii dong inih atasin gimana cara tidak keluar keluar,Netral
kembali uang ku bujang,Netral
bagus bantu,Positif
knapa dana sekarng susah skali buka uang hilang dana karna tidak di buka aplikasi,Negatif
mntap bos,Netral
bagus sekali,Positif
apa aplikasi sering tidak balik sendirikadang men baik udh kasihbintang limapadahal baik,Netral
puas ribet layan nya,Positif
bagus,Positif
wahh bagus,Positif
bagus,Positif
bagus sekali,Positif
sangat guna,Positif
bagus,Positif
sanjay bagus status persen,Positif
bagus,Positif
dana cicil limit tapi tidak dipake padahal tidak tagih nyesel pake dana,Netral
bagus kerja lancar hebat,Positif
bagus kali aplikasi nya murah buat bagus up game,Positif
selalu siap,Netral
bagus,Positif
muncul fitur dana instan dana min,Netral
bagus,Positif
sangat bantu swkali,Positif
mudah praktis,Positif
mudah transaksi,Positif
baik,Positif
aplikasi lengkap bagus sekali,Positif
buruk harus dana kalau isi pulsa nomor tidak aktif tuh harus gagal bukan malah hasil,Negatif
full kasi bintang,Netral
sangat amannn,Positif
bantu sekali sangat baik,Positif
bagus cuma susah buka,Netral
aplikasi dana telah update jadi tidak di buka ya di baik,Netral
obaik,Netral
lebih mudah aman,Positif
sangat puas,Positif
akun proteksi chat layan sulit,Netral
bagus mudah transaksi apa trima kasih bantu,Positif
tahan bagus bagus,Positif
bagus sekali,Positif
bagus,Positif
buruk fitur dana cicil muncul tp tidak diaktivasi gagal terus,Negatif
pingin aju dana cicil,Netral
bgus sekali,Netral
oke,Positif
baguss sekali,Positif
mantaaap semua masalah mudah pake dana,Netral
sekarang biaya adminnya yah kalau transfer mandiri kemarin ngak adaa,Netral
bagus sekali,Positif
bagus,Positif
aplikasi mudah banyak promo,Positif
kok mental terus dana buka,Positif
pokok bagus banget tidak ribet bebas tugas x tiap bulan bank mana tugas juga murah,Positif
bagus,Positif
bagus,Positif
fitur dana paylater,Netral
bagus,Positif
dana paling bagus,Positif
mantappppppp,Positif
aplikasi nya membntu tapi tidak pitur dana cicil atu dana darurat,Netral
bismillahirrahmanirrahim aman lah moga tidak hilang,Netral
bagus,Positif
aplikasi bagus banget deh,Positif
bagus,Positif
terbayik,Netral
bagus,Positif
sangat aneh mau lihat transaksi malah suruh tunggu malam,Netral
aman,Positif
mau masuk dana sya tidak pakai hp root tapi hp anggap root saya tidak pakai dana uang sayaaa,Netral
bagus,Positif
manttap,Netral
buruuukkkk,Netral
keluar terus rusak dana sekarang buruk,Negatif
bagus bagus,Positif
cepat praktis bagus job,Positif
tidak pake dana cicil pdahal limit,Netral
sangat baek sangat guna kaum orang sukses saya,Positif
bagus,Positif
tidak transfer uang saya,Netral
simpen dana sangat simpel,Netral
bagus akurat proses lancar terima kasih dana sya makin puas atas layan nya,Positif
aplikasi sangat baik mudah guna banyak pitur suka sekali pakai dana,Positif
tugas and develop ini aplikasi selalu keluar masuk sorang tiap buka selalu tutup sorang lapor layan ana tetap rusak gimna guna kalau aplikasi rusak mulu keluar masuk hampir bulan loh,Negatif
sekarang jadi suka keluar sendiri klw buka aplikasi tidak kaya dulu,Positif
dana sinting buka aplikasi pas dalam malah tidak bisa pencet apa langsung force close ngeblank item putih padahal cache sering bersih aplikasi selalu diupdate,Netral
sangat bagus sekali dana bagus buat tugas,Positif
cepat mudah,Positif
fitur dana cicil belum muncul padahal sering transaksi,Netral
aplikasi dana sangat mudah kirim terima uang,Positif
no hilang tapi masih ingat no pake muka jugak tidak no hapal,Negatif
mantabbbbbb sekali,Netral
buat buka emas tidak,Netral
ngg ke buka aplikasi,Netral
sangat baik mudah semua pulsa kirim uang murah gratis,Positif
sangat baik,Netral
aplikasi temen sya dana instan punya syaa tidak,Netral
bagus,Positif
ingin punya pitur dana instan muncul kan pitur dana instan,Netral
bagus,Positif
mantapppp,Positif
siiip,Netral
bagus,Positif
uang tiba tiba hilang tahu,Negatif
bagus,Positif
gabisa narik uang dana sekarang pas pencet langsung masuk halaman wah jalan tutup masa promo habis jdi mohon maaf turunin bintang bintang,Netral
sangat cepat mudah nyaman,Positif
bagus,Positif
sangat bantu,Positif
kok tiap buka aplikasi dana keluar terus,Positif
pindah akun dana selalu gagal layan selalu tidak di hubung,Negatif
aplikasi sampah tiba tiba uang potong karna bayar google ada konfirmasi nya konfirmasi dulu,Negatif
dana cicil tidak di guna padahal tidak pernah telat bayar bayar tepat waktu pernah bayar semua sisa cicil tapi limit dana cicil tidak di guna,Netral
baguss,Positif
tidak buka loding teruss,Netral
bagus tidak ribet,Positif
bagus sangat cepat buat transaksi terimakasih dana,Positif
aplikasi ngebug mulu kode otp tidak kirim transfer gagal banyak lah kurang mohon pihak dana segera baik semua,Negatif
beli paket data sini tidak pakai apa adek juga beli paket data sini x sekarang tidak pakai baik,Netral
bagus dah,Positif
bagus,Positif
gmn sekarang ko kaya gin fiturnya lupa pim dsrh wa ketik selesai tapi ulang ulang kaya gin sampe gabisa gmn sih,Netral
ini tidak kendala mungkin besok haha,Netral
aplikasi nya sangat kualitas terus tidak rumit transfer nya lebih mudah,Positif
bagus bikin semua mudah,Positif
sangat bantu kyk yang tidak pnya m banking,Positif
tfan jd mudah,Positif
aplk dana rampok samar uang sya hilang dana tidak bsa pakai,Netral
oke,Positif
hank sekarang aplikasi apa ini duluu g aman sj skrng stelah d update jdii hank layar jd putihh tlong baik,Positif
makasih baru coba aplikasi,Netral
gimana nih masa mbak ku ngirim dana dana ku kok tidak masuk masuk kemaren sore loh sampe sekarang minta bantu pusat help tapi cuman nyari history transaksi lama bru tidak,Positif
bagus,Positif
bagus,Positif
sip dah,Netral
bagus,Positif
tolonlah tiap transaksi aplikasi nya langsung keluar,Netral
mau mindahin akun aja diribetin sama aplikasi apa apa pake nunggu waktu lama banget cuma mau mindahin akun alas kasih bintang biar kalian liat nih komen saya,Netral
komplen tapi tidak solusi lewat email sama aja malah suruh chat ana turunin jadi bintang aja ah,Netral
aplikasi sangat bagus,Positif
baru update kemarin tapi gabisa masuk kak di baik ya bisa masuk baik,Netral
payah tidak aju dana cicil ada tagih layan langgan sulit akses robot jawab no recommended dana belum download jangan pakai aplikasi layan langgan sulit akses,Netral
cuma tidak fitur dana cicil nya saya,Netral
sayah udh isi dana rasaksi hasil lalu dna tidak tamah sangat buruk,Negatif
dana aplikasi finansial baik,Positif
bagus mudah transaksi uang,Positif
kirim uang hari tapi tidak kembang nanya tugas jg tidak penjelesan ada suruh nunggu hari aneh banget br kali smpe sgtunyaa,Netral
cepat skali transfer via bank,Positif
terimakasih atas bantu moga lancar risjikii y amiin,Positif
bagua,Netral
transaksi jadi cepat pakai kapan praktis pokona mah,Positif
imbal hari a tidak klaim tera verifikasi syarat akun ana tapi jawab putar padahal syarat semua penuh jg dana imbal hari jg tidak hari di terima ana beri jawab putar,Netral
sangat rekomended,Netral
mntap,Netral
penginstalan lama,Netral
bagus bagus,Positif
bagus,Positif
nice app,Netral
siapa kemarin pernah bagus up tgl jan alami ganggu nasional sampai sekarang belum kembali uang sedih,Positif
sangt menbantu,Netral
instal unistal ber xx hp oppo a f jangan masuk buka aja kagak tiap x klik keluar kalau tuju aplikasi untuk hp keluar baru seperti memang pindah aplikasi mah jangan bikin emosi ngabisin kuota gin developer,Netral
sangat bantu,Positif
sangat bagus,Positif
sangat bagus,Positif
bagus jos,Positif
bagus,Positif
sekarang dana eroe sih gabisa masuk,Netral
sangat bantu mudah transaksi,Positif
sejak app dana di cicil masih belum paham fiturnya awal ku anggp biasa karna sering ku pakai belanja lewat dana ku sadar fitur cicil nyata centang sendiri muncul pemberitahuan bayar cicil kaget lah bisa begini total bayar besar daripada uang habis mending ganti app,Netral
rusak eror keluar sendiri terus,Negatif
upradet dana premium ny lambat sekali,Negatif
tidak costumer service verifikasi foto susah butuh akte mati ahli waris padahal masih hidup masih uang tapi tidak di verfikasi akhir hilang,Negatif
kapok sumpah pake aplikasi kali transfer pending hari hari mending pakai aplikasi lain sudah bikin buruk buruk aplikasi,Negatif
aman percaya,Positif
aplikasi curi uang,Netral
oke paling bagus,Positif
baguss dna sngt bantu sya dlm bertraksasi,Positif
okee banget,Positif
sangat puas,Positif
bagus,Positif
mantab,Netral
sangat puasss,Positif
pihak dana akun dana tidak muncul dana cicil akun pakai sangat lama sudah dua kali aju mendaptar dana cicil tidak perna proses lalu lintas dana masuk akun dana aman untuk pihak dana sedang butuh sekali pinjam untuk sekarang,Positif
bagus,Positif
sangat baik,Netral
cukup bagus,Positif
bagus banget si perfect deh pokok,Positif
aplikasi dana sangat mudah cepat transaksi,Positif
aplikasi nya rusak,Negatif
ribettt banget pake dana premium segala nyesel download dana,Netral
nya aplikasi dana tidak guna verifikasi no telpon harus pakai gimana nasib nya orang no nya tidak aktif hangus,Netral
min gimana saya lama pakai dana dana cicil tidak kasih la gin dana,Netral
buruk,Negatif
tidak layak pakai selalu jadi target hack juga mama banyak daya baterai moga aplikasi lekas tutup,Negatif
senang mengunakan aplikasi banyak guna semua orang,Netral
sangat bagus,Positif
bagus,Positif
sannggat bagus,Positif
bantu tambah dana cicil menu akun dana saya guna operasi proses kembang bisnis sebut terimakasih atas kerjasamanya,Positif
sangat bagus tidak lambat,Netral
bagus,Positif
kexamanan jamin,Positif
mengupgradenya lama jadi lambat transfer,Negatif
sangat senang bangga,Netral
ox bngt,Netral
upgrade premium hari gila,Netral
dana bagus,Positif
moga dana cicil segera buka,Netral
bagus,Positif
baik,Netral
cukup bantu,Positif
aktivasi dana cicil,Netral
aplikasi baik,Positif
bagus dana sip,Positif
cepat terpecaya,Positif
baguss,Positif
bagus,Positif
kok tidak d unduh qris yaaaa lengkap semua vertikasi y uda selesai tapi tetep g segala cara y tetep g bln libih qris y tidak undah di baik biar enak kal sudah unduh qri y t kasik bintang skrg bintang dulu ana tetep tidak bisa bantu mohon di perbaikin,Positif
baik,Netral
bagus,Positif
fitur dana cicil limit sedia tapi tidak pakai mending tidak usah di hadir,Netral
sangat baik,Netral
banyak promo paket data,Netral
sangat batu,Netral
bagus banget,Positif
oke,Positif
mau masuk akun lama susah yaa verifikasi wajah alas koneksi internet putus terus foto gagal banyak banget alas jadi ogah make dana,Negatif
bagus,Positif
baik,Netral
urgent mau pake dana tidak buka buka,Netral
bagus,Positif
bagus cuma dana cicil tidak,Positif
dana cicil tidak sedia padahal tagih lunas,Netral
dana membut bantu,Netral
aplikasi buruk lunas dana cicilalah tidak di guna,Negatif
sangat baik puas,Positif
bagus bagus,Positif
bagus,Positif
kok dana ku tidak fitur dana cicil,Positif
ingin aju dana cicil dimunculka,Netral
bagus,Positif
guna lama cukup buruk aplikasi kagak jelas tidak masuk tambah suruh verivikasi kartu padahal kartu hilang emang verivikasi wajah doang tidak,Negatif
mau filtur baru,Netral
sangat mudah guna,Positif
aplikasi buruk,Negatif
bagus,Positif
dana tidak masukin no tlpn selalu masalah jaring,Negatif
sekarang dana sering keluar terus aplikasi baik,Netral
bantu kok tidak fitur dana cicil lain napa,Positif
better,Netral
bagus,Positif
aplikasi aneh tidak jelas lawak kocak salah kirim no tidak daftar masa di verifikasi hasil nomor nya ajaa tidak daftar,Netral
bagus,Positif
update dana sekarang rusak terus suka keluar sendri,Netral
tidak da dana cicil,Netral
aplikasi nya pindah akun aja sulit knpa masuk nya ribet kali ngk kayak aplikasi belah verikasi wajah malah mintak otp mana no nya nggk atktif pindah akun di coba kali kali tapi tetap gagal mana slado tinggal di akun nya aplikasi nya buruk min rugi kali,Negatif
kasih dulu knapa dana cicil hilang sendiri ka dong baik,Negatif
baik,Positif
bagus,Positif
uang tidak kembali,Netral
apelikasi cukup bagus,Positif
bagus bos sukses terus,Positif
dana ribet dikit dikit update dikit dikit update,Netral
aplikasi dana pepekk,Netral
sangat bagus,Positif
puas,Positif
cepat mudah,Positif
cocok sangat,Positif
uang potong ada pemberitahuan dlu sangat sayang kan harus nya transaki di tuju pin nih mah langsung ke potong uang,Netral
oke,Positif
bagus,Positif
bermanfaan buat transaksi hari hari,Netral
aplikasi nyusahin mau masuk aja susah saya mau masuk bukan mau daftar,Negatif
mantul,Netral
sangat suka sekali,Positif
sangat bagus,Positif
sangat bantu,Positif
bagus job,Positif
bagus,Positif
ko dana sana tiba tidak buka kenapa kalau bukak jaring masalah terus gilir ganti nomer bisa di jelas,Negatif
apa dah akun udh dana premium tp mau transfer tidak cuma sama dana tidak udh kali kali kirim lapor layan dana aplikasi tanggap tidak jelas tidak kasih solusi bingung lapor layan tidak ada maju kalau yang tau kendala nya karna apa plis layan nya tidak bantu,Netral
apa an nih awal lancar aja ngirim plsanya lha kok kemarennya ngrim plsa d saudara malah tidak kirim pdahal d jual uang pulsa dana eh sampek hari tidak trkirim d proses mulu tulis tidak untung malah buntung nmanya donk d perbaikin untuk ngirimnya,Positif
baik,Positif
bagus,Positif
bagus,Positif
dana ganggu,Netral
gagal kendala terus,Negatif
sangat bantu,Netral
pakai dana sangat muas,Netral
bagus,Positif
bagus,Positif
kasi tau no hp hilang dana udh kasi foto ktp muka tidak di layanin,Negatif
kenapa iya tidak liat riwayat bukti transfer iya,Netral
aplikasi dana sangat bagus bantu transaksi muda biaya tugas,Positif
min kok dana cicil ku tidak muncul saya dah sering teransaksi dana saya ku dah premium lol dulu nunggu muncul dana cicil tidak muncul aja lma dah,Positif
aman sentosa,Positif
bagus,Positif
aplikasi tolol,Negatif
oke,Positif
bagus,Positif
puas,Positif
bagus abis,Positif
bagus,Positif
praktis cuma dilay,Positif
update rajin lambat mkin buruk,Negatif
sangat baik manfaat,Netral
mau masuk keluar gimana mau jd member aplikasi dana,Netral
bos ko dana tidak dapat pitur dana cicil,Netral
terima kasih tim sukses dana telah bantu masyarakat kecil hingga atas mudah transaksi batas,Positif
aplikasi dana kadang eror kadang di hapus dulu baru bagus,Positif
sangat bantu,Positif
aplikasi nya bantu tapi kok punya tidak muncul dana instan,Positif
sangat cepat,Positif
bagus banget jauh dana e wallet baik indonesia,Positif
bagus tapi kok pajak nya,Positif
jangan taro uang aplikasi dana uang dana hilang tiba tiba niat mau nabung malah hilang uang dana pin doank tau liat transaksi yang transaksi padahal bukn yang transaksi saya minta aju kembali dana gaa kasih sudah minggu masalah yaa,Negatif
vini vidi vici,Netral
bagus,Positif
waw,Netral
ka d bantu tidak ya aplikasi dana sayah tidak d buka,Netral
cepat,Positif
di tempat tidak dana cicil yah,Netral
hilang ngapain suruh verifikasi wajah pake alas pulih akun buat ambil uang pihak dana kok bobol walaupun uang rb buat kaum tidak mampu hasil jerih payah bukan hasil nipu atau judi online,Netral
mantapppp,Positif
bagus,Positif
bagus,Positif
saat jaring lobet buruk saran nya app dana mohon mudah tidak usah jaring kalau orang pepet offline buka dong app nya kalau tidak ada jaring isi uang aja susah,Negatif
sangan bagus,Positif
bagus,Positif
sangat bagus,Positif
sangat baik,Netral
the best,Netral
saat tidak kendala semua lncar,Negatif
buruk sih mbalah update bukane lebih baik mbalah kagak buka dana keluar cuma logo dana hadehh baik dana,Negatif
mntap,Netral
jadi buruk sih gabisa masuk aplikasi ngestuck terus,Negatif
kurang bagus,Positif
sangat nyaman,Positif
baik,Netral
baik,Netral
gimana kata inves emas dana aman jual emas jt tidak riwayat transaksi uang tidak masuk uang sudah chat ana kata suruh menu help center terus tidak mendaptakan informasi pasti masalah jadi ana sampai sekarang belum mendaptakan jelas belum dapat uang riwayat transaksi gimana ni cara biar uang kembali ke uang dana toloong,Netral
bagus,Positif
bulan nunggu fitur dana cicil tidak muncul padahal chat ana sering transaksi tapi nyata suruh nunggu kalau tidak munculin fitur dana cicil nya jangan beri harapann suruh nunggu transaksi,Netral
sangat penting,Netral
sangat puas,Positif
saat buka aplikasi dana selalu keluar sendiri padahal gaada kendala sinyal handphone,Negatif
sangat efisien cepat,Positif
bagus,Positif
dana aplikasi sangat bantu transaksi cepat murah,Positif
jadi susah masuk loading lama otomatis menu utama baik,Negatif
bagus,Positif
buruk aman nya buruk dana ku sedot alas jelas padahal tidak pernah langgan situss tapi gtaau tiba tiba ambil paksa uang ku tamap persetujuaan konfirmasi sungguhhbjeleek bangettt aplikasi minim keamana huuu bintang satu mas kebanykann ini huuuu,Negatif
aplikasi bagus banget,Positif
dana cicil ku ngk alias tidak laku y,Netral
kasih bintang aja dana cicil bulan lebih tidak guna,Netral
bagus,Positif
sering eror,Netral
kok belum muncul dana cicil min,Positif
bagus,Positif
sangat bantu tahan kan,Positif
aplikasi gampang,Netral
tampil dana cicil,Netral
aplikasi dana hp susah masuk kk siap masukin pin malah stuck terus trims,Negatif
sangat batu,Netral
susah banget buat masuk padahal masuk pin verifikasi wajah harus kode otp padahl pakai ponsel lama sering masuk pakai hp tapi tiba ajah kek gin pas mau masuk kmrn tanpa otp bikin buruk banget,Negatif
aplikasi yng sederhana bagus,Positif
bagus,Positif
oke,Positif
is the best,Netral
kata download uang kosong isi uang masuk pas mau guna eror bagai alas aplikasine mukidi kayak nya,Netral
kata suruh pake ana nanya tetep aj tuh gbisa buka aktivitas keluar nya,Netral
bagus,Positif
kasih nyaman lah android,Positif
dana nya enggak transfer pas update masak suruh tingkat kan dana premium buruk tapi boooong papap le pap le pale pale,Negatif
sangat puas,Positif
kurang puas tidak ubah pin,Positif
dana tida masuk bagaimana cara ngatasin nya min gimana,Netral
aplikasi ewallet paling tidak aman layan layan buruk bener kok bintang bila perlu bintang,Positif
lancar bagus kirim lewat aplikasi dana,Positif
kren,Netral
wajah,Netral
gaga ben lh,Netral
dana tidak dana cicil nyah gimana cara,Netral
sangat mudah nyaman guna kan,Positif
sanggat muas,Netral
bagus,Positif
jangan pernah isi e money sini asliii pending duit tidak balikk,Netral
jos jis,Netral
simpan uang tidak aman kalau dana uang tiba tiba hilang lebih,Netral
udh download kga muncul tapi isi dana masuk,Netral
sangat bantu,Positif
bagus banget bagus aplikasi dana,Positif
muncul fitur dana instan,Netral
bagus,Positif
pake aplikasi dah lama tapi filtur dana cicil dana instan tidak premium transaksi tiap bulan kadang puluh tagih aplikasi tidak orang orang jarang guna dana dapet filtur nya malah tidak dpt,Netral
anjayyuyy,Netral
sangat bantu,Positif
bagus,Positif
bagus,Positif
sangat baik lanjut,Netral
tidak milik fitur dana cicil pdhal transaksi dana sering,Netral
sengaja bintang biar balas min dana qris bisnis masih belum di cetak nunggu sudah ada minggu lebih pas daftar tulis nya minggu sudah lebih masa belum verifikasi jelas mimin dana,Netral
bagus,Positif
pake rekan dana tidak ada tulis sistem sedang sibuk chat ana tidak gimana sih layan dana tidak jelas banget,Netral
kali gagal transaksi uang kurang hilang,Negatif
aplikasi dana memang,Netral
sekian lama guna aplikasi dana tapi tak pernah timbul dana cicil orang baru pake dana ada dana cicil tiap beli selalu pake dana,Netral
mudah ribet,Positif
di baik aplikasi dana nya soal sering porclos keluar sendiri padahal ram di baik cepat,Positif
mantepp,Netral
aplikasi dana sya tidak di buka yah mohon pihak kait bantu nya,Netral
sangat bantu,Positif
makin lama makin susah buka aplikasi dana makin tidak jelas,Negatif
okh,Positif
kok tidak ficture dana cicil,Positif
sangat buruk,Negatif
prbaki akun yang selaluh pakay org,Netral
baik,Netral
suka mental mental aplikasi,Positif
baik layan,Netral
dana aplikasi lambat sering keluar sendiri,Negatif
bagus soh,Positif
sangat bagus bayar digotalnya tapi belum coba fitur dana instan nya,Positif
sangat bantu tuk transaksi,Positif
oprasional cepat tepat mantaaaaap,Positif
ik,Netral
bagus,Positif
bayar gagal,Negatif
dana emang bagus,Positif
sangat bantu,Positif
bagus,Positif
terimakasih bagus banget,Positif
sangat bantu,Positif
next update bisain pake nick mandarin,Netral
bagus,Positif
lumayan,Netral
sangat bagus,Positif
tidak dana cicil nya,Netral
isi pulsa kuota bayar apa tidak pake ribet terima kasih sangat bantu,Positif
akun dana nomor nya tidak aktif tidak ubah nomor akun dana saya sebut,Netral
suka keluar sendiri,Positif
bagus,Positif
sangat bagus,Positif
sangatt baguss,Positif
kasih dulu karna dana cicil tiba tiba hilang,Negatif
sangat bantu sekali,Positif
sangat guna sngat baguuuuuusssss,Positif
terima kasih,Netral
aktif dana cicil nya,Netral
dana nge rusak beli kuota data telkomsel bayar pakai qris dana potong kuota tidak masuk aktivitas tidak,Negatif
dana update baru sudah pakai dana premium masih susah masuk,Negatif
bagus,Positif
sangat sesal pakai aplikasi dana utama dana bisnis guna terima bayar parkir uang ada rb lebih raib ada jelas pihak dana saya himbau semua orang hati hati pakai aplikasi dana,Netral
masuk selalu mental instal ulang baru,Netral
ada nya apl dana semua jadi mudah,Positif
bagus,Positif
moga tetap lancar selalu,Positif
bagus,Positif
sangat baik,Netral
bagus,Positif
sangat bantu,Positif
dana aplikasi mumet masuk akun sendiri muter muter tidak cukup pin sama poto wajah otp segala bikin emosi,Netral
kasih bintang aplikasi sangat bantu saja sampai sekarang masih belum guna fitur dana cicil dana instan padahal sdah sangat lama guna aplikasi,Positif
kak dana cicil kenapa ngk ya,Netral
baik,Netral
knapa dana cicil tidak muncul akun,Netral
populer,Netral
mau narik dana bisnis eror terus,Netral
sangat bantu medahkan dlm transaksi bayar belanja,Positif
di akun dana gx dana cicil,Netral
bagusss,Positif
bagaimana sih masa mau foto ulang ktp malah kendala trus padahal jaring ku bagus aneh dah,Netral
rusak,Negatif
sangat bagus,Positif
sangat puas,Positif
baguss,Positif
verifikasi wajah masalah,Negatif
oke,Positif
bagus,Positif
puas,Positif
suka banget,Positif
gimana cara atas kena passkey sampe tidak bsa masuk akum dana ny tolong bantu,Netral
aplikasi mau menang sendiri pihak henti dana cicil tidak profesional sama sekali,Netral
bagus,Positif
upgrade premium tapi tidak transfer,Netral
aplkasi dana bru donlod kmrn skrng tidak kbuka masa sekali pke doang besok donlod lg,Positif
mau bicara layan manusia jawab bot mulu tarik dana uang bisnis rusak mulu mau kapan layan bot terus,Negatif
bagus dapat dana cicil,Positif
sangat bantu trmksh,Positif
makin update makin tidak jelas ni aplikasi mau masuk minta kode otp dengan verifikasi wajah pin cukup harus pakai otp segala nmornya sudah tidak aktif ni aplikasi udh mulai main curang pdhal uang ku ada tapi tidak buka aplikasi sampah,Negatif
makin updeat makin susah,Negatif
sangat bagus sekali aplikasi bagus dah,Positif
oke,Positif
sangat bantu,Positif
bagus,Positif
oke banget,Positif
dana topmarkotop,Positif
moga dana cicil bisa sedia,Netral
buruk guna lama tidak fitur dana pinjam,Negatif
pertama buat akun premium pake ktp orang tua sekarang jauh orang tua dan ingin guna ktp atas nama saya hubung ana pusatt bantu tapi tidak selesai selesai kendala saya alami,Negatif
mohon pihak dana hilang kode otp masuk akun banyak guna keluh soal gagal masuk buat kalian hilang kartu sim wa siap akun dana kalian hangus uang kalian abis makan nih apl,Negatif
aplikasi nya bagus tpi tk ad dana cicil,Positif
sedia dana versi lite hp tidakl support menginstal,Netral
puas mudah cepat,Positif
buruk,Negatif
simple sangat bantu jam serba teknologi,Positif
bagus pokok na mah,Positif
jelekkk banget bagus up e toll transaksi hasil uang potong tp uang etoll tidak nambah jugaa trus uang kemanaaa gimana kalau desak gerbang toll baca nyata kasusu kaya gin enga satu alias banyakk dana loh masa kaya gin tidak trusted ngehubungin dianaa jawab ai nge dm dana instagram tidak balas nyari info email tidak mana,Netral
simpel sangat bantu transaksi maupun lain terima kasih dana karna dana lebih mudah laku segala ketika tidak bawa uang cash sekali saya ucap terima kasih,Positif
bagus,Positif
pakai dana bagus sekali,Positif
best,Netral
baik,Netral
bagus bnget bagus,Positif
sunguh batu,Netral
update fitu dana emas tidak buka alasanya koneksi internet padahal buka menu dan aplikasi bisa,Netral
belum si aman aman aja tidak yang menggangu sama sekali tapi semenjak premium kan jadi sering ngelag kadang gabisa buka dana nya terus baru mau masuk aplikasi dana malah mental harus usaha buat hapus aplikasi nya terus download baru di buka yah heran,Positif
barusan daftar dana premium pake foto yang real no fake malah tolak tidak sesuai muka padahal sudah pake foto selfie tolong pihak dana butuh dana premium buat sewa tukang sedot wc,Netral
sangt suka,Positif
baik,Netral
bagus markotop,Positif
tanggap kirim uang akun rekening bank lewat aplikasi dana aplikasi sukses tapi aplikasi bank tidak sukses uang saya belum saya lapor aplikasi tapi tetep tidak balik uang dong di tanggap kilat,Netral
bagus,Positif
heran akun dana ko nomer nya pakai orang padahal gapernah tak daftarin tulis nya akun mu sedang lindung se lemah kah di dana jadi ragu tidak dah pake ni aplikasi,Netral
selesai masalah cuci tangan tidak rekomendasi lalu belum selesai malah tambah tipu kalian tahu jawabanya yep lepas tangan hati user banyak cari email lewat pesan ulas dan kirim email atas nama layan dana jangan saya dan kalian tahu dana tidak mau tahu duit yang hilang karna mata rela transaksi sah,Negatif
muas cepat transfer dadak,Positif
sangat batu mudah guna,Positif
sangat bantu transaksi,Positif
limit sedia tapi tidak guna guna dana lama baru kali saya kecewa,Negatif
bagus,Positif
bagus,Positif
thank you,Netral
wooi dana sekarang mau masuk minta kode otp nomor ny udh hilang verifikasi wajah pin kn cukup harus minta kode otp lgi dulu tidak ini kalau mau masuk verifikasi muka udh masuk,Negatif
sangat bagus,Positif
kurang muas susah otp,Negatif
mengunakan dana sangat praktis,Positif
bagus,Positif
sekarang hape samsung j prime tidak di buka blenk terus,Netral
susah sekali hapus akun pihak dana tidak mengijinkan saya hapus akun alas aman dasar pihak dana tidak tanggung jawab beri tau pihak dana saya mudah hapus akun jangan selalu alas,Positif
bagus banget simple fast tanggap,Positif
cukup baik ini cukup aman terimakasih,Positif
saya download aplikasi dana wa tidak muncul,Netral
muas,Netral
cara hapus riwayat aktivitas uang keluar uang masuk kok tidak yaa cara hapus kasih tau cara,Positif
dana bagus cuman akhir akhir buruk beli pulsa kuota listrik tidak sama tidak buka history kirim,Netral
kadang rusak kalau buka aktivitas,Negatif
sangat luar biasa,Netral
cepat,Positif
sangat bantu ber transaksi trima kasih dana,Positif
sangat bantu kan,Netral
dana cicil tidak muncul kn,Netral
tidak atas perihal kartu hilang tidak aktif masuk udh masuk pin verifikasi muka tapi aja pake otp nomor tsb gada minta saran layan email sosmed dana tidak semua udh mau hari gabisa masuk,Netral
dana baik cepat mudah,Positif
sagat untung yaman pakai,Positif
okay boss,Positif
ingin dana cicil,Netral
sangat aman mnggunakan dana simpel,Positif
bagus,Positif
uang tahan dana tgl februari saat g tanggap lapor tgl aju minta tunggu x jam lalu jawab tunggu lgi x jam coba tetap tidak lapor ulang minta tunggu x jam skrang jawab tunggu lgi x jam benar kalau kasih layan,Netral
bagus,Positif
akhir akhir afk sering eror males mau beli plsa dta listrik tiba tiba keluar sendiri,Netral
orang pakai dana cicil malah ngak bisa gimana sih sekian lama pake dana belum dana cicil,Netral
aplikasi mkan duit orng,Netral
uang sering ilang komplain tapi ttp tidak jelas auto uninstal,Netral
baik,Positif
oky,Positif
baik,Positif
buat bagus up data pulsa bayar listrik tidak buka,Positif
oke,Positif
bagus,Positif
abis update makin kek aneh lu dana lolot,Netral
bagus,Positif
bantu no dana sudah tidak aktif hilang sayang pindah akun premium ke kartu baru sudah ikut inturiksi layan dana tapi gagak terus bantu min,Negatif
kasih bintang dulu masalah aplikasi dana ndak di buka,Negatif
baik,Netral
baik,Netral
dana cicil dana instan,Netral
bagus banget kirim apa,Positif
bagus,Positif
sangat baik,Netral
bagus,Positif
cukup baik,Netral
mantab sangat rekomended,Netral
baik,Netral
bagus,Positif
bagus,Positif
aplikasi apa beli kuota tidak sampe keteranganya sukses kan aneh chat layan malah gua ngirim chat padahal kirim sendiri kaya pihak kirim chat chat layan niat mau lapor masalah tidak sampe kuota tapi malah chat otomatis yang gua sendiri aja tidak ngirin chat,Negatif
sangat bantu,Positif
mantaaaap,Netral
mantaf,Netral
baik,Netral
dana cicil fitur tidak,Netral
cara mudah transaksi,Positif
sangat bantu,Positif
suka rusak,Netral
dana nyh bagus,Positif
ya sekarang dana selalu lambat masuk tidak kaya dulu lancar cape selalu donwlod hapus,Netral
mudah jamin aman,Positif
bagus minnnn,Positif
bagus aplikasi nx,Positif
platform harus paksa upgrade data diri kalau tidak cuma bayar doang mau transfer akun e wallet pun tidak tidak anjur di download mereka team dana tiba tiba laku baik itu mereka laku ygy lampu kuning pokok mana aplikasi supp banget sama judol lampu kuning ygy,Positif
aman nya lebih jaga masa uang sedot apple servis padahal tidak pernah pegang hp apple lain punya akun apple kalau uang di kembali sangat kecewa guna,Positif
min maaf kan isi ulang game mobile legends dana tapi ko tidak masuk masuk diamondnya kata orang tukar voucher dulu tapi tidak notif soal voucher atau tuju buat voucher kalau harus apa min sayang banget,Positif
baik,Netral
aplikasi luar biasa dana semua jdi mudah,Positif
bagus sekali,Positif
aplikasi dana bagus sekali,Positif
knapa ko tidak krm uang stelah isi saldo ko tidak di tarik di krm padahal di apdet uda krm data diri,Netral
masa dana ada dana cicil saya tidak dapet,Netral
gimana mind sering close terus aplikasi nya masa mau unistal terus install lg baru aduhhh buruk,Negatif
baik,Netral
bagus,Positif
baik,Netral
sangat bantu sungguh guna saya sekian terimakasih,Positif
bagus,Positif
dana sekarang makin tidak jelas uang potong otomatis tidak konfirmasi uang nya tidak kembali kan,Netral
sangat bantu,Positif
bagus,Positif
cmn mes kalau mau masuk jaring masalah trus padahal jaring lancar banget di benerin lg,Netral
aplikasi kasi dana sanggat bagus sangat puas sistem kerja,Positif
sangat baik mudah transaksi uang jarak jauh,Positif
saat dana cicil tidak muncul,Netral
transfer succes tidak masuk,Netral
bantu cepat,Positif
sangat bantu,Positif
laku aplikasi dana tahun tahun baru kali bayar tidak masuk uang sudah potong pas laku bayar peroses terus ke detail transaksi situ tulis transaksi hasil tapi uang bayar tidak masuk akun kasir buruk sama aplikasi dana,Negatif
ngak dana cicil,Netral
aplikasi tidak aman asal potong tidak teu uang apa uang tuju,Positif
bintang dlu soal dana cicil blum guna,Netral
bayar guna dana cicil terus terus,Netral
uang tiba tiba hilang transper sendiri hadeh,Negatif
dana kapa sering ganggu mau transaksi gagal mulu,Negatif
gimana bkin lapor data lengkap akun ttp tidak di pakai parahsih dana mau ngambil uang orag,Negatif
bagus sekali,Positif
bagus,Positif
alhamdulilah normal log moga lancar truss,Positif
selalu mati tak tanggap akun,Netral
bagus,Positif
aman guna,Positif
hilang uang ada tuju tiba tiba transaki google langgan aneh,Negatif
makin mudah cepat hal kirim uang,Positif
aplikasi buat lebih gampang transaksi,Netral
oke,Positif
bagus,Positif
sekarang di update keluar terus pas sedang transaksi,Netral
aplikasi sering update ko jadi rusak tidak buka baik biar nyaman guna aplikasi ini,Positif
tidak saran akun dana gampang bajak ana tidak bantu kembali uang sudah transaksi orang asing tidak kenal,Positif
bagus,Positif
puas aplikasi dana,Positif
sangat baikk,Netral
bagus,Positif
dana tidak dana cicil nya,Netral
tidak buka aplikasi,Netral
bagus,Positif
bagus up kirim uang cepat,Positif
kadang tiba aja susah masuk pdhl jaring bagus,Netral
ni kasih bintang di bales kok pake qris dana tidak di tarik padahal jaring bagus tapi tulis nya sedang rusak,Positif
sengaja kasih bintang karna belum tarik uang sini,Netral
ken dapet fitur dana cicil tapi belum muncul coba kasih dong,Netral
update malah eror,Netral
layan sangat buruk mau aju refund barang tidak terima tapi jawab nya bot jawab jawab itu aja ulang ulang beri ada selesai,Negatif
aplikasi dana bagus,Positif
aplikasi nya masuk paksa keluar min bntu lah cara nambah scrensot gma min ada ni dana tetap tidak di buka,Netral
bagus,Positif
di aplikasi dana sya tidak buka bukti transaksi mau beli pulsa paket tidak juga,Netral
hanya kasih bintang satu lama guna dana tapi tidak fitur dana cicil,Netral
bagus,Positif
bagus,Positif
ada kendala akun dana no dana kan uda ega atip gimana cera nya mau kode utp nya,Negatif
tidak tau dah update masa tidak bagus up game eror eror mulu teruss skrng kalau mau transfer tidak bisaaaa benerin dongggg sengaja tuh saya kasih bintang biarr liattt,Positif
kasi bintang transfer ke ovo masalah,Negatif
dana,Netral
bagus mudah,Positif
bagus,Positif
uang hilang sebab tanpa gera sama sekali cuman riwayat transaksi nya saja dana tidak bantu sama sekali malah mikin uang hilang saja,Negatif
rusak tidak masuk diem terus jadi pas mau masuk dowload ulang terus hari rusak tidak masuk,Negatif
tup up dana hasil tapi saldo tidak aneh sihh,Netral
tampah kode otp,Netral
bagus habis,Positif
puas,Positif
yaa aplikasi danaaa nya benerin masa mau masuk aja susah bgttttt layar jadi putihhh gtuu kayak eror aplikasi nyaaa kembaliin kek dlu dlu tidak pernah aneh begini padahal dana sya premium looh yaa baik benarrrr jangan buat byk orang kecewaaa,Negatif
ko dana cicil g ya,Netral
sangat bagus bantu,Positif
jos,Netral
baik,Netral
jaring bagus tapi tidak bagus up game aneh,Positif
sangat bantu tapi takut jika suatu hilang uang elektronik teman juga jadi hilang uang,Negatif
sangat baik kalau ada pitur dana pinjam,Positif
mantappp bantu bangetz,Positif
dana cicil buat pajang doang tidak dipake,Netral
bagus,Positif
aplikasi sial duit hilang beri adu malah ngak solusi bobol ada ganti rugi,Negatif
ingin masuk akun lama tidak karena nunggu kode otp tidak adakan fitur tetap bisaa masuk akun lama kita inget nomor harus nunggu kode otp,Netral
assalamualaikum tugas saya tidak masuk coba waktu hari tetap tidak ada apa min apa memang ada ganggu gmama min,Netral
e wallet bagus,Positif
bagus smpel cuman kdang aplikasi nya slalu eror,Positif
dana sering tidak di buka lambat transaksi susah padahal jaring bagus,Negatif
sudah premium tapi belum muncul dana cicilll,Netral
bagus,Positif
guna banget,Positif
sangat baik bantu,Positif
bantu kirim uang,Positif
kendala cuma kartu hilang ktp sama dan akun dana ewalet milik krn mintak kode otp kartu hilang di curi orang,Negatif
i love dana,Netral
aplikasi bikin buruk masa saldo ilang tuju banggan kan tuju baru di tarik enggak asal kirim aja,Negatif
sangat bagus cepat,Positif
bagus belum dana cicil instan,Positif
nama akun terima langgan kirim via rekan dana harus tampil sama saat kirim teman hindar salah transfer,Netral
keluar dana cicil,Netral
puasa buanget,Positif
pratis mudah terima kasih,Positif
matap utama main slot,Netral
bagus banget,Positif
buat transfer susah diupgred dulu tidak ovo sekali download tidak ribet transaksi nerima yf,Negatif
sangat manfaat mudah guna,Positif
bagus up uang jt tapi tidak masuk baik,Positif
moga lebih bagus,Positif
bantu aktifin dana cicil kak,Netral
lancar jaya,Positif
banyak rusak selalu aplikasi terus henti,Negatif
pas verifikasi wajah tidak bagaimana solusi jadi tidak buka aplikasi dana,Netral
baik senang temu dana,Netral
cara hapus data gimana kak dibales beri tau cara kak,Netral
aktivitas tidak di buka,Netral
aplikasi wallet dana paling senang pake bantu menja uang,Positif
sangat sangat bantu transfer uang waktu ada jepit contoh ada mager keluar rumah langsung aja transfer lewat dana,Positif
in bagai mana nomor mati bagai mana cara bunya minta perifikasi na kartu tidak pake rugi duit sya aduuu,Negatif
aplikasi sangat bantu,Positif
aplikasi gj bayar sendiri tiba tiba uang kurang gj,Netral
sangat guna bantu aplikasi dana,Positif
ya aplikasi dana sekarang di update trus,Netral
bagus,Positif
baik bagus,Positif
dana kayak aman aja mana pakai apa aja alam pakai lama moga depan dana lebih banyak gemar,Positif
baik,Positif
bagus banget,Positif
bagus,Positif
sayang punya tidak dana cicil,Netral
turunin bintang karna dana cicil tidak di pakai kalau coba pake dana cicil selalu tulis dana mogok padahal tidak pernah telat setor habis pake dana cicil,Positif
akun lama tidak proses udh coba pindah akun hasil nya gagal akhir dana malah bikin pusing opsi nya selalu sulit mohon di baik deh,Negatif
tepat cepat,Positif
dana bagus tp menu cicil dana ada dana sangat cekik,Positif
sangat bantu,Positif
baik,Positif
aplikasi tibatiba tidak kepake sistem tulis rusak coba hapus cache update sampe reinstal tetep sama aja gabisa,Negatif
bagus sekali sangat bantu kelola uang fitur fitur tarik,Positif
sangat bantu proses kirim dana,Positif
halo kaka mau ganti nama bisnis tp hrs hubung dana tp bingung kak bagaiman,Netral
bagus,Positif
aja dulu premium nonaktif,Netral
sangat cepat transfer nya,Positif
sangat puas,Positif
mntaaapppp,Netral
bagus,Positif
bantu sekali smga ttp aman amanah mksih,Positif
aplikasi emas dana tidak buka,Netral
sangat aman,Positif
bagus,Positif
mntap,Netral
bgush,Netral
baik,Netral
moga pake dana semua jadi lancar,Positif
bagus,Positif
sangat buruk aman dana tiba tiba transaksi apple services rp padahal tidak milik apple id tidak pernah guna iphone tidak otp ikan siapa saat hubung layan hanya suruh hubung apple padahal transaksi asal sistem dana tidak investigasi internal jelas saya harap dana tanggung jawab atas sistem aman tidak lempar tanggung jawab merchant mohon segera tindak lanjut penye,Netral
bagus,Positif
mudah aman jangkau,Positif
bagus job aplikasi dana nya,Positif
oke bagus mudah guna cepat apisens,Positif
sangat bantu,Positif
sangat baik bagus sekali,Positif
knapa wplikasi dana sering eror,Netral
bagus lah poko mah,Positif
baik,Netral
mantappppp,Positif
bagus bayar jadi lebih gampang,Positif
aplikasi tidak jelas tidak usah donlod,Netral
bagus,Positif
stop promosi kasih info kocakkk aplikasi tidak bgtu banget tuh,Positif
sangat bantu,Positif
aplikasi gajelas lambat gabisa pencet sama sekali sering keluar masuk aplikasi,Negatif
sangat bagus,Positif
bagus min mksih saran,Positif
baik,Netral
bagus,Positif
sangat batu tpi yang kurang aplikasi dana tidak dana cicil,Netral
bagus,Positif
bagus,Positif
tugas minta nomor telepon lama nik sudah daftar dana premium nomor sudah tidak aktif lalu download dana handphone baru guna nomor baru tidak upgrade premium nik sudah daftar nomor lama minta ganti nomor lama dengan nomor baru karena sudah lanjur bagus up nomor baru mohon tanggap,Positif
multifungsi,Netral
apl dana semenjak update makin gajelas jadi malas pake dana,Netral
kurang baik karna dana cicil tidak aktif,Netral
puas banget moga selalu amanah aman transaksi,Positif
sangat baik,Netral
dana tidak tanggap aneh,Netral
baik,Positif
mantaapp,Netral
baik,Netral
tiba tiba tangguh kan apa tidak laku curang apa,Netral
masa ganti nomor dana belum premium tidak,Netral
aplikasi tidak d buka,Netral
masa iya narik dana aja premium trs undang jadi anggota jadi anggota tetep gabisa narik gajelas banget aplikasi buruk gila,Negatif
alkhamdulillah lancar,Positif
sangat bantu bagus puas layan dana terimakasih banyak moga sukses,Positif
dana premium bagus,Positif
kak aplikasi dana tidak muncul dada cicil dana instan pdhal sudah penuh syarat semua,Netral
sangat bantu,Positif
cepat mudah,Positif
bagus,Positif
aplikasi bagus mudah guna cepat buat kirim uang,Positif
ko tidak di unduh jawab,Netral
sangat cocok,Positif
baik,Positif
bagus,Positif
aplikasi dana sangat bantu simpan uang,Positif
sangat buruk layan nya bagus up brizzi transaksi hasil tapi uang brizzi tidak tambah buat lapor suruh nunggu hari kerja tapi tidak hasil lanjut,Netral
buruk banget nomor ku daftar orang tahu bulan nomor ku aktif chat pihak dana via facebook tapi tidak tanggap nomor aktif dalam kuasa namun informasi daftar atas nama orang dan status premium sudah hubung layan arah guna nomor baru solusi putus akun lama mohon siste verifikasi baik ini rugi guna sah,Negatif
guna,Positif
sering eror apa masalah hp memori penuh cuma masalah,Negatif
bagus,Positif
tolonng lah d baik klau updet baca bahasa inggris,Netral
sang bantu,Positif
dana cicil tidak di guna padahal di lunasin,Netral
baik sekali,Netral
sangat bagus sekali,Positif
no kelomen,Netral
bagus,Positif
masuk akun dana otomatis,Netral
lindung dana,Netral
uang kadang kadang hilang,Negatif
sangat puas nabung lewat dana,Positif
sangat puaaaas,Netral
layan sangat bagus,Positif
aplikasi bikin buruk karna kali isi dana kena potong say lebih buruk karna say tidk perlanganan tapi ad perlanganan saya isi dana ke potong rb kalian yng belum dowlod jagan ad yng dowlod kalian sesal kalian dowlod kalian yng punya aplikasi dana segera hapus karna aplikasi sangat buruk,Negatif
biasa untuk nabung buat jalan selalu terimakasih,Netral
jos,Netral
bagus l,Positif
bagus,Positif
mau bayar selalu banyak guna aplikasi dana dong baik lagi aplikasi,Netral
aman nya di tambahin soal nya baru dana hilang tadi k lebih malah hilang tiba tiba jadi k hadeh capek deh padahal cuman doang gajih bulan baru jadi hari jam sabar aja deh capekkk soal mau marah gaada guna renung indonesia saya kasih bintang satu yaa,Netral
bagus,Positif
oke banget,Positif
sangat guna,Positif
akses cepat aman,Positif
verifikasi wajah tidak pernah hasil alas kurang cahaya wajah tidak pas bingkai padahal kalau emang gabisa detect benar ganti aja pin nyusahin aja orang mau transaksi,Netral
sangat mmbntu simple tidak ribet apl ddana luar biasa,Netral
bantu dana cicil di pakai,Netral
dana cicil tidak digunakn,Netral
baik sangat bantu,Positif
pokok muantap lah bantu sekali,Positif
tetap bintang walaupun dana cicil tidak di guna,Netral
app dana tidak akses aktivitas udh instal ulang baru ttap tidak akses,Netral
sangat puas,Positif
mantep,Netral
segaja kasih bintang biar baca dana cicil tidak buka kayak loading terus lapor ana tapi jawab tidak muas tanya apa di jawab apa haduh dah pusing saya kata suruh tunggu hari malah tengah tahun belum,Netral
moga segera dana instan,Netral
bagus,Positif
aplikasi benar sangat mudah guna tapi makin sini kok sering minta update jadi ganggu sih klu mau bayar luar tiba update dulu kan jadi kurang efektif,Positif
sangat bantu praktis,Positif
bagus suka tapi kadang ya mau buka suka balik balik sendiri,Positif
bagus banget,Positif
sangat tidak nyaman kata investasi emas dana aman jual emas jt tidak riwayat transaksi uang tidak tolong kembali uang,Positif
bagus,Positif
dana sangan guna,Positif
dana pinjam,Netral
la akun dana selalu kecewa mau scrinsod susah,Negatif
bagus,Positif
bagus,Positif
update buka halaman nya lambat kadang keluar sendiri,Netral
dana tidak di buka,Netral
bagus cocok buat investasi mula,Positif
bagus,Positif
akhir aplikasi dana susah masuk jaring bagus kali update saja susah masuk sangat jengkel,Netral
kalau baik di dana bisnis uang di proses terus lebih jam usaha kalau transfer langsung otomatis cair mau orang transfer lewat ovo bank agar mudah guna transaksi tunda saja,Positif
mntabbbb,Netral
sangat bagus,Positif
apa versi baru lambat banget kocak ngefrem gni,Negatif
bgus banget buat byr byr belanja online pasti banyak bonus voucher stiap toko,Positif
cukup baik tahan dana play later muncul kan,Netral
moga sukses selalu,Netral
asik asik pakek dana cicil selalu bayar lunas tepat waktu ehh tiba tidak di guna nga jelas banget,Netral
aplikasi nya suka ngestak,Positif
bagus,Positif
sangat bantu sekali,Positif
inih sering tidak buka kenapah sih ko lodingnya lama muncul dana tidak tanggap selalu begituh,Netral
sangat bantu,Positif
halo tugas dana yth cuman mau tanya saya mau bagus up game ml dana terang skin kof saya dapat skin kof di tanggap aplikasi nya positif sih bagus lah,Positif
knapa dana sekarang sering ganggu susah buka tiap hari skali apdet,Negatif
dong dana jangan lambat jga ken d ulang ulang,Negatif
yahuud sekali,Netral
kirim shoopepay gopay lama,Netral
bagus,Positif
hari selasa akun beku lapor layan tunggu hari sekarang hari jumat tlong tugas bisa beku harus tunggu berapa lama hari senin selasa datang libur nasional jangan di sulit karna memang akun saya,Netral
sangat bantu dah mudah gunakn,Positif
bagus,Positif
bagus bangt,Positif
sangat baik,Netral
ingin bagus up roblox tapi lebih transaksi jadi tidak bagus up roblox sangat marah ini,Positif
aktif kan fitur fitur dana cicil pohon pel,Netral
sangat bantu,Positif
sangat mudah kaum rebah,Positif
ngisi brizi uang kurang tapi brizi nya tidak isi kali payah ni applikasi,Netral
sangat manfaat,Netral
trimakasih dana sangat bantu,Positif
tidak jelasss tiba ngak langgan tiba ilang uang ntah hilang nyaaa,Negatif
knpa handponku blok situs jaring aplikasi dana,Positif
bagus,Positif
bagus mudah transaksi,Positif
baik cepat,Positif
bagus,Positif
manfaat,Netral
kerenn,Positif
laku transaksi livin mandiri dana tapi uang dana tidak tambah bisahkah tugas dana proses cepat nominal di masuk tidak kecil,Positif
sangat bantu,Positif
bagus sekali,Positif
layan luar biasa,Netral
saya mau bayar dana cicil tidak di buka,Netral
bagus pokok,Positif
sangat memuasksn,Netral
udh tahun tahun mkmaki dana tp ko belum muncul dana cicil ny soal ny baru pake aja udh tmn sedang kan belum apa sih dana ko tidak fitur dana cicil ny udh tahun loh make,Netral
aplikasi tidak bantu kendala bintang satu banget jangan pake dana kalau kalian mau bantu pas kendala karna pihak dana tidak beri solusi apa kita ada kendala,Netral
oke,Positif
respons cepat ada masalah refund cepat asal tepat keti nya ana apa masalah,Netral
aplikasi makin lama makin busuk pakai malah dana henti suka ngelag,Positif
kenapa apknya pas mau tak bukak malah tidak keluar trs,Netral
di pake tiba keluar sendiri heran gua kemarin g gin mana leg banget pdhl wifi lancar,Positif
manfaat buat lagi ikhtiar cari rezeki,Netral
minggu tidak guna fitur e wallet tekan menu e wallet menu kirim malah balik tampil awal aplikasi chat bot ana saya ikut restart reinstall tidak guna menu e walletnya,Netral
dikit dikit prem asa kalau pen transfer temen tidak prem,Netral
bagus baik,Positif
sangat cepat,Positif
transaksi jadi lebih mudah,Positif
sangat puasa apa klw tambah pinjam,Positif
dana sangat baik bantu butuh segala bayar,Positif
gx buka d hp,Netral
baik,Netral
sangat nyaman,Positif
tidak biaya,Netral
bagus sekali tanggap sangat cepat mudah mudah keamannanya jadi lebih ketat karna takut bobol sayang soal kalau bobol,Positif
kalau buat paket kuota internet jelas dong jadi tidak mau beli kuota internet dana ah,Netral
bagus,Positif
bagus,Positif
makin sulit buka aplikasi sering keluar sendiri,Netral
sangat bagus,Positif
bagus banget,Positif
dana kenapa tidak buka sempat buka trs lgsng balik lg awal lambat skali masalah lupa sandi suruh klik lupa sandi malah muter mulu smpe habis kuota ni kasih bintang biar baca keluh n segera baik salah ato keterlambatanx alias ngelag lodingx,Negatif
bgus,Netral
oke,Positif
bagus,Positif
dana ter baik,Netral
bagus,Positif
bagus cuman ovo ngirim danaa tapi tidak,Positif
sering keluar sendiri,Netral
puas,Positif
mudah,Positif
bagus,Positif
makin hari makin tidak jelas dana lambat susah buka nya,Negatif
bagus lengkap percaya,Positif
dana instan tidak di guna,Netral
bayar dana cicil tidak aju dana cicil sangat sayang aplikasi rusak,Negatif
bantu munculin fitur fitur dana nyah dana instan dana cicil guna lama tapi kok fitur fitur nyah tidak mulu yah sudah berapa kali updet versi baru tapi ttp aja mohon di bantu nyah,Positif
assalamualaikum warahmatullahi wabarakatuh pake dana alhamdulillah hirobbil aalamiin mudah segala nya allah swt moga dana ku aman segala jahat,Positif
bagus,Positif
transaksi sangat bantu muas,Positif
sangat suka guna,Positif
bagaimana kk akun yang lama saldonyaa tapi kartu ilang bikin baru tapi saldo kaga ikut pindah chat ana telpon responya belit mau jalan minggu proses doang saldo pindah kaga binggu lapor nongol tiket nunggu,Netral
baik,Netral
sangat bantu,Positif
bagus sekali,Positif
sangat buruk layana dana pindah uang akun lama baru karna kartu ilang proses bikin bingung uang sampai ini bom ke akun baru layana costumer servicenya robot sangat sulit kaum awam,Negatif
cepat amanah,Positif
sangat bagus,Positif
biar bintang bicara,Netral
bgus sekali,Netral
bagus gratis tugas,Positif
ka ko dana cicil g ad,Netral
aplikasi dana sangat bagus mudah segala urus uang,Positif
uang hilang transfer dana tapi tidak masuk pdhal lapor masuk buruk bener,Negatif
aman lebih ketat kadang suka notif perangkat mau masuk padahal bukan,Positif
uang tiba tarik sendiri,Netral
sengaja kasih bintang biar baca uang potong otomatis pemberitahuan layan tagih pulsa nomor tidak kenal emang tanpa verifikasi lngsung taut bayar orang pihak dana dichat via wa tidak direspon pakai dana dah thn tiba tiba layan tidak beress my bill notif tagih cek tidak diinbok masuk pemberitahuan tagih dchek tidak anjiiiinggg emang,Positif
aplikasi tolol tbtb transaksi sendiri ada nya konfirmasi nyesel banget pake dana,Negatif
apa we ngetik cari telkomsel malah aplikasi yang nongol dah lah random banget hidup,Netral
cepat transaksi,Positif
bagus,Positif
sangat puas,Positif
sangat bantu capai tuju buat mudah,Positif
tidak pulih akun aplikasi buruk,Negatif
dana cicil tidak d pakai pdhal sudah bayar jatuh tempo nanya ana digital malah emosi sendiri jelas,Netral
sangat bagus,Positif
mantab,Netral
baik,Netral
kembali uang mau hari tidak masuk dana rekening pribadi sudah minta bantu suruh nunggu nunggu,Netral
aplikasi bagus,Positif
sampel aman,Positif
pindah akun lama anomer hp pindah premium status pindah ta i pas chek dalam tinjaiwan tidak kitim uang,Netral
aneh aplikadih dana sekal bulan minta update mohon bagus jangan minta update terus,Positif
bagus,Positif
bagus,Positif
uang tiba tiba kosong,Netral
jangan pasang aplikasi karena guna aplikasi sulit minta bantu masalah nya tidak atas bukan nya di bantu malah ngepusingin,Negatif
sengaja kasih bintang biar baca ponsel lama hilang ingin masuk akun dana lama tidak karna guna kode otp di mudah masuk akun dana cukup verifikasi wajah masuk nomer karna kasi milik uang yang bahkan puluh juta tidak apa apa,Positif
bagus,Positif
suka tidak buka makin tidak jelas,Positif
aplikasi sering tidak buka,Netral
pelayananya muas cuma muncul dana cicil saya blum dana instan belum tolong mudah,Positif
bagus lah,Positif
tidak asik sekarang tiap bagus up potong tiap rb saat alih angga kalau ky gin,Netral
aplikasi dana nya bagus tpi npa kadang tidak mau tebukak kebel sendiri dong buat jelas yng jelas,Positif
akhir akhir dana jadi leggg burik buruk,Netral
dana cicil,Netral
tidak rasa hutang kok tiba tiba banyak cicil lierr,Positif
fitur qr bayar dana konfirmasi bayar jangan pihak misal pihak retail indo alfa scan qr bayar dana perlu masuk pin ponsel milik dana soal banyak korban qr code dana guna bayar pihak izin milik dana,Netral
bagus,Positif
sgt puas,Positif
bagus,Positif
sangat bagus,Positif
bingung mau bilang apa,Netral
bagus sangat bantu,Positif
buruk gakbisa buka bolak balik instal uninstal,Negatif
biasa tidak biaya administrasinua sekarang apa ke bank swasta,Netral
bagus moga lebih bagus,Positif
kg pindah akun dana nomor lama yang baru,Netral
bagus,Positif
bagus,Positif
punya tidak dana cicilil nya,Netral
kasih karna dana cicil tidak aktif,Netral
senang,Netral
sengaja ngasih bintang cepat baca ingin masuk akun dana lama perangkat baru karena handphone hilang serta kartu emailny padahal kan proses scan wajah tapi minta kode otp bagaimana cara bisa dapat kode otp verifikasi perangkat lama saya guna hilang lalu saran pindah akun malah jadi eror minta order kyc provider di bantu karena ada uang mau guna,Netral
butuh dana instan,Netral
sangat baik,Netral
sangat bagus,Positif
bagus,Positif
akses cepat ribet,Positif
taik tiap check in hari reward egk masuk selalu suruh hubung layan ana suruh verifikasi akun ana aja egk kasih solusi,Netral
kok dana cicil tidak aktif padahal sering ngisi dana,Positif
bagus,Positif
uang hilang kaya dulu dan pihak dana tidak selesai,Negatif
ribet pin benar tidak masuk,Netral
bagus,Positif
sangat bantu dalam transaksi,Positif
bagus,Positif
bagus,Positif
baik,Positif
baik,Netral
bagus,Positif
sngt bgus,Netral
bagus,Positif
bagus,Positif
tidak pernah beres aplikasi,Netral
mudah sekali,Positif
mantapp,Positif
bagus bagus,Positif
dana cicil nya,Netral
tidak tampil paylater dana,Netral
bagus si tapi dana gua potong tiba melulu riwayat transaksi tidak tiba aja ngilang telen tuyul kaya nya tu dana tuyul digital,Positif
apa coba ni aplikasi waktu laku bayar eror mulu malah tulis dana tolak bayar jumlah lebih batas transaksi apa apa ni dana mau bagus up game jadi tidak padahal uang cukup,Positif
tidak di instal,Netral
knpa dana cicil tidak di guna,Netral
aman,Positif
muaaaantap,Netral
inginmendoloat,Netral
sangat bantu,Positif
transaksi cepat aman,Positif
bagus tapi punya tidak guna dana cicil,Positif
sangat bagus,Positif
kagak jelas otp kirim lewat email tau email lupa hapus apa tidak kirim otp lalu nomor telepon minta bantu malah tambah tidak jelas coba kirim terus otp email alih nomor telepon alih kan mana malah di beku,Netral
uang dana pending kirim uang pending cepat dana dana pending,Positif
kok dana cicil belum aktif padahal sering transaksi pakai dana masuk guna lama aplikasi dana,Positif
bagus,Positif
belum dana instan,Netral
bagus,Positif
baik,Netral
bgus,Netral
dana cicil tidak di guna padahal fitur limit,Netral
bagus,Positif
buruk masa dana instan sama dana cicil tidak muncul padahal guna dana lama,Negatif
dana sekarang suka keluar sendiri,Positif
senang,Netral
puas,Positif
bagus,Positif
dana cicil blum di guna,Netral
sngat bagus,Positif
dana cicil dana instan tidak pakai bintang,Netral
eror terus pas mau bagus up game,Positif
fitur dana nya kok punya tidak dana cicil syarat d laku semua,Positif
ingin fitur dana cicil ada,Netral
luar biasa fitur fitur nya bagus,Positif
okkk,Positif
bagus,Positif
suka pakai dana,Positif
sangat baik,Netral
dong ana siapa guna dana tahun tahun tapi tidak tuh fitur dana cicil teman teman yang baru beberapa tahun fitur dana cicil saya mau komplain pilih kasih banget transaksi bulan aja saya bisa hampir juta rata rata jadi males make nya kalau pilih kasih gin,Netral
mau kirim uang dana e wallet gabisa alas salah sistem aplikasi mau daftar dana premium gabisa alas ktp nya rusak padahal ktp nya baru dalam kondisi bagus,Netral
aplikasi tidak recommended mau pakai e walet guna aplikasi dana yang hilang rp laku transaksi kirim uang pihak terima belum terima uang tapi pihak dana konfirmasi uang kirim saya minta hasil telusur guna kode rrn lewat server pihak dana sekarang tidak jelas deskripsi saya belum hapus arti uang belum saya punya bukti yang mau lihat kirim pesan email,Negatif
dana instan,Netral
sangat puas,Positif
bagus,Positif
bagus dana,Positif
bagus,Positif
dana cicil nya g muncul,Netral
hati hati tabung kirim uang dana alami meng enak salah kirim dana yang nomer hpnya aktip lapor pihak dana jawab arah oprator nggak sama kes php sekarang uang nggak,Netral
ko dana cicil nya tidak ke pake,Netral
aplikasi nya bagus,Positif
bagus,Positif
bagus dana sangat mudah transaksi thnks,Positif
hari tunggu suruh hari aplikasi dana buka bantu malah nyusahin orang in aplikasi dana,Positif
uang potong uang kecantol proses malah suruh nunggu hari,Netral
dana premium tiba tiba nonaktif,Netral
sangat puas,Positif
kagak di pake malah keluar sendiri mulu padahal uadh sering pake dana sampe puluh juta tapi sekarang malah keluar sendiri mulu,Netral
dana cicil sering tidak di pake jadi percuma pitur dana cicil,Netral
dna cicil brpa lma bsa gunain,Netral
bagus,Positif
sangat bantu,Positif
bukaya susah kk,Negatif
blum dana cicil,Netral
sangat bantu giat transaksi usaha,Positif
bagus benar,Positif
sangat bagus,Positif
sangat bantu,Positif
aplikasi mlah ngak dana cicil nnya,Netral
sangat baik,Netral
aplikasi aneh minta fripikasi wajah minta otp,Netral
bagus sangat bantu,Positif
bagai mna cara aktif akun dana masalah gara gara daftar dana payleter,Negatif
tidak masuk akun dana terus,Netral
bagus,Positif
orang tidak ngirim uang dana,Netral
bagus sekali,Positif
dana tidak bsa d buka,Netral
proses mudah cepat,Positif
sangat bagus,Positif
lumayan euy,Netral
bagus,Positif
bagus,Positif
bagus,Positif
bagus,Positif
bagus,Positif
bagus puas,Positif
danacicil tidak di guna padahal picture nya dan jelas layan nya tidak jelas,Netral
sangat baik,Netral
bagus luck,Positif
is bagus,Positif
mantab,Netral
bagus,Positif
bantu trnsaksi keunagan jadi lebih mudah,Positif
lancar,Positif
positif,Netral
jangan sulit hape jadul pak tidak seru,Netral
bagus dompet digital,Positif
gda dana cicil,Netral
aplikasi sangat bantu,Positif
bagiu bangat,Netral
hari tidak pakek pas buka aplikasi dana selalu cuma sampe logo aja,Netral
tidak muncul terus fitur dana cicil nya,Netral
gimana cara nya meng update dana,Netral
dana cicil tdak di guna,Netral
bagus,Positif
sangat puas,Positif
senang,Netral
bagusss sklii,Positif
makin lama pake makin tidak guna nih aplikasi,Positif
cukup bantu,Positif
ribet mau upgrade premium jangan pakai aplikasi hati uang bisa hilang alam saya alamin,Netral
bagus,Positif
buruk pas cek in hari verifikasi ulang maksud apa dana prime suruh verifikasi ulang lama lucu nih dana lebih lancar shopepay tidak banyak aneh,Netral
baik,Netral
bagus job moga unt k depan lebih baik mohon fitur playlater nya tampil akun karena masuk aktif transaksi guna aplikasi dana mohon tindak lanjut terimakasih,Positif
bagus bagus sekali,Positif
tugas tidak bantu sama sekali akun bobol uang hilang semua,Netral
bagus,Positif
dana makin tidak efisien banyak kendala,Negatif
fitur dana cicil tidak di guna,Netral
dana cicil tiba tidak pakai suruh hubung customer care tapi tidak nemu,Netral
a rewards rusak,Negatif
nice,Netral
suka,Positif
bagus,Positif
mudah guna lancar aman privasi jaga,Positif
dana bantu,Positif
kalau aktif dana instan,Netral
brpa kli download sekali tidak di bk,Netral
senang guna dana cepat ngak ribet pakenya,Positif
mau bayar ribet sama verifikasi bikin lama buang waktu,Netral
bagaimna updat dana cucil,Netral
pakai dana tahun tahun tapi sekarang dana cicil nya tidak muncul bantu lah,Netral
bagus,Positif
mohon maaf sekarang jadi lambat kirim aja susah semua apa tidak kalau cuman akun tentu apa kendala,Negatif
bagus,Positif
dana baik aman guna,Positif
bagus,Positif
baik,Netral
sumpah puluh taun pake dana kali bener super duper kesel layan tidak profesional tidak yang jelas aplikasi sampah,Negatif
baik,Netral
moga dana cicil aktif,Netral
aplikasi tak jelas,Netral
gimana konsep dana cicil data masak uang potong buat bayar tagih konfirmasi dulu tidak buat tagih apa tiba potong langsung tanpa konfirmasi,Netral
layannannya muas,Netral
aplikasi bagus si,Positif
bagus,Positif
oke,Positif
lumayan gampang guna n tidak ribet,Netral
saat lumayan puas depan nya lebih tingkat kan,Positif
nice depan lebih tarik sih tampil,Netral
uu aplikasi bagus banget coy,Positif
sangat sayang pakek dana lama tapi aplikasi dana cicil nya belum agak buruk sich,Negatif
salam sukses selalu,Netral
terimakasih dompet dana bantu sa at sya butuh,Positif
aplikasi bagus sekali,Positif
heran mau bayar pake gris selalu gagal,Negatif
bagus banget,Positif
bagus,Positif
tahun tahun sering transaksi dana cicil tidak,Netral
ngirim dana ewalet salah terus,Netral
sangat bantu,Positif
dana cicil skrng blum muncul,Netral
tidak dana instan,Netral
kak dana tidak fitur dana cicil padahal selalu aktif transaksi dana di bantu kak muncul fitur dana cicil di akun,Netral
bagus,Positif
sangat cepat tranfer uang mudah,Positif
nice,Netral
maaf bos kok makin tidak jelas masa sebentar bentar update,Positif
sekarang dana berat,Netral
la dana cicil dana instant akun dana di muncul padahal semua syarat saya penuh dana cicil dana instant tidak muncul pas argent bngt susah mau cari pinjeman,Negatif
bagus,Positif
sangat bantu,Positif
payah dana cicil nya cuma sekali pakai hbs d punasin tidak bis pakai aneh,Netral
aplikasi tidak fungsi normal selalu putus koneksi jaring internet walaupun data banyak sinyal stabil,Netral
sangat baggus kita,Netral
tidak pernah nunggak guna dana cicil sudah lunasin tiba tiba tidak di guna dana cicil nya suka kalau ngasih fitur tengah tengah,Positif
sangat bantu bayar,Positif
aplikasi konyol verif muka ktp tetep gabisa buka kirim otp,Netral
bagus,Positif
aplikasi sangat pantas beri bintang,Netral
mau upgrade akun pindah data lama akun baru saya tidak jadi salah trus muncul,Netral
dana sangat manfaat,Netral
lebih bagus,Positif
matpo,Netral
mantp,Netral
aplikasi suram udh brp x d email komplen msh aje balesnya macem bot tidak punya layan orang apa,Netral
dana baik,Positif
baik,Netral
bagus bermanpaat,Positif
susah mau masuk,Negatif
tidak masuk akun dana lama kartu nomor tidak aktif pas masuk verivikasi wajah pin benar tapi malah minta verivikasi otp tidak dapat otp karena nomor tidak aktif tolong bantu saya bisa masuk lewat verivikasi wajah pin terimakasih,Netral
bagus,Positif
uang kenapa tiba ilang tidak byk si cmn rbuan tpi kalau ilang kya gin yang make jdi tidak nyaman di baik,Positif
bagus bnget,Positif
bagus,Positif
bagus aplikasi nya,Positif
dear team dana selamat malam bantu informasi bulan kemaren limit dana instan ribu jadi juta laku bayar limit turun juga dana cicil awal ribu jadi ribu seta laku bayar kembali turun transaksi normal juga cicil selalu bayar tepat waktu terkadang bayar maju bantu jelas,Netral
searching aplikasi play store keluar elu mulu dana vangke lah,Netral
saya lama punya dana tapi tidak muncul dana cicil padahal udh premium,Netral
bagus,Positif
dihpku dana bolak balik hapus lalu istal supayabisa oprasi tanggap donk,Netral
baik,Netral
menu dana cicil tidak muncul,Netral
dana cicil tidak muncul,Netral
bagus,Positif
luar biasa bikin tabung simpel tidak bikin repot,Netral
bagus bangat aplikasix,Positif
apknya bagus,Positif
aplikasi bagus deh,Positif
bintang cuman tidak dana cicil aja,Netral
tidak masuk aplikasi,Netral
gimna cara aktif fitur dana cicil,Netral
sekarang buka sering tidak harus hapus dulu terus download sudah dibersihin chacenya sama kendala buka riyawat tidak tolong baik lah,Negatif
bagus banget sangat bantu,Positif
beri bintang dulu iya,Netral
aplikasi ngebug g transfer,Negatif
sangsi,Netral
pernah tipu orang jual beli akun game free fire dann uang tidak balikk,Netral
bgus,Netral
terlalu banyak iklan,Netral
fitur dana cicil sedang tidak sedia,Netral
bagus percaya,Positif
kok tidak beli pulsa data,Positif
seru,Netral
waw,Netral
moga dana kian maju sukses,Netral
bagus,Positif
aplikasi tau no hilang verifikasi wajah dsrh minta ganti no tidak kaya gopay,Negatif
okee lebih cepat,Positif
sangat bagus,Positif
aplikasi dana sering tiba tiba henti sendiri,Netral
wkwkwk sangat bagus ama toap,Positif
bagus,Positif
lumayan,Netral
bagus,Positif
sangat bantu,Positif
saya tidak menu dana cicil,Netral
tambah baik layan nya thanks fitur makin baik,Netral
lama pake dana tapi di sayang kan fitur dana cicil tidak dan dana paylater tidak sama sekali sudah premium bahkan sudah saya update tetap tidak bisa,Netral
oke,Positif
matap,Netral
bagus,Positif
dana cicil kaga di guna buruk gua,Negatif
terima kasih,Netral
aman percaya barokah anjayyyy,Positif
sangat guna,Positif
uang tiba tiba hilang padahal belum pakai,Negatif
sangat puas bantu bettransaksi buat ngirim uang k istri d kampung,Positif
mantabb tapi sayang updet kali kali tapi pitur dana cicil aplikasi masih tetap belum muncul,Netral
lier,Netral
terima kasih dana sangat bantu sekali mudah guna,Positif
gioerat,Netral
sangat bagus,Positif
uang suka potong sendiri suka tiba potong masuk situ bloomoffer limited padahal tidak pernah situs tapi tiba uang potong,Positif
bagus,Positif
aplikasi dana bagus,Positif
aplikasi dana adakan dana cicil buat perlu desak,Netral
bagus pokok,Positif
mantp,Netral
bagus,Positif
susah upgrade nya,Negatif
dana sekarang kurang percaya,Netral
bagus bangat,Positif
sangat bantu mudah transaksi,Positif
bnk dana sangt bagus,Positif
bagus saat deposit situs slot,Positif
sangat mudah bantu,Positif
kirim cepat,Positif
bagus,Positif
baru masuk,Netral
sangat bantu dalam bayar,Positif
luar biasa sangat bantu,Positif
aman,Positif
update malah tidak d pake anehh,Netral
bener bener bantu pis saat desak,Positif
sangat guna,Positif
bagus,Positif
baik,Netral
dana pinjam nya kok tidak keluar,Positif
yah sekarang mah tiap mau masuk susah banget,Negatif
bagus,Positif
moga jalan baik terima kasih dana,Netral
sangat baik da puas,Positif
lama pakai dana baik baik tapi sekarang aplikasi tidak guna selalu henti ke beranda aplikasi notifikasi aplikasi dana henti pihak dana stabil dana di android atas trimakasih,Netral
pengn ada cccil,Netral
suka,Positif
aplikasi nya sangat bantu transaksi cuman sudah pake lama belum kasih dana cicil dana instan nih,Positif
sangat bantu,Positif
sangat bantu simpan uang,Positif
bagus,Positif
knpa g fitur dana cicil bantu nya min,Netral
layan dana sangat buruk jangan aplikasi saya no hilang tapi tidak di bantu baik,Negatif
bagus,Positif
sangat baik,Netral
bagus banget,Positif
bagus,Positif
sangat bantu bayar,Positif
akun dana tidak masuk minta kode otp terus kartu hilang sama hp nya saya ingat cuma nomer sama pin nya buruk,Negatif
dana memang baik laku ternasaksi,Positif
bagus,Positif
dana cicil kadang kadang radang duh lebih nya ttap bagus,Positif
bagus sangat bantu bayar,Positif
bagus,Positif
hilang banyak uang aplikasi dana tanggal februari uang hilang ribu tanggal pebruari hilang hubung via whatsapp dana di luar duga hasil nya nihil mau bantu tapi tala tele bagai mana uang saya bisa,Netral
dana cicil d beku d buka dong,Netral
gimana sih aplikasi makin lama makin ngk jelas transaksi tidak sama sekali taikk fitur tidak sementara apa sih bikin emosi aja,Netral
kaya selalu dana,Netral
cepat tepat aman,Positif
sangat bantu apa gie dana paylater mantul,Netral
aplikasi kurang bagus tidak muncul dana cicil nya padahal tidak tagih sama sekali mohon di baik,Positif
baguss,Positif
sekali coba dana cicil buat paket data gb harga rb nyata pas cek tagih n bayar rb lebih kapok pake dna cicil lg sngt g manusiawi,Positif
aplikasi nya sangat bagus akurat moga sukses selalu,Positif
susah banget buat aktifin premium fitur bantu malah tambah ribetttt,Negatif
sangat bantu,Positif
sangat puas,Positif
mantapppp,Positif
bagus,Positif
sangt untung,Netral
dana cicil sih bagus cuma batas kadang pas butuh tidak pakai malu maluin sih kalau ragu tidak usah sok mampu ngasi kredit bintang kasi aja dulu biar evaluasi,Positif
bagus banget,Positif
paling cepat baik,Positif
bagus mudah pakai simpel,Positif
sangat baik,Netral
bagus,Positif
aplikasi bagus sekali sangat bantu saat butuh,Positif
masuk aja bikin susah knnntlll,Negatif
bagus,Positif
kirim cepat mudah,Positif
aplikasi buruk hilang uang akun tidak di masuk,Negatif
sengaja biar baca dana sekarang buruk masa mau masuk ngk tulis sistem sedang sibuk tapi klok pake no bisa no sendiri ngk kek dana dulu,Netral
sangat batu sekali jadi lebih mudah bayar,Positif
bagus banget,Positif
bagus,Positif
ya akun tidak ad muncul dana instan ny padahal semua komplit,Netral
aplikasi dana sangat bagus,Positif
mental aplikasi trus min dan update terus,Netral
bagus bagus punya,Positif
sangat bantu buat transaksi,Positif
jadi sering erorr susah buka suka back sendiri,Netral
sangat menmbatu,Netral
aman,Positif
solusi nomor dana hilang,Negatif
biasa aj,Netral
uang malah hilang baru daftar aneh aplikasi aneh,Negatif
sangat bantu praktis guna,Positif
sangat bantu tidak ribet buat transaksi mantappp,Positif
suka pakai dana tidak ribet jamainan uang makasih dana moga berkemabng terus,Netral
buruk dengan aplikasi dana bayar lunas dana cicil nyata ada tagih terus padahal sudah saya kirim tanda bukti lunas masiiiih aja kirim chat tagih pada tugas dana cek jangan cm baca,Negatif
kok sekarang apl dana sudah tidak buat transaksi buka fitur aja bisa loading teruss,Positif
sangat bagus,Positif
dana instan,Netral
bagus,Positif
sangat puas,Positif
gimana cara buka aplikasi dana tapi no nya hilang terus dana masih saldo,Negatif
bagus,Positif
aplikasi tidak sampah dari samapi sekarang tidak dana cicil nya atraksi premium update,Negatif
maaf tapi ahir ahir aplikasi dana sering stuk logo aja pas mau masuk mohon baik masalah ya cukup ganggu inggin transaksi luar harus install lalu install lagi apa dana guna moga dana bisa jadi lebih baik,Negatif
bagus,Positif
moga,Netral
coba pake aplikasi dana inh ko susah tidak di buka padahal saya isi watu nominal tapi tidak di buka apa aplikasi dana manipulasi apa sabo tase,Negatif
makasih dana kamu lebih guna aplikasi gopay tll lambat selalu rusak tidak pakai aplikasi scam selalu aja nyalahin guna tll banget,Negatif
maaf kk ko aplikasi dana ny kdang bsa k buka kadang g bsa sma skali knapa y mohon info ny,Netral
aplikasi sangat bantu,Positif
bagus,Positif
bagus,Positif
sangat bangga sekali aplikasi mudah segala butuh mudah aman moga lebih tingkat layan segala,Positif
bagus banget,Positif
memang oke,Positif
bagus,Positif
buruk pake dana uang tiba potong untung tidak gede uang nya hati hati guys pake dana,Negatif
ah tidak paylater,Netral
mudah ingin transfer suka,Positif
bagus,Positif
lumayan,Netral
tidak lihat transakai bukti tranvernya,Netral
ya aplikasi dana tuh tidak di beranda kalau mau buka dana selalu harud play store terus selalu baru,Netral
tidak buka uninstal instal terus baru di buka kayak nya tidak aman nih meski pakai kenal wajah mudah di hack,Positif
bagus,Positif
bagus,Positif
buka dana nga masuk dana loging trus smakin buruk,Negatif
bagus,Positif
udh tahun make akun in tidak ad dana cicil d aplikasi in teman sya dana cicil tidak punya alas tunggu hari udh lebih tidak ad dana cicil in,Netral
baru masuk aplikasi ni sesuai bijak gampang guna,Netral
sangat bantu,Positif
dana makin joss lbh canggih lg fitur nya,Netral
pilih kasih knpa semua ngk dapet dana ccil,Netral
bgs si tp sering eror tolang baik kenapa dana cicil tidak bsi guna,Netral
ko nga di buka mental terus,Netral
lambat,Negatif
isi pulsa mahal tapi pulsa ngak masuk saldo kurang,Negatif
terimakasih,Netral
aplikasi sangat bantu tarik tunai transfer bank ke aplikasi minus buat qr belum jadi jadi bulan januari kalau tolong dong perbaikin agar guna dana bisnis baru tidak terlalu buruk buat qris nya lama,Netral
bagus,Positif
sip banget tidak ribet,Netral
sedikit lambat,Negatif
hbs updte tidak bis buka malah mental,Netral
praktis,Positif
aduh gimana terang uang dana bisnis klaim pas jam wib udh lwat jam kok tidak saldny tidak di trik,Positif
nice,Netral
cepat mudah,Positif
gimana sih tau nomor akun dana tidak aktif tapi minta kode otp nya sudah pake sken mungka di minta kode otp nya,Netral
buruk banget asli padahal hari tidak buka google play store tau tau dah potong aja buat langgan pas liat history langgan play store tidak tapi dihistory aktivasnya dipake buat langgan play store,Negatif
wee min update napa selalu forclose padahal andro,Netral
prbarui malah keluar sendiri malah suruh foto padahal cuma pkai pin doank tidak pkai foto makin ribet ajah ilang mah uang,Netral
sangat bantu aman buat nabung dana cicil nya timbulin dong tahun pakai dana bkm timbul dana cicil belanja qris sering,Positif
sulit masuk padahal sudah pasu nomor whatsapp benar tapi tidak kunjung masuk dana mohon bantu,Positif
baik sangat guna,Positif
bagus,Positif
bagus,Positif
kok tidak masuk akun dana ku pake verifikasi no wa padahal dah tidak aktif no nya,Positif
sandi nya bener tapi tetep aja pake no tlp padahal kan no hp nya dah nggk pake wajah tetep aja nggk d buka,Netral
yah di buka sendiri,Netral
abis update bukan masuk aplikasi malah jadi force close minimal betul lah min,Netral
aplikasi bagus sangat bantu,Positif
akun tidak fitur dana cucil,Netral
dong aplikasi nya baik jangan cuman update mulu tapi nya guna dana sering hilang uang notif transaksi nya tidak uang di dana baru hilang sekitar jt buat orang miskin itu nominal besar banget,Negatif
aneh tidak ngapa in akun peroteksi suruh buat lapor chat fitur ana di suruh nungguin tiga hari tetep tidak bisa akun ter proteksi minggu lebih belum buka buka sudah tunggu sesuai arah belum buka sudah perlu akun memang asu,Netral
sangat baik,Netral
sangat bantu,Positif
bagus,Positif
sudah aju dana cicil tahun kemaren sampe sekarang tidak hasil buruk,Negatif
baik,Netral
ingin sampai dama cicil tidak guna padahal semua tagih telat lunas tidak pernah telat lihat aplikasi limit ribu tapi tidak guna apa jelas terima kasih,Netral
dana instan blum muncul muncul smoga segera muncul biar kalau btuh langsung minjem,Netral
kirim lewat dana lebih praktis,Positif
uang di dana kurang transaksi tidak pernah jalan kembali uang,Netral
dana sekarang susah sering eror tidak ky dana dulu,Negatif
sangat muas,Netral
bagus,Positif
punya voucher suatu web laku beli nyata voucer nya tidak masuk potong aman kurang bagus kecewa,Positif
sangat nyaman punya aplikasi dana,Positif
sangat kecewa aplikasi payah mau upgrade premium ktp di baharu aja tidak,Netral
dana emang baik buat simpan uang tabung tidak gampang buat orang bobol slalu percya aplikasi,Netral
muas,Netral
dana cicil tidak muncul sih punya teman teman pada muncul dana cilil tapi dana tidak muncul sana cililnya dong bantu,Netral
buruk banget ktp sesuai guna semua perban dana malah suruh dukcapil ngaco banget mau pake buat transaksi jual sudah pake aplikasi saja baca ulas lain ternyaya memang tidak proper,Negatif
sangat baik,Netral
kasih bintang lima anda,Netral
dana memang bagus,Positif
buruk masah tidak transfer tidak cr sih hadehhhh,Negatif
knpa sih pihak dana susah sekali tanggap buat proses pindah dana buat upgred premium lebih tingkat cepat tangan maslahnya,Netral
gua dapet vocher tp pas beli diamond cuma uang potong vocher ny tidak kepake ajg,Netral
baik,Netral
the best,Netral
skrng dana tidak aman uang ku hilang tidak balik terus tb tb banget byar cicil fucek ah gaseru,Netral
aplikasi abal abal tiati kalau buat nyimpen uang bisa hilang aplikasi rawan curi gratis transfer pelit tidak kaya gopay,Negatif
ik,Netral
mntap,Netral
bagus,Positif
cukup puas,Positif
sangat puas,Positif
dana sekarang lihat aktivitas investasi emas loading nya lama tidak selesai di baik dong terima kasih,Netral
bagus,Positif
sangat bantu,Positif
dana cicil tidak ad kumbang en,Netral
senang nabung aplikasi dana,Netral
sangat jamin,Netral
buruk banget masa dah isi uang potong tidak alasanya dana mau lu tanggung jawab atas lu tarik uang,Negatif
dana instan cicil tidak muncul,Netral
tiap mau masuk kok keluar mulu baik,Positif
maaf bos kurang bintang nya karna rasa dongkol aplikasi yang sering susah buka dan keluar sendiri,Negatif
bagus transfer gerat uang aman,Positif
sangat tidak suka soal kan transaksi beli kuota dana ehh bayar dana hasil tapi kuota tidak masuk uang tidak dan pling bkin jdi tidak suka soal it uang akhir tidak punya uang itu uang hasil ngumpulin klw ad ngasih,Positif
baik,Netral
moga aman sentosa sejahtera lama,Positif
bagus,Positif
tidak di pakai fitur dana cicil,Netral
cara apgrade dana,Netral
sangat bantu,Positif
syiipp,Netral
bos kok akun dana tidak di isi,Positif
punya tidak muncul dana cicil padahal tahun tahun maka dana,Netral
di update tapi kanapa malah nutup sendiri terus di baik lg,Netral
cerita mau transfer bank kata suruh upgrade premium upgrade premium hasil tapi knpa gabisa tiap klik icon transfer bank muncul perintah upgrade premium tapi tiap klik upgrade memang hasil terus gimana sih ahh elahh,Netral
bagus manfaat banget,Positif
sangat bagus sekali,Positif
update malah tidak di buka keluar sendiri makin aneh aja,Netral
baguss,Positif
bagus,Positif
bagus,Positif
terima kasih,Netral
nice,Netral
baguss,Positif
suka,Positif
update malah kirim pakai rekan dana jadi tidak mau coba pakai data biasa wifi hapus cache tapi tetep tidak jaring sibuk,Netral
sangat bagus,Positif
puas pake dana,Positif
bantu,Positif
bagus,Positif
akun tidak dana cicil padahal sudah guna aplikasi dana sejak awal launch sampai skrg tidak dapat dana cicil baik,Netral
bagus tapi g ad dana cicil nya,Positif
bagus sekarang percaya,Positif
apknya bagus tapi mau buka apknya tiba tiba keluar sendiri tidak buka saya kasih rating biar daftar di depan biar semua tau mana aplikasi bagus mana aplikasi buruk,Netral
jauh aplikasi dana lumayan bagus tidak tau kalau besok,Positif
tanggap cepat bagus,Positif
dana sekarang banyak update susah buka,Negatif
sangat puas,Positif
bagus,Positif
sangat guna buat trasver sama dana bank terima kasih dana,Positif
sangat bagus,Positif
sangat bagus,Positif
astaghfirullah malah eror mau ambil duit,Netral
e wallet no indonesia bikin uang layang pihak dana kominfo bertanggungjawab uang sering hilang tiba tiba mohon blokir merchant hotel murah sering guna rampok transaksi tahu guna dana akun tidak akses nomor di guna di dana tidak aktif bagaimana solusi,Netral
bagus transfer bank cuma tugas perak,Positif
bagus,Positif
baik,Netral
baik sekali,Netral
smnga makin maju tolong limit d besar biar lbih mmbantu,Netral
aplikasi bikin nyaman,Positif
tidak usah tugas biar tetep jos,Netral
lemott,Negatif
sangat bagus,Positif
baguss sekali,Positif
bagus,Positif
akun uang tiba tangguh tidak buka emang buruk,Negatif
diapdet mlh tambah ngaco mental mulu,Netral
mantab,Netral
hp tidak pake dana lg xiomi not hp kadul,Netral
suah guna lama tapi tidak limit dana cicil,Netral
ccpat mntab aman,Positif
bagus,Positif
cepat tidak ribet mudah guna bagus apl,Positif
bagus,Positif
bagus,Positif
mohon tambah fitur hapus daftar transaksi akhir menu listrik pulsa daftar id langgan tumpuk sangat ganggu privasi bikin bingung kalau mau transaksi cepat saya salah isi nomor tukar juga optimal fitur dark mode aplikasi otomatis ikut sistem hp sangat bantu teliti cek nama langgan terima kasih,Positif
milik sulit masuk di minta kode pesan lewat whatsapp hp kartu hilang juga coba ganti nomer baru tetap tidak proses transfer akun selalu gagal karena ada asset nya bagaimana cara jual asset sebut tidak masuk akun lama saya hubung layan tapi jawab buntu dan layan selalu kabur saya belum balas beberapa detik bahkan belum detik di end live chat layan,Negatif
baik,Netral
sangat mudah transaksi,Positif
bagus benar tapi sekarang jadi sarang korupsi masa hadiah masuk aja uang embat tidak awal makin buruk aja update,Netral
beri bintang dana sudah premium tapi uang bisa ngurang sendiri tuju saya baik sistem aplikasi dana baik agar tidak buat emosi,Netral
dana,Netral
aplikasi ndk guna ngk muncul dana pinjam,Positif
manteppp,Netral
this is perfect,Netral
layan bot gajelas tanya apa jawab apa,Netral
bagus,Positif
pakai dana mudah jadi sulit sulit makin sulit download aplikasi dana darah yang rendah pasti jadi tinggi hitung second,Positif
sangat guna butuh penting,Positif
mau narik emas tidak saran ku jangan nabung emas aplikasi dana,Netral
yah ko tidak di buka terus di instal ulang dulu baru di buka masa begitu terus baru di buka,Netral
bagus aplikasi ada kendala langsung tangan semua osncar,Netral
bsa,Netral
mantep,Netral
baik,Netral
sangat bagus,Positif
bagus,Positif
insyaallah sangat bantu,Positif
bagus,Positif
bagus,Positif
mudah kirim terima uang,Positif
baik,Positif
bagu sangat bantu ahir di hp susah loading uninstal trus download baru buka,Netral
bagus,Positif
sangat bagus,Positif
mau ganti nomor aja susah sulit nomor hp lama lama mati mau ganti nomor baru malah verikasi eror mulu padahal tinggal kirim kode otp nomor baru kan enak gopay ovo ganti nomer mudah cepat paksa uninstal dana nya,Positif
layan lebih baik,Netral
dana bagus,Positif
dana ewallet baik,Positif
sangat muas,Netral
baik,Netral
hapus akun kok tidak ya padahal masuk developer,Positif
fitur fitur dana cicill sangat memuaskann,Netral
uang bisnis tidak di tarik uang dana minta bantu ana tetap aja jawab muter verivikasih wajah beberapa kali hasil tetap sama uang bisnis tidak pindah jadi uang ada jadi sampah tidak di guna,Negatif
bagus banget,Positif
sangat bantu,Positif
gampang operasi nya tidak ribet,Netral
aplikasi nya bagus,Positif
tidak dana cicil payah tahun pakai aplikasi eror,Netral
jangan minimal transfer mudah transfer bawah k,Positif
saran aja deh buat dana baik verivikasi wajah mau tari uang dana bisnis dana personal sudah coba beberapa kali tetap gagal alas wajah tidak kenal padahal pertama kali mengupgrade dana biasa dana premium guna wajah sendiri ktp saya sendiri lah mau tari uang dana bisnis aja tidak,Negatif
ya tidak guna fitur dana cicil aplikasi dana,Netral
bagus,Positif
sering jadi potong dana,Netral
aplikasi tidak tidak di pake tidak masuk sama sekali,Netral
dana cicil nya jangan sulit mohon baik dana cicil tidak di pakai padahal lunas tagih,Netral
aplikasi nya enak benget,Netral
sangat bantu trimakasih dana,Positif
bagus,Positif
buruk banget gara gara download nya lama banget,Negatif
uang ngilang mulu buruk,Negatif
sangat bantu bagus poko,Positif
tidak aktif dana cicil,Netral
praktis,Positif
dana selalu bikin transaksi lebih mudah,Positif
iya muas,Netral
puas banget,Positif
udh bayar pake dana buat beli kuota ko tidak masuk masuk apa aplikasi dana baik,Netral
dana ooh dana susah sekali d buka nya,Negatif
bgus,Netral
sangat bagus,Positif
dana rentan banget tiba tiba langgan aolikasi dengan sendiri terus uang tiba tiba ambil sama aplikasi yang download google play store,Netral
gimana kok mau bagus up roblox tapi kok eror,Positif
bagus,Positif
bagus,Positif
bagus,Positif
kembali uang dana tidak izin,Netral
gapapa,Netral
tidak mulu fitur dana instan nya,Netral
bagus,Positif
bagus,Positif
poko baik the bese sangat bantu,Positif
kok tidak bagus up robux baca rusak batas lebih,Positif
bagus gais,Positif
the best,Netral
bagus,Positif
dana,Netral
dana bagus,Positif
dana is the best suka tingkat terus,Positif
aplikasi nymn mudah,Positif
bagus percaya,Positif
bagus,Positif
dana cicil d aplikasi dana tidak bos,Netral
sangat mudah guna,Positif
sekarang apknya susah buka kynya mau scam,Negatif
kadang eror,Netral
bagus,Positif
fitur dana cicil aktif saya lunas semua tagih tidak ikan fitur dana cicil,Netral
fitur dana cicil tiba tiba hilang fitur dana cicil tidak di gunakn padahal akun dana udh lama banget transaksi udh ratus dari awal make dana,Negatif
knpa telah sering update fitur dana cicil nya tidak muncul donk masa lain muncul saya tidak,Netral
tetep tak kasih bintang biar baca sekarang sering eror pdhal dulu aman aja jadi kurang nyaman kalau mau transaksi cepat an kalau lg eeror kek gin,Positif
ko pya sya g dana cicil y,Netral
bagus lah kalau,Positif
dana cicil belum muncul,Netral
bagus,Positif
mau masuk aja lama banget verifikasi wajah padahal jaring bagus di baikin,Positif
dana cicil gbisa dipake padahal sering guna aplikasi dana,Netral
sipppp,Netral
josss,Netral
buruk padahal punya kouta tapi tidak internet,Negatif
ya pdhal tgl udh baharu ko sekarang di baharu lgi sih dulu mh tidak kaya gin aplikasi dana,Netral
lama cukup baik,Netral
iya bener,Netral
bagus,Positif
pak dana tidak bika di hp oppo a,Netral
bagusss,Positif
kasih bintang mana nmr tidak mau kirim kode otp,Netral
sengaja kasih bintang biar baca tidak pakai buat google one tolak mulu dana ya kata lebih transaksi padahal belum transaksi apa,Netral
hp oppo susah buka app dana un instal dulu terus di instal baru di buka berapa kali tidak hitung unistal instal ulang,Negatif
tidak cek detail kirim,Netral
bagus banget,Positif
fix dong dana instant nya biar di pakai lagi min,Netral
mantulll,Netral
layan dana kurang paham masalah guna dana sering jadi entah masalah transaksi otp tidak masuk pun nomor telah hangus tanggap nya kurang jelas susah bantu guna dana digital ini,Negatif
aplikasi bagus cuman masalah loginnya susah hapus habis diinstal baru buka,Negatif
cepat,Positif
sangat suka ada aplikasi dana transaksi smakin mudah,Positif
kun dana lmbt,Netral
verif wajah dana bisnis benah dari pakai iphone sekarang samsung s susah sekali mau narik uang dana bisnis gara gara verif wajah selalu gagal,Negatif
sudah lama pake aplikasi dana ko tidak fitur dana instan,Netral
buruk,Negatif
jangan percaya ama aplikasi dana aplikasi cuci uwang bayak tidak masuk bikin lapor buat akun batu data sama daptar uang nyendat no lama tidak di ambil,Netral
bantu mengunakan fitur dana instan belum muncul,Netral
bagus,Positif
baik,Netral
bagus,Positif
aman percaya mudah dlm transaksi,Positif
knapa tidak mendwnlodt aplikasi biasa,Netral
uang sering tiba ilng riwayat transaksi bayar uc friver premium pdahl punya akun uc browser aja tidak aman uang tidak ni aplikasi,Positif
bagus,Positif
sangat bagus,Positif
bagus,Positif
alus,Netral
sangat bantu,Positif
bagus,Positif
sangat bantu transaksi jadi mudah,Positif
bagus,Positif
baik,Netral
kok makin gin aplikasi dana skrang sering bnget tidak di buka otomatis donload capek bnget x lebih,Positif
min isi dana dong jt,Netral
sangat luarbiasa senang,Netral
bagus,Positif
kalau transfer lewat qris suka gagal,Netral
cepat nyaman,Positif
bayar dana cicil lunas nunggu bulan malah lebih bulan tapi belum di pake heran heran,Netral
jd sering tidak kbuka d hp oppo bantu,Netral
bagus aman,Positif
maaf kak kenapa yah dihandphone oppo a tidak buka,Netral
bagus,Positif
hp sya tidak bos hp jdul kali,Netral
lambat,Negatif
kok bukak aplikasi dana tidak harus donwload dulu baru bukak biasaa nya lancar aja tapi bulan tidak di bukak aplikasi dana saya di hape vivo,Positif
aplikasi dana sya selalu jaring putus lah info cara atas nya,Netral
telah update malah loading terus tidak si guna sama sekali chatt bantu tapi belum di guna sengaja kasih bintang biar baca mohon bantu nya aplikasi bisa guna,Netral
lumayan bagus,Positif
aplikasi tidak di buka kasih bintang satu dulu,Netral
kasih bintang biar fitur dana cicil nya butuh banget soal dong min aktif dana cicil nya saya,Netral
customer service sangat buruk,Negatif
kenapa dana nya bisa akses malah muncul eror terus,Netral
bagus,Positif
bagus,Positif
sangat bantu,Positif
sangat bantu,Positif
bgus tpi tidak pernah tapi bantu,Netral
bagus banget,Positif
baik,Netral
pernah hilang akun dana,Negatif
bagus,Positif
baik,Netral
aktif dana cicil dong,Netral
bagus,Positif
bagus,Positif
halo dana dapat rusak saat unduh qris dana bisnis bugnya ketika tombol unduh qris dana bisnis selalu arah user atur aplikasi aksi sebut muncul taut unduh mulai unduh file pdf qris dana bisnis harap baik lebih milik formasi cukup baik,Negatif
sangat mudah erti,Positif
sulit masuk karna guna perangkat telah hilang,Negatif
dana cicil dana instan di lunas tiba tiba limit dana cicil hilang gitu limit dana instan tapi tidak di guna lapor ana jawab nya selalu harap tunggu bikin lapor via email tidak tanggap suruh instal ulang aplikasi tetap tidak juga buruk banget dana,Negatif
the best,Netral
bagus,Positif
kalau transfer lewat wallet sama isi ulang game susah banget banyak ganggu pas masuk tahun dong lancarin kaya dulu min,Positif
bagus sangat mudah transaksi,Positif
banyak tipu uang hilang juta emang nominal kecil tapi saya ajar sangat besar tidak tindak apa dana nya,Negatif
bes,Netral
moga upgrade ada fitur dana cicil nya,Netral
pihak dana bantu untuk pulih akun kena root akun tida di buka apa mau tarik uang,Netral
baik,Positif
cepat tepat bagus pokoke,Positif
aplikasi sangat mbatu,Netral
buruk makin banyak potong,Negatif
baik,Netral
ingin aktivasi dana cicil nya sukse tapi berapa kali coba selalu gagal di bantu aktivasi nya,Negatif
kartu lama ilang upgrade premium sama kartu baru tidak y,Netral
baguss,Positif
ya dana tidak ikut program beta,Netral
aplikasi bagus,Positif
bagus,Positif
isi in uang aq donk,Netral
aplikasi jujur,Netral
fitur dana cicil nya apa kalau tidak pakai banyak sekali guna tidak guna fitur dana cicil hapus dana cicil hapus aplikasi dana play store,Netral
memang percaya,Netral
mmpermudah transaksi apa,Positif
bagus,Positif
pak mohon aman aplikasi dana lebih kuat pak mohon kalau ganti password ganti pin ganti pin pasu nik nama ibu kandung lebih aman pak,Positif
dana aplikasi setan transfer rekening bank tidak uang tahan dana,Netral
bagus,Positif
makasih,Netral
tidak guna data seluler,Netral
pokok nya,Positif
mantappp,Positif
sangat bagus,Positif
moga cepat dana cicil nya min,Netral
banyak uang gua hilang aplikasi turut gua biar bintang tidak pantas sama aplikasi,Negatif
buruk pakek dana x bagus up e toll tapi dana tidak masuk uang dana kurang ribu bukan uang sedikit dong fix masak iya nunggu minggu kerja,Netral
kenpa pnya belum dana cicil nya,Netral
akun dana rusak tidak bosa masuk hari gimana nih,Negatif
transfer gga masuk,Netral
jauh sih bagus mudah gada masalah,Positif
sangat puas,Positif
baik sangat bantu,Positif
sangat bagus aman sya suka bget,Positif
tak d buka d hp realme malaysia,Netral
tidak buat kirim uang,Netral
dana tidak aman uang sedot sama pulsa telkomsel sama axis pdhal tidak transaksi buruk sama akun dana,Netral
suka dana aplikasi mudah guna,Positif
baik,Netral
lbih mudah tidak perlu klwar kntor,Positif
baru hari sering tidak di buka uninstal trus instal baru buka x instal ulang terus ya,Netral
kiye pis pokonamah,Positif
bantu,Positif
bagus,Positif
bagus aman lama gabung,Positif
mudah cepat,Positif
lama install nya nembagongkan,Netral
okhh lahh,Positif
dana thes best pokok e,Positif
banyak rusak nya di baik lagi nyesel aing pake dana,Negatif
sangat bantu proses ajar,Positif
sangat bantu kirim uang atau bayar tagih,Positif
saya uninstal soal tidak buka tidak,Netral
sangat baik,Netral
neng banget semua bayar serba gampang pake dana,Netral
aplikasi sering henti sendiri sekarang malah gx masuk,Netral
uang tiba hilang rb aplikasi maling,Negatif
lambat,Negatif
bagus proses cepat aman,Positif
mau buka apl dana suka tidak masuk instal ulang baru lancar dong baik,Positif
bagus,Positif
dana ganggu trus terus,Netral
buruk dana bisnis jadi hari d tarik saldo sekarang,Negatif
sangat baik aman,Positif
aplikasi sangat bantu,Positif
sangat bermampaat,Netral
bagus,Positif
aka gimna kalau nomor hp tidak aktip jd tidak nerima kode otp,Netral
sangat bantu,Positif
waduhh kenek pot transaksi bca wes tk kei b ae ben pdo enak e,Netral
balikin uang yang tiba tiba suka sedot konfirmasi,Positif
penak jos jis,Netral
sengaja kasih bibtang biar baca coba masuk tapi tidak sinyal bagus tapi tak terima mohon bantu nya,Positif
sangat bagus,Positif
sangat penting saya,Netral
mantep aplikasi nya tapi rusak gitu kadang enga firivikasi gitu,Negatif
perbaikin dong aplikasi masak mau masuk istal,Netral
bagus sekali layan nya nyaman amanah terimakasih sana,Positif
sangat bagus bagus,Positif
oke deh,Positif
bagus,Positif
update susah buat transfer kenapa aplnya,Negatif
bagus,Positif
proses cepat,Positif
hari jam sekarang aplikasi dana eror tidak inbox kirim uang padahal jelas kirim,Netral
lama sekali instalnya tidak jalan hadehhh makin aneh aja,Netral
sangat bagus,Positif
sangat bantu sekali,Positif
tidak scene qris parahhhh sihhh,Negatif
sgt bantu,Positif
aplikasi aneh makin baru malah makin lag,Netral
mau daftar ulang dana,Netral
jawab lu lebih sepesifik donk bertalatele gila duit gua kga balik komen sini kga guna kga jawab itu doank,Netral
dana cicil aja belum muncul lai bagus,Positif
cepat,Positif
moga makin sukses,Netral
laku transaksi isi ulang e money brizi lewat dana tapi saat uang tidak masuk kartu brizi dan telah laku lapor costumer service suruh tunggu hari kerja tapi skr belum tindak lanjut chat tidaak tanggap hanya minta jelas bukan masalah nilai nominal tapi layan gimana,Negatif
uang tinggal ribu kok potong otomatis tidak tau sumber mana yang tidak iklasss uang buat beli sufor anak saya semogo anak cucu siksa dunia ahirat padahal tidak pernah langgan apa moga bangkrut amin,Positif
bagus,Positif
sangat luar biasa,Netral
sengaja bintang verifikasi wajah sandi masa minta kode otp tolong kembali dulu biar lebih mudah,Positif
transfer bca selalu gagal,Negatif
sangat bagus,Positif
sangat bantu mudah dalam laku transaksi,Positif
baik,Netral
aplikasi aneh tidak mau pakai premium malah tidak transaksi,Netral
bagus,Positif
kenapq tidak ganti nomor saat mau ganti system erorr,Netral
sangat bantu x,Positif
oke,Positif
qris cepat masuk,Positif
sangat bantu,Positif
mntap,Netral
bagus aja,Positif
dana ganguan min,Netral
sangat mudah cepat,Positif
diupgrade ko sering keluar sendiri kadang muncul menu tapi tidak transaksi terus keluar,Netral
sagat baik,Netral
bagus,Positif
bagus,Positif
jos gandos,Netral
biar baca sering mengupdate dana udh selesai selalu pemberitahuan tidak menginstall ulang update dana tlg solusi,Netral
ksi bintang stu soal nya blum coba hehe bagus sekian terimaksih,Positif
nyoba invest emas eh pas jual duit hasil jual emas hilang pas ngejual tiba tiba salah pas mau coba ulang jual tabung emas malah kosong uang tidak masuk riwayat gaada gatau tuh,Negatif
invest emas pas cair kan uang g masuk dana emas ilang gausah invest sini g bagus,Positif
bagus,Positif
okeh,Positif
bantu buat teimakasih,Netral
maaf uang dana ku k tapi kok pas mau pakai uang nya hilang sudah cek tidak langgan apa balikin uang sayaa,Netral
tidak jelas narik emas k hilang uang nya gilir perak bayar kock,Negatif
oke,Positif
jaja,Netral
law tarik tunai ny tidak ya,Netral
bagus,Positif
bagus,Positif
bagus cuma terus terus keluar aplikasi gabisa transfer bayar apa,Positif
sangat manfaat,Netral
joss gandosss,Netral
bagus,Positif
cukup muas,Netral
sangat bagus,Positif
bagus,Positif
mantab,Netral
bagus,Positif
bagus sangat bantu,Positif
aplikasi buruk banget mau aju dana cicil aja th pake tidak syarat tidak masalah,Negatif
aplikasi tidak buka baik,Netral
moga selalu aman jaga keprifasiannya,Positif
buruk banget sering hilang uang kalau simpen dana buruk banget,Negatif
apa dana sering sulit masuk akun dana dan akhir harus uninstal trus unduh ulang,Netral
alhamdulillah lancar,Positif
sesuai ekspetasi,Netral
tidak di pakai dana cicil beli pulsa besar ribu padahal limit ribu malah akses lokasi padahal akses lokasi di aktif mohon bantu guna dana cicil beli pulsa besar ribu aplikasi sudah saya upgrade,Positif
cepat tepat bagus,Positif
tugas tadi barusan isi kouta x gb tapi kok masuk x aja terus uang tetap potong x,Positif
benah dana masa kirim wallet shopepay rb transaksi hasil dana tpi uang tidak masuk shopepay,Netral
aplikasi nya susah buka,Negatif
sangat baik,Netral
akhir akhir aplikasi dana keluar sendiri frose close gimana cara atasiny maafny kasih bintang dulu soal keluar sendiri hp yng masalah aplikasi danany,Negatif
baru aja update tanggal feb kemaren tanggal feb suruh update tiap hari aja enggak updatenya,Netral
aplikasi nya bagus,Positif
sangat puas,Positif
aman,Positif
fitur dana cicil kok ngak,Positif
layan dana gimana kita minta solusi buat dana cicil tida pakai mereka tidak buruk berat dana padahal riwayat transaksi dana saya lumayan bagus tapi hall kecil yang buat customer buruk tetap laku,Netral
mudah cepat aman,Positif
sangat bagus,Positif
excellent,Netral
luar biasa,Netral
oke,Positif
akurat bagus,Positif
fitur emas tidak d akses udh hari,Netral
weh sumpah mau upgare dana bisnis tidak cok tolak terus saran min lebih mudah kan kasihan orang mau upgare dana bisnis susah saran foto ktp ama selfi,Positif
tidak transaksi jadi eror semenjak di update,Netral
belum aktif dana instan,Netral
sangat bantu,Positif
bagus,Positif
aplikasi bagus mudah semua bayar ribet tapi dong dana cicil di munculin udab tahun tahun pake apl dana fitur dana cicil sya tidak muncul muncul bantu min terimakasih,Positif
buat dana fitur dana cicl nya,Netral
the best aplikasi,Netral
sering banget chat ana tapi balas tetap sama suruh tunggu terus padahal guna lama malah guna baru aktif dana cicil,Netral
dana usaha lancar,Positif
dana udh macam apa uang hilang terus boleh ribu ribu tidak jadi masalah masuk uang selalu potong masalah uang ribu hilang aja transaksi tidak jelas sumpah dana tidak mutu tidak saya teman saya yang konter usaha uang ludes tidak jelas,Negatif
mantaf sekali,Netral
bagus,Positif
akun di proteksi uang di akun,Netral
sangat muas,Netral
bagus,Positif
tidak kirim e wallet,Netral
sangat mudah guna,Positif
walaupun tidak pakai dana cicil,Netral
the best,Netral
sangan guna,Positif
sengaja kasih bintang lima biar d baca baru coba sekali pakai dana kata banyakembantu tapi kok g buat transfer kemarin pagi salah sistem trz,Positif
bagus,Positif
sangat puas,Positif
tidak recommended,Netral
slow tanggap banget layan nya minta bantu jawab full ai tidak sanggup gaji karyawan gmn,Netral
pas klik fitur dana cicil malah pemberitahuan dana cicil blum sedia padahal fitur nya muncul,Netral
sengaja gua kasi bintang baca sya keluh bagi dana goals ku kok dana goals ku tidak buka padahal gua hapus instal tetep bisa gimana min kok gin sih ikan solusi dong,Positif
bagus,Positif
baik,Netral
buruk tidak nya akses dana pinjam nya padahal premium,Netral
bagus ribet,Positif
baik,Netral
bagus lali bantu,Positif
dana makin kesini malah tidak masuk internet merah terus cuma dana doang merah sinyal lain tidak masalah knapa harus peke wifi dulu baru di buka trus baru pakai data ini,Negatif
mantaap,Netral
bagus makasih banyak,Positif
uang dana nomor lama tidak pindah nomor dana yang baru,Netral
terbaikk manfaat semua orang,Positif
tidak jelas dana masa sudah lama pake dana dana cicil tidak,Netral
min dong sudah lama pake dana fitur dana cicil belum tolong dong min,Netral
dompet digital baik,Positif
acc dana cicil,Netral
sangat bantu,Positif
update kan dana cicil daftar akun dana min terimakasih,Netral
sangat oke,Positif
oke banget,Positif
luar bisaa,Netral
puas,Positif
belum masuk program beta,Netral
tanggap telah update tunggu terima kasih sekarang dana lancar kendala harap tahan kerja baik aplikasi salah satu yang saya andal,Netral
sangat muas,Netral
sangat bagus,Positif
bintang dlu,Netral
sangat manfaat sekali lancar tampa hambat,Positif
bagus,Positif
aplikasi kurang muas akun dana lindung beberapa bulan sekali buat lapor gajelas,Netral
munculin dana cicil nya dong,Netral
sangat muas,Netral
mati kode otp nya,Netral
sangat baik,Netral
verifikasi wajah dana bisnis selalu gagal padahal milik akun ktp daftar dana tapi verifikasi wajah selalu gagal chat bot ana bantu tidak pernah hasil selalu sama aja komplain di baik fitur bot ai nya bisa mendetect wajah baik,Netral
ya punya tidak dana cicil kayak punya orang padahal sering banget guna dana,Netral
bagus,Positif
sangat kecewa mulai hari saya hapus dana pindah seabank aja,Netral
terima kasih,Netral
bagaimana bisa dapet dana cicil akun dana,Netral
dana cicil tidak muncul,Netral
bavus cepat,Netral
mantapp,Positif
baik,Netral
nice,Netral
sangat bantu tapi dana cicil belum muncul sama dana instan moga cepat acc sama dana terima kasih,Positif
mau daftar dana cicil,Netral
puas banget semua fitur nya sekarang dana,Positif
sangat bantu,Positif
banyak ribet nya pin benar saja minta permup aneh,Netral
sangat bantu,Positif
aplikasi zonkk,Netral
aman percaya,Positif
bagus,Positif
dana cicil tidak keluar,Netral
mulai aman simpan uang sini tidak pernah laku langgan tiba tiba potong uang nya aplikasi dana sangat rugi karena tidak pernah laku langgan aplikasi maxtohub,Netral
masuk lambat duit ilang gua laperrrrrrrr masuk lamaaaaaaa bbi orabisa diandelin,Negatif
dana sekarang susah buka,Negatif
tidak buat e wallet sama transfer bank padahal hapus chance uninstall ulang ulang kali aju tugas tapi tidak balas balas kalau buat transfer bank sama e wallet langsung rusak padahal wifi lancar lancar aja tugas kondisi,Netral
jujur gua tim dari dlu pake dana tp semenjak kemarin duit gua ilang dana padahal baru ditf tiba tiba gada saldo gua buruk bgttt banyak blg dana gaamanah tp gua gapercaya semenjak itu jadi gua gua baru percaya,Netral
beri rating bintang soal bnyak kurang dri aplikasi barusan salah dlm transaksi pas minta bantu pihak dana raka tidak bantu sama sekali saya minta bantu buat bekuin saldo supaya tidak pakai saya hubung terima tidak alhasil pasrah ihklas harap mungkin milik akun nya mau kembali uang,Netral
seringkali uang tiba tiba hilang transaksi makin lama makin aneh dana,Negatif
percuma fitur dana cicil tapi tidak guna padahal bayar tagih kalau tidak pakai fitur dana cicil jangan harap cicil ikut saya lunas kalau fiturnya tidak guna,Netral
fitur dana instan tidak guna padahal selalu bayar tepat waktu limit ada dong kalau emang niat buat fitur jangan di munculin,Netral
jangan instal lebih baik aplikasi belah tidak transfer di dana bisnis transfer lama banget buat d masukin dana nya tidak proses tindak lanjut lagi lambat banget nyeselllllll taii,Negatif
aktif kan dana cicil akun sudah premium,Netral
aplikasi dana susah buka tunggu instal ulang baru buka stelah gabisa di buka apa masalah nya,Negatif
makin buruk baru reset hp saat mau masuk justru minta kode otp lalu gmail akun gmail tidak coba verifikasi lewat kyc foto ktp justru arah ganti nomor jika ganti nomor uang ada tidak di pulih terlalu serakah di kira mudah cari uang enak jidat kalian kosong uang user,Netral
force close terus pas mau masuk coba puluh kali hapus cache hapus data paksa henti hasil tetap sama force close pas loading di bagi masukin nomor,Netral
susah di buka,Negatif
sih narik uang dana goals gagal mulu kok jadi super ribet gin aplikasi gabakal pake aplikasi ribet gin nyusahin org lg butuh make duit sendiri malah gagal gagal kaga jelas,Netral
uang suka ilang,Positif
aplikasi tidak punya integritas bodoh bagaimana akun kena limit lama bulan sehingga tidak pakai padahal cuman pakai transaksi banyak x nominal bahkan tidak k layan sungguh tidak bantu bukan selesai masalah ada layan malah paksa akun diupgrade buat atas limit bijak usaha layan gimana sih dana,Netral
tidak biaa baik makin kesini malah makin buruk aplikasi malah tidak mao buka,Negatif
sayang aplikasi dana tidak d beri akses pin pasword masuk buka aplikasi d hp,Netral
aplikasi tolol gbisa transfer,Negatif
dana cicil dana instan tidak padahal sering banget update truss playstor,Netral
sayg beli data diago malah tidak,Netral
unjung kantor bisa baik keluh saya,Netral
awal lancar kesini kayak babi,Netral
ko dana cicil g dapet limit pinjam nya padahal premium dana cicil aktif tahun tapi g limit pinjam nya tidak kaya teman teman,Positif
aplikasi mudah hack tidak tanggung jawab tiba tiba uang hilang bayar aplikasi sendiri,Netral
lh mudah buat kode qris masa hari tidak jadi kode customer setia dana loh,Positif
jangan download aplikasi dana jadi uang kalian kuras sendiri dari pihak dana tidak bantu atau kembali uang kuras sebut,Positif
a n sobberi guna premium aktif dana pribadi alih dana bisnis kok yo njelimet sangat verifikasi tolak terus,Positif
harus nya kode otp lalu via email biar tidak ribet kalau nomer nya hangus,Netral
bagus,Positif
sekarang malah makin sulit tuk buka aplikasi nya lambat x,Negatif
terima bayar qr akun bisnis cair terlalu lama butuh hari,Netral
rasa tidak adil sama dana masa transaksi banyak kok dana cicil tidak muncul malah orang orang jarang transaksi malah tolong lah kalonyaa orang kenapa pilih pilih buat pinjam jadi kalau butuh desak cair dana tidak adil,Positif
sangat puas,Positif
transaksi hasil tapi uang tidak masuk hubung csnya tapi tidak tidak selesai sekarang uang tidak bobrok ni aplikasi,Positif
yach dana tidak bsa isi token listrik,Positif
woy lah baru baru pertama kali pake dana di sulit aja mau masuk kan lupa pin si na mau scan wajah jugak tidak kata nya miring yang kata pake kaca mata padahal wajah ku tidak benda apa bahkan waktu di scan wajah sampe tahan napas loh,Netral
duit gua balik rb dana gua malah blok,Positif
sekarang lambat apl dana,Negatif
kapan dana cicil muncul akun syarat di penuh tapi kagak muncul muncul transaksi jta lebih kagak muncul muncul dana cicil nya,Netral
mending gopay bagus up aj tidak cokkk,Positif
apl nya tidak di buka,Netral
kenapah dana cicil tidak di guna padahal di baayar lunas semua limit awal hadeh gimana dong solusi,Netral
sangat bantu,Positif
berpa persaet pihak dana aktif fitur dana cicil tidak bantu sama sekali gilir trakaksi aja selalu potong rasa rugi sekali aplikasi dana makin kesini makin ribet bukan batu,Netral
aplikasi dana aneh guna dana premium bulan transaksi lebih jt tapi tidak fitur dana instan sama sekali coba hub chat bot tidak guna jawab selalu belit tidak solusi,Netral
saya tidak keluar fitur dana cicil bos,Netral
data pakai pihak dana tidak bantu baik aplikasi buruk,Netral
dana sering kali tidak buka di hps dlu dowload ulang baru di buka knpa,Netral
aplikasi tidak di buka,Netral
bagus akun tadak ilang,Positif
bagus buruk,Netral
memori kga penuh forclose mulu ngeleg bolak balik download baru pake itu skali pake hapus download hadeh bkanya mudah malah pusing,Positif
aplikasi nyusahin guna,Netral
dana cicil tidak di guna pedahal tidak sangkut,Netral
uang sering hilang sebab padahal tidak transaksi,Negatif
telah update tidak buka woiii padahal akhir bisa buat beli token listrik,Positif
buruk sih tiba tiba uang hilang semua aplikasi dana padahal tidak laku transaksi,Negatif
preminum aktif hari banyak transaksi tidak fitur dana cicil,Netral
aplikasi pilih pilih,Netral
dana cicil tidak guna padahal bulan lunass,Netral
dua kali dpt problem pertama dlu sempet salah transfer karna nomor nya beda angka nominal k chat layan tidak tanggap dua isi ulang dana tidak masuk nominal k mana uang makan kos sakit hati banget,Positif
ni dana kok sering eror baik ini dana,Positif
sebal lupa pin coba klik lupa pin arah scan wajah tapi selalu gagal alias tidak deteksi coba ulang kali gitu mulu,Negatif
dana cicil tidak pake padahal selalu bayar harus kalau emang sedia dana cicil selalu di guna,Netral
mau tanya aplikasi ya mau coba transfer bank bni lalu saat telah pasu nomor virtual account rekening kuliah dan saat tekan transfer dapat notifikasi ini terlalu banyak sedang transaksi coba beberapa menit dan aplikasi dana saya ini terupdate versi baru,Positif
dana sekarang lambat sekali yang tranfer tidak on time di baik,Negatif
tidak bertanggungjawab tipu,Negatif
dana kalau buka loding kalau mau buka di instal ulang,Netral
halo boss saya tidak masuk,Netral
masa masuk tampil layar penuh nunggu lumayan lama tiba tiba keluar sendiri coba masuk mas gitu gitu aja gimana coba masa tiap mau masuk uninstal instal borosin kuota baik nya dong,Netral
di aplikasi dana tidak muncul pinjam uang padahal premium,Netral
aplikasi dana tidak buka tiap buka terus di hp oppo a s,Netral
dana ko g dana playleter si lain tolong dong juga mau,Netral
banyak loding mulu,Netral
jangan simpan apl tidak aman uang hilang tidak kembali hati pake apl dan bukan cma teman juga keluh yang sama,Netral
mohon maaf aplikasi sngat lambat bayar,Negatif
aplikasi sering froceclose di baik,Netral
tidak install beberapa kali download tapi tidak mau di install,Netral
buruk sama dana uang kok tiba hilang tuju dan aneh riwayat transaksi tp tidak rasa transaksi pdhal lagi main hp d wktu trnsaksi,Negatif
memang rusak apa kalau mau buka aplikasi tidak kata internet putus padahal kalau buka lain lancar lancar aja gimana kalau isi gabisa lihat mohon baik y,Netral
ini gimna dana tidak dipake uang tidak transfer,Netral
aplikasi paling lambat banding lain,Negatif
napah dana tidak dana cicil nya,Netral
mau upgrade premium verifikasi e ktp nama sesuai e ktp tapi gabisa konfrim aneh,Netral
buka kan akun dana yang tangguh kn bos,Netral
aplikasi sedot uang orang tidak ngelakuin transaksi malah potong uang orang isi dana tidak masuk dana aplikasi sedot uang,Netral
tidak di buka keluar sendiri mulu,Netral
tidak download aplikasi,Netral
gua mau kasih tau aja uang gua ilang gitu aja karna yang hack akun gua baru bagus up rb tau tau pemberitahuan beli pulsa rb kali kali gagal nomer sama nya aplikasi banyak ikut bisa di bajak gin akun nya,Netral
harus no bintang uang tiba tiba hilang gara gara vpn google padahal tidak pernah langgan sama sekali kalau iya harus konfirmasi bayar tidak padahal mau buat butuh dana sampah,Negatif
ada kendala suruh hubung pusat bantu hubung pusat bantu bukan solusi malah bikin emosi pertanyaa tele tele ujung dala tidak selesai,Negatif
transfer antar bank selalu ganggu jam pagi baru transfer kacau,Netral
apasih kok kata nya mau mudah tapi malah ngeribetin premium lah update lah segala kan mau transfer orang jadi ribet banget nyusahin ajah sih dih alah,Positif
kek buruk masa buka tidak buka,Netral
kok tidak bayar shopee sih padahal di update,Positif
tiba pernah pakai dana cicil kocak mana rb,Netral
tlong baik aplikasi dana nya stelah update aplikasi nya trus tidak di buka kcewa bnget,Netral
lumayan ribet,Netral
ko kaga paylater padahal pake dana taun gilir baru download dapet aneh,Netral
aplikasi nya jadi lambat sekarang,Negatif
baru sekali transfer dua kali gagal cari bantu eh bukan manusia beri solusi tapi ai jawab ulang gitu pas log in tidak masuk padahal ada uang sial baik cepat uang masih sini,Netral
mau tanya tur emas hp tidak buka,Netral
dana sekarang suka susah buka hatus uninstal instal baru di buka,Netral
ko dana tidak pake yah bagus up di mlbb rb aja tidak padahal punya uang rb loh,Positif
update beberapa kali tidak,Netral
aplikasi nya sih tiba uang hilang trus situ terang transaksi nya layan google padahal tidak ad transaksi apa google,Negatif
ya no tidak masuk dana,Netral
sering instal ulang kalau tidak di buka ya,Netral
buruk si bos lambat tanggap apus n donlod ulang mulu apa sama dana,Negatif
nabung dana goals gabisa ambil nominal banyak ya allah,Netral
sering hilang uang,Negatif
dana sekarang paksa henti terus sulit buka di baik karna masalah sudah lama,Negatif
lama berat beban banyak nge rusak mulu aneh,Negatif
tidak fast tanggap ig dana instan tidak tarik sekarang aplikasi apa,Netral
hari kalau mau buka dana hrs abdate trus uninstall instal lg kalau mau guna skrg jadi males kalau pakai apl dana sangat kecewa,Netral
aplikasi bagus di percaya tapi knpa sekarang susah kalau buka aplikasi dana nya suka,Positif
aplikasi nya jadi jengkel kan tidak masuk akun mau buka tulis akun mu sedang ptoteksi chat ana jawab nya melulu,Netral
bagus up ribu dana masuk padahal mbangking sukses uang mbangking kurang,Positif
verifnya ribet banget njg,Netral
kesal uang hilang dana chat tugas balas nya bikin sakit hati tidak solusi padahal saya tidak kait kan sama akun goggle,Negatif
uang hilang rb bikin pusing argh tiba tiba hilang jejak tidak notif riwayat,Negatif
premium,Netral
aplikasi babi selalu bilang sistem sibuk,Negatif
sejak update januari jadi susah buka android uninstall dulu tiap minggu sekali feb balas dev nya suruh sih cache kalau cm kyk gt selalu lakuin emg buildnya aja makin payah iki tuh banyak kasus susah buka saya masa jadi app sekali pakai install transaksi uninstall buruk,Negatif
aduh dana kenapa apl nya tidak buka tadi relog trus tetep tidak masuk padahal jaring bagus dana padahal saya mau bayar cicil loh,Positif
yah dana selalu masalah orang krim uang tapi enggak masuk eror bagaimana nih soal nya k enggak masuk,Negatif
dana cicil kok tidak punya,Positif
knpa dana nya tidak di buka,Netral
dana selalu masalah teruss,Negatif
aplikasi sering henti tidak masuk,Netral
jangan pakai aplikasi tidak jamin kalau uang hilang tiba tiba,Negatif
sangattt baguss,Positif
ya dana laku proses bayar ada otorisasi guna nya sangat buruk,Negatif
aplikasi tidak buka entah sudah nyoba refresh hp tetap solusi nya un instal bagaimana mau pakai jika harus un instal terus terus,Netral
saya tidak bayar pake dana kata transaksi tolak,Netral
knpa update malah tidak buka sam sekali,Netral
limit jt tapi max isi ulang k per transaksi max x dlm bulan bagus up dst kena tugas g dimunculin mutasi manipulasi mutasi g si nama harus catat jumlah nominal masuk bukan ikut tugas nya,Positif
bagus up sedot ntah itu padahal tidak pernah transaksi bayar nya pake dana tiap bagus up sedot nya bukan semua tapi semua nya sedot,Positif
jangan mau donwload aplikasi rugi tiba tiba tagih dana cicil padahal saya sama sekali tidak pernah pinjam,Negatif
bagus,Positif
jangan install aplikasi aplikasi nyedot uang tidak transaksi tiba uang ilang tidak d refund lapor layan jawab bot,Netral
force close terus,Netral
lanjur bagus up aplikasi tidak di buka,Positif
tingkat aman cukup rendah shg mudah bobol phising tipu,Positif
saran aja nih gausah pake aplikasi aja pindah seabank kalau tidak go pay aja aplikasi gajelas transfer tidak tiba tiba keluar sendiri duit kadang kurang gakjelas sadar buat lu semua mending ganti aja jangan pake dana lagi,Netral
baik akun dana saya buka pulsa data sama listrik gabisa teruss gilir buka lain gimana aplikasi baik,Netral
ganggu trus pas mau ambil uang alfa tidak malah eror,Netral
potong tugas nya sangat besar buruk,Negatif
susah masuk aplikasi kalau keluar aplikasi berapa kali coba masuk tapi tetap tidak masa hapus aplikasi baru masuk se ribet kah masuk dana sekarang,Negatif
tidak bagus up free fire eror,Positif
lama pake aplikasi dana tapi bom dapet fitur dana cicil bahkan jadi atm pertama dana tapi tetep bom muncul fitur dana cicil sangat kecewa,Netral
hapus permanen user id karna aplikasi dana tidak pecah kan masalah hadap guna kala uang dana asli lambat lebih bulan tidak hasil nya,Negatif
nomer tidak aktif sempet masuk pas uang kosong verifikasi wajah otp gilir uang mau log in dah tidak masudnya biar apa tuh ada jelas masuk akal tidak nyoba pakai hp beda tetap sama hrus verifikasi otp,Netral
susah buka aplikasi,Negatif
mau buka bisa mental terus padahal di update,Netral
dana aplikasi koclok,Positif
gimana cara mau transfer tidak dan upgrade ktp ktp udh pernah pake dana trus solusi gimana,Netral
dana sih urgent nya mau kirim uang malah tidak bsa terang krna lgi banyak transaksi emang kayak gin,Netral
siapa harus hubung saya mau ambil uang tidak gimana,Netral
gila banget sih dana sekarang malah tidak di buka sama sekali,Netral
dana tidak buka hp,Netral
apa jadi dana tidak buka tugas jangan ambil uang update dana dana saya tidak buka jelas,Netral
aplikasi dana deteksi root padahal hp tidak pernah root bagaimana cara atas pusing,Netral
fitur dana cicil tidak muncul aplikasi dana smentara bintang dlu,Netral
minimal kirim kode otp pake pilih lah masa email doang itu ada alamat email bukan milik ku astaga,Netral
akun dana tidak dana cicil padahal premium juga aktif transaksi,Netral
update lambat,Negatif
please lah tiap bagus up selalu rusak,Netral
fiktur dana cicil ada tapi tidak guna dan trnaskisi oper limit tapi pas butu tidak guna dana cicil dulu guna dana cicil saya tapi kenap sekarang tidak bisa lagi,Netral
ni aplikasi bukan mudah akses uang malah sulit akun gua awal premium update jadi non premium mohon rusak baik ini bagi bagi orang sangat ganggu lo,Netral
aplikasi dana sekarang lambat banget loginnya koneksi internet padahal stabil dong periksa di baik,Negatif
tarik tunai eror min,Netral
saat mau masuk tidak karena hubung degan hp oranglain baik sandi masuk tidak,Netral
d update bukan y tambah bagus malah tambah buruk lambat sering eror suka susah masuk dong baik sistem biar guna nyaman,Positif
aplikasi bisa buka,Netral
bantu,Positif
makin kesini makin banyak rusak kendala layan gajelas buka bantu nyelesain masalah ngasih solusi malah ngomong gajelas mana otw ganti pakai aplikasi belah dah dana tidak jelas bobrok,Negatif
dana kok tidak dana cicil nya padahal sering pakai dana trs buat transaksi,Positif
pas buka dana selalu keluar ke menu sendiri,Netral
aplikasi dana tidak buka entah apa salah,Netral
sulit buka hrs uninstal lalu instal selalu,Netral
akun dana tidak di buka nomor hp tidak aktif akun sebut tidak kembali di hubung customer service nya tidak tanggap dukung tidak selesai,Netral
update uang brizzi belum masuk di bustkan lapor tapi lebih minggu tidak lanjut lapor beri,Netral
sering hilang uwang aplikasi kara kasih bintang mohon kembali uwang saya saya tu orang tidak mampu buat makan aja susah apa buat bli kouta kembali kata uang aman aman apa kalau sering hilang padahal akun kait aplikasi tu cuma prangkat,Negatif
tidak bsa buka aplikasi nya suka balik ke menu utama layar hp nya,Positif
mkin kesini mangkin buruk laku transfer bank nama bank ny am no rekening ny beda masak d riwayat hasil uang ny tidak masuk rekening bank sudah lapor kta ny suruh nunggu hari sedang dh lebih dri hri belum jgak ad tindak kl terus kyk gni mnding pindah k ovoaj,Negatif
jangan dana kalau kamu ngak mau tipu sudah kena tipu kalau yang nelpon utama dana d beku jangan d isik nipu,Netral
selalu gagal scan wajah begitu padahal akun,Negatif
aplikasi dana di buka aja heng kuota uda jelas tiap mw buka aplikasi dana keluar terus mohon info blznya bos smntra sya nilai bintang satu aja,Netral
heran padahal kuota internet nya tapi buka dana nya tetap koneksi internet putus haapus chache tetep aja susah mana mau tarik dana,Negatif
ngirim kode otp nya tidak opsional nomor hp sih malah lewat email doang email lama yang hubung sama akun dana kena retas jadi gabisa masuk balik ke akun dana,Netral
aplikasi buruk nih jangan pake sering narik uang uang uang gua aja ambil uang kurang bayar izin buruk banget mending pake aplikasi aja hati aplikasi tipu bisa jebol orang jadi uang saya k tiba tanpa nya pemberitahuan hilang k lebih ini ke x nya pihak dana tidak mau bertangung jawab sekian dari saya dan selalu hati,Negatif
baik rincih detail pengirimanya alami transfer x alami rugi besar,Negatif
terus aja mau pake hapus dulu download lg baru di buka,Netral
dana potong google minta bantu tugas dana tidak bantu buat refund,Positif
sangat tidak muas ada kendala tidak pernah direspon,Negatif
sekarang apl dana sangat buruk tidak kaya dulu kalau mau buka suka sendiri kacau,Netral
capek transaksi dg dana dana cicil tidak muncul,Netral
pliiisssss dana lagiih sih bbrpa hari tidak buat cek aktivitas bagi bukti transfer bahkan buat isi pulsa tidak bisaaaaaaaa urgent malah tidak dipake samsekk,Netral
gua mah tidak dah sama dana tidak adil dana cicil gua tidak pernah tahun gua punya aplikasi kalah sama punya tahun,Netral
updhet mkin berat aplikasi dana ap tidak serba tidak lam keluar aplikasi dana ny,Netral
sangat baik,Netral
saya kasih bintang aplikasi dana tidak buka selalu mental trus padahal jaring internet bagus di update tapi ttp tidak buka,Positif
nya pin aplikasi dana tidak guna tampa tuju uang lngsung masuk gogel,Positif
dana susah masuk sekali masuk langsung keluar sendiri tidak buat transaksi jadi lah pihak dana baik mau transaksi,Negatif
sagat bugus,Negatif
susah masuk payah,Negatif
akhir akhir aplikasi dana fitur dana plus dana laku cair hari belum masuk saldo dana chat ana malah bot hubung customer service kayak tidak orang perlu lapor ojk,Netral
aplikasi wajib main slot,Netral
tiap hari di suruh apdate mna paket sekarat,Netral
jadi banyak kendala gin aplikasi dana buka malah stuck logo utama hadeuhh,Negatif
bantu masuk paske,Netral
mantappp,Positif
susah buka,Negatif
kurang puas kalau nomer tidak aktif tidak masuk pake otp nomer lama pin scan wajah betul semua,Positif
cacat mau masuk aja gagal mulu,Negatif
sini kyc di anggap tipu,Negatif
aplikasi sya tidak buka x jam gmn transfer masuk tp tidak buka menu dana,Netral
hari tidak buka tidak di buat masuk we muat ulang,Netral
dana kadang uang ssya ilang sedot sendiri baik sistem nya,Netral
dana dompet tidak di buka,Netral
gimna sih lupa pin malah d suruh besok tidak bagus aplikasi cht tugas kata besok tidak mikir lu,Positif
padahal clear cache baru aplikasi restart ulang tp tetep aja dana gabisa buka dg alas jaring masalah coba beberapa lagi malah suruh masuk awal woooiii kenapee luu saat butuh transfer udh masuk luu malah gabisa kocak,Negatif
akun transfer sendiri week plan bisa begini tidak pemberitahuan belum,Netral
uang tiba tiba potong vpn premium maksud apa ko gitu ngambil uang tahu orang nya,Netral
makin hari makin tambah elor nih dana,Netral
dana sih kalau buka aplikasi selalu nge stuck logo sial banget genting malah nyusahin,Netral
aplikasi dana akhir akhir sering rusak tiap mau buka aplikasi selalu update bongkar pasang melulu,Negatif
aplikasi dana sekarang tambah lambat di operasi,Negatif
nya dana hak batal transaksi no dana tidak daftar tidak jadi salah kirim jangan masukin no asal tapi kirim ajah curiga untung dana di salah kirim deh salah no tapi dana tidak dasar licik,Netral
update malah banyak rusak,Negatif
semenjak abis update sekarang susah buat masuk selalu ngeclose sendiri lah pihal dana baik jangan bikin orang jadi emosi pakai dana lama lama mending pindah pakai aplikasi,Negatif
saya tidak pakai dana cicil padahal cicil syaa lunas,Netral
transaksi hasil tpi kouta tidak masuk,Netral
aplikasi dana di buka belum masuk menu keluar sendiri belum tidak ini jika karna baharu kurang baik di baik,Netral
dana cicil tidak guna padahal limit ada tempo tagih lama,Netral
rusak,Negatif
bro baik biar penguna puas,Positif
aduh dana lg sih minggu tidak buka aplikasi update hp dah saya restart tetep aja dong gimana saya mau transaksi mau ambil uang jd tidak,Netral
akhir aplikasi nya tidak buka developer di baik,Netral
di aplikasi dana tidak fitur paylater di sosmed ramai pakai dana paylater,Netral
aplikasi tidak amanah masak tidak masuk dalam aplikasi,Positif
jadi sulit di buka bagimana orang transaksi cepat kok dana makin tidak bagus begini,Positif
dana ko tidak koneksi internet padahal pake data gimana cara tolong,Netral
tidak buka sama sekali,Netral
patah patah lambat mau transaksi kirim banyak orang fitur kirim grup ilang minta ada fitur lagi kalau langsung banyak list textbox pisah space enter format biar enak mau kirim orang langsung enak tambah fitur sembunyi nama di kirim grup hp samsung s ultra ngrasain lambat padahal dh install ulang koneksi internet lancar transaksi hari minimal rb kirim orang capek,Netral
layan buruk,Negatif
dana gimana sih transfer bni masa tidak masuk masuk jam sampe ini masa nunggu hari di proses dana untuk kembalika uang saya butuh uang,Netral
tidak akses dana cicil,Netral
aplikasi tidak mutu buruk banyak eroorr,Negatif
guna aplikasi dana buruk karna transaksi tidak laku uang hilang besar transaksi google mana tidk pernah sama sekali laku transaksi google atas semua bayar apa mohon pihak aplikasi kembali uang dana,Negatif
fitur dana pinjama tidak ad,Netral
apl dana makin lama makin berat aj buat buka anjiingg,Netral
kok selalu terus sih,Positif
akun dana tiba tangguh padahal tidak rasa langgar apa uang ny masih,Netral
lupa pin ehek,Netral
sya ksh bintang dulu klu dh muncul dana cicil nya sya tabahin bintang nya,Netral
fitur dana cicil belum muncul muncul,Netral
kartu hilang dana cicil ada hutang nmer tidak tau kemna masuk hp tidak tau dmna solusi gmna,Negatif
ganggu tidak di buka mau bagus up jadi susah,Netral
aplikasi tolol banyak buggg sering jadi,Negatif
mks sangat bantu,Positif
bank tololl beli paket blum masuk hari,Negatif
hallo kakak abang tidak buka aplikasi nya padahal jaring bagus kuota baru ngisi uda hari tunggu jadi hambat giat nie dong dibagusin aplikasi nya tolong buka akun maaf nya terimakasih,Positif
nnti kalau d pke baru ku ksih bintang masak transfer aja tidak terus sih kalau klik lanjut yang muncul baca gin jadi salah dg sistem tidak jelas banget,Netral
baru kali ngalamin bagus up tapi tidak sampe nomor tuju padahal notif succes bikin lapor malah tiba tiba lapor tutup pihak sama aplikasi minta buat komplain by email tapi malah suruh balik bikin lapor aplikasi need help solusi gmana min,Netral
akun dana tidak dana cicil nya padahal transaksi banyak lah munculin dana cicil nya,Netral
akun susa masuk,Netral
transaksi gagal uang tidak,Negatif
apknya tidak lihat transaksi dan slalu stuck loding padahal sinyal bagus,Positif
bagus tapi mau kasih masuk aja ahir agak lambat masuk nya,Positif
oke,Positif
cuk puas aplikasi dana nya tapi sayang blum fitur dana cicil padaha sering transaksi akun sudah premium,Positif
buruk tidak aktif dana cicil,Negatif
nyesel gua simpan uang aplikasi dana tidak transaksi alas aman,Positif
dana kenapa kurang,Netral
bagus tapi dana cicil nya tidak,Positif
buruk,Negatif
luar biyasa,Netral
sering eror dah tidak krim uang qris ksel bnr dah pas mau byar hbis mkan eror mana kagak bawa duit kes,Netral
bagus,Positif
bego sering eror,Negatif
satu tahun dana cicil dana instan tidsk di pakai hapus aja menu nya dana,Netral
transfer lewat qr tidak makin parahhhhh,Negatif
ah masa tiba tiba jaring masalah belum lancar buruk sistem kalau begini,Negatif
buruk,Negatif
kurang bagus dana tidak buka,Positif
hbs update qr tidak di akses apa coba,Netral
dana terlalu sering eror kendala terus lebih baik jangan download dana lebih baik cari lain dana terlalu sering eror eror eror ujung ujung uang hilang,Negatif
qr ganggu,Netral
qris sering eror,Netral
aplikasi pepek qris tidak,Netral
jaring bagus tapi mau transfer gagal jaring terus tulil,Netral
sering mental padahal memori internal lega,Netral
dana kontollll,Netral
gmn sih qris gagal terus,Negatif
sering kali ada ganggu,Netral
sudah beberapa hari sulit guna aplikasi dana toup susah,Negatif
kesel ganguan tidak jelas mana uang tidak msuk padahal udh bagus up baik untuk ganguan nya sering tidak jelas transaksi pending lah trus uang udh kurang aja emang anjg nih aplikasi kesel bngt,Positif
aplikasi brengsek qr pending menit duit ilang,Netral
buruk banget dana sekarang sering jadi ganggu sering jadi pending lama doble transaksi riwayat transaksi terkadang tidak notifikasi telat tampil buruk lambat,Negatif
uang kurang tp transaksi belum selesai,Netral
bagus,Positif
kecewa transaki pending uang tidak balik,Netral
biasa kalau eror uang ini tidak ad bukti tidak masak besar dana makan uang,Netral
banyak eror mau transfer kadang susah,Negatif
dana kenapa si lihat transaksi ngak chat ana ngak mau beli pulsa ngak,Netral
makin sini dana makin tidak jelas eror lah bayar udh kali bayar tulis nya gagal tapi uang potong nyesel serius naro duit dana,Negatif
aplikasi sampah abad,Negatif
woy ganggu an mulu ni aplikasi pokok nya jngn download mending enak pakai gobay ovo pada ganggu tiap hari,Positif
dong baik udh laku transaksi warung tapi blom masuk eh uang udh kurang gmn si jdi rugi laku bayar,Negatif
banyak ganggu lambat tidak kaya belah bank ungu,Negatif
masa gua kirim k temen gua malah gaada riwayat nya terus tidak masuk uang nya ketemen nya udh potong uang nya gimana dana k layang gegara,Netral
update bukan makin bagus malah lama proses transaksi sampe rumah baru hasil mana lokasi transaksi jauh jadi rugi sudah bayar tidak dapet barang,Positif
kirim uang tidak masuk uang malah hilang,Negatif
benerin lah baru berapa menit dipakek buat bayar qris mau pakek malah ganggu,Netral
psaldo kurang keluar tidak terang,Netral
aplikasi guna sih tapi ana yang bego org minta entah apa jawab nya baik asisten nya,Netral
alami kendala bayar pending uang beekurang tidak masuk bayar,Negatif
ini transaksi gagal uang hilang notif transaksi tidak pas tanya ana malah tidak jelas,Negatif
uang sering hilang layan slow tanggap jawab mutar mending pakai gopay ada jamin uang hilang,Negatif
dana makin lama makin lambat transaksi gagal tapi uang kurang,Negatif
dana buruk ngirim orang uang mah sedot tapi tidak masuk silit,Negatif
dana sekarang gampang retas nya akun gua sampe kali bobol isi uang langsung ilang makanya sekarang tidak pernah make aplikasi bego tidak proteknya sama sekali trs kembali dana nya hoax,Negatif
aplikasi tidak jelas nawarin bantu malah delay kocakkkl,Netral
banyak update uang ilang k bangke bener ni dana,Netral
sering bobol kena hack uang sering hilang lapor ter protec ulang sama,Negatif
dana sering tahan pas chat costumer nya jawab ngawur semua alhasil sia sia sampe juta sini,Netral
buruk transaksi pending padahal jaring baik baik uang lenyap potong tapi transaksi sekarang pending proses maksud apa,Negatif
makin lama makin aneh ngelag terus aja kendala,Negatif
transfer tapi tidak masuk,Netral
bagus,Positif
uang tidak tolong kembali uang,Netral
terkadang mutasi an bukti bayar nya tidak langsung keluar buruk banget kali kali bayar gitu jadi dobel bayar pake uang cash,Negatif
makin tidak jelas aja dana tidak chat bot bukti transfer gada tapi uang kurang,Netral
sering eror,Netral
uang gua,Netral
transfer dana pake qris dg kode barcode kali gagal tidak kirim tapi uang akun di sedot atur bagaimana tugas,Negatif
aplikasi terlalu sering erorr bikin tidak nyaman guna,Positif
makin kesini sering eror aktifitas transaksi,Netral
aplikasi sering ganggu,Netral
memeg sekali pending tidak di buka aktifitasnya kompensasi pending tidak,Netral
pernah kirim uang temen namun gagal saya cobax chat tugas nya namu tanggap sangat tidak muas,Negatif
bagus sekali aplikasi dana,Positif
pas darurat selalu trobel uang sudah kurang tapi masuk rekening tuju mutasi ada tanggung jawab,Netral
woy apkikasi tidak jelas baru aja bagus up pas chat layan tidak msuk apa mau maling kalian dari aplikasi bikin aplikasi benar jangan bikin dana jd maling makin hari makin lambat aja nih dana kaya org lansia jln dibenarin aplikasi bukan malah dibiarin,Negatif
lagi dana minnn ko teransfer ngak masuk tulis pending kali iyaa,Netral
uang dana tidak di tarik,Netral
dana awal bijin pake no sendiri tp tiba tiba tidak buka no ganti sendiri sprt di bajak org tp hanya ktpnya ktp sejak tak hps dana ku tidak pake dana jg tidak apa apa,Netral
sering ganggu aplikasi dana,Netral
transaksi pending tidak ad jelas,Netral
sekarang dana banyak ganggu nya,Netral
gimana min kok pending lama min buat tranfer,Positif
kalau trouble harus kasih notif jgna dipaksain lebih mnt trus tidak jalan,Netral
kali transaksi uang kurang tapi status nya tidak hasil tidak tau ngurus lagi,Netral
woi dana kenpa eror mulu,Netral
bayar qris eror melulu,Netral
aplikasi busuk banyak ganggu,Netral
terlalu banyak rusak transaksi pending mulu baik,Negatif
haduhhh kak aplikasi apaaan dh transfer uang potong tapi tidak masuk saldo terima hostori nya gaada ada cuma erorrr laku aju eror niat tidak sihh,Netral
banyak rusak mau buka history transaksi aja gamuncul,Negatif
buruk ganggu,Negatif
uang udh k potong d riwayat transaksi tidak,Netral
awas hati dowload ni aplikasi awas uang lu ilang,Netral
dana makin buruk transfer lewat qr tidak riwayat nya dana uang potong ampas lah,Negatif
aplikasi gajelas uang potong terus pending nya lama,Netral
banyak kendala di baik,Negatif
bayar sering pending uang kurang aktivitas tidak,Netral
eror,Netral
dana banyak masalah sudah laku bayar tidak masuk uang bekurang,Negatif
bayar lewat qris rusak pending mulu gitu mau chat tugas aja tidak lambat banget nih aplikasi sekarang,Negatif
sering eror akhir akhir aplikasi mu lol,Netral
uang transfer temen masuk tp hilang lihat aktivitas gaada,Negatif
erer terus ngirim uang temen padahal belum masuk akun temen tapi uang ilang aneh,Netral
pending lama,Netral
transaksi pending lama oi,Netral
aplikasi buruk aman tidak tiap hilang uang tidak di kembali,Negatif
lama lama aplikasi koq lambat,Negatif
dana boborok benerin dong gmana si orang transfer bom transaksi si nya,Positif
dana saya kirim uang besar juta di aktifitas transaksi tidak gagal dan uang tidak masuk atau tolong jelas,Negatif
bayar gagal tapi uang kurang lihat aktifitas gaada riwayat tapi saldo kurang,Negatif
kirim uang terang eror uang kurang klik pusat bantu tidak aneh,Netral
buruk kirim uang lewat qiuris uang ilang teransaksi tidak gimana,Negatif
aplikasi anjink bayar qris uang potong tapi pihak toko belum nerima babi bikin rugi,Negatif
qris notif tidak behasil gagal tapi uang potong aneh sekali apalikasi ngk jelas,Negatif
dana rusak ya transfer uang potong tapi tidak history,Negatif
dana lg rusak apa gmna transaksi gagal uang dana potong tp uang tuju tidak tambah,Negatif
melakunkan transaksi gagal tapi uang kurang history tidak keluar,Negatif
dana bnyak ganggu dikit dikit ganggu dikit dikit tidak kirim apalh dana,Netral
transaksi sering alami masalah lambat,Negatif
transaksi qris gagal tapi uang potong cek mutasi rekening tidak transaksi pas muncul notif transaksi gagal lupa screenshot,Negatif
aplikasi dana jadi begini masak uang hilang aduh tdak cocok kalau begini,Netral
kadang lambat buat update transaksi saat oenting,Negatif
transaksi gagal uang tidak telah hubung layan malah tidak bantu buruk,Negatif
bagus up pulsa tidak masuk mau komplain susah ya,Netral
biaya potong bagus up sekarang tambah banyak awal gratis naik jadi rp naik jadi rp sampai jadi rp,Netral
gimana si sudah bayar uang hilang tapi blom bayar balikin uang gua,Negatif
aplikasi tidak jelas bayar gagal tapi uang potong,Negatif
dana maling depo hilang,Negatif
ganggu terus,Netral
uang say hilang bos transaksi tidak coba cek deh statmen nya,Negatif
uang kok sering eror transaksi,Positif
lambat,Negatif
riwayat transaksi adaaa bikin jengkel,Netral
sering kendala banget sih waktu transaksi resiko banget,Negatif
pas scan qris tiba ganggu padahal sinyal bagus gua scan kali ehh saldo masuk cuma dua uang pertama angus tidak balik padahal uang buat resiko gua makan besok buruk banget sumpah,Positif
kali barcode tidak masuk uang tidak rb gimna solusi nya uang kembali,Netral
dana kurang bagus uang simpan malah hilang transfer org in di aktifitas tidak pemberitahuan sama sekali,Netral
dana dompet digital paling manfaat buat seluruh rakyat indonesia,Netral
dana buruk kalau jam malem,Netral
tampa permisi kau ambil dana ku,Netral
makin update makin tolol nih dana tiba tiba eror transaksi tidak liat jadi malas pake dana tidak jelas,Negatif
aplikasi rusak ganggu trus,Negatif
celekkk ngasuuu,Netral
gajelas aplikasi dana transfer tulis gagal tapi uang kurang di cek mutasi keluar tidak riwayat jadi hilang jejak aneh sekali transfer gagal uang kurang tidak mutasi riwayat aneh sekali,Negatif
banyak masalah delay qris hampir tiap bulan malu in aja belanja nunggu mnt ttp g kirim kira nipu masa iya tungguin jam alfa kalau delay tu jangan jam strs,Negatif
aplikasi banyak rusak,Negatif
masuk aja susah berat aplikasihnya,Negatif
bagus,Positif
transaksi tpi tidak aktifitas nya hilang aja uang nya bngkeee dana,Negatif
eror mau cek bukti transfer,Netral
aplikasi buruk makin kesini makin rugi server sering eror dana potong,Negatif
tidak terima transaksi aplikasi,Netral
aplikasi tidak jelas tidak update baru masa transfer masalah anehhh biasa tidak bgini tapi ko lama lama aplikasi dana bgini makin lama,Negatif
fitur dana cicil tidak muncul,Netral
uang potong tapi customer belum masuk gimana sih,Netral
woi transaksi x kok tidak uang potong tidak riwayat transaksi maksud apa,Positif
selalu pending x transaksi oending terus bangke bener,Netral
bagus,Positif
kocak dipakein proteks malah nagih uang transfer gua potong tapi transfer gamasuk riwayat gaada wkwkkwkw,Netral
dana tidak di buka kak,Netral
di update tapi malah tidak pake rekan dana,Netral
aplikasi tidak guna bodoh uang di qris udh kurang tapi tidak kirim gaada riwayat bodoh aplikasi buruk,Netral
transfer suruh tunggu jam haduhh adminnya aplikasi abal abal,Netral
makan banyak layan dana makin banyak pulak sakit dana,Netral
fitur dana paylater tidak muncul padahal penuh syarat tentu laku,Netral
di baik dong akun kena limit transaksi bulan bulan mei desember belum kelar juli udh tidak di guna,Netral
ko tidak buka,Netral
susah buka,Negatif
limit dana cicil tidak muncul,Netral
jangan download aplikasi buruk nih aplikasi dana sekarang tau tau uang ilang gitu aja padahal tidak aktivitas apa kemaren malem ada uang eh pas siang mau belanja warung tau tau ilang saldo kira ya saldo nanya bot nya sama aja kaga ngebantu sama sekali,Negatif
hati hati kandung unsur judol tidak beres bolak balik scan wajah tetap tidak tapi buka hp orang langsung buka dasar aplikasi tidak beres,Netral
buruk asli ken transfer premium dah premium tetep aja muncul hwrus premium mana bagus up k potong ini nyata gopay lebih baik dana bgst,Netral
kenapa dana gua isi ulang lewat bca ko nominal selisih beda cuman masuk tengah nya ko gua cek aktivitas tidak potong lain tiba tiba uang tidak sesuai apani,Netral
tidak masuk aplikasi ewallit dana lgi di bantu,Netral
kok dlam main kok tidak d tarek,Positif
apa baru beberapa kali bayar langsung tidak,Netral
sangat luar biasa,Netral
aplikasi buruk,Negatif
biar bintang bicara,Netral
bagus kirim,Positif
bintang aja ku kasih bintang karna fitur sekarang update tidak masuk dana mental terus baru min,Netral
aneh gabisa ganti nomor padahal nomor lama aktif,Netral
bagus,Positif
dana sekarang tidak masuk kata dana tidak tangap,Netral
bantu kembali akun dana walaupun kartu tidak aktif saya refound unga please,Netral
bintang dulu kasih soal nya filtur dana cicil bom nimbul,Netral
aplikasi dana susah buka,Negatif
aman sangat minim uang serap jelas padahal tidak angsur transaksi apa,Positif
ada kena uang dana goals tidak tarik di baik kasih reting dulu kalau bisa di tarik dana goals nanti kasih rating,Netral
tiba tiba rusak mulu kena rusak,Negatif
beli emas tidak dpt cashback transfer user dana tidak dpt voc dana minta email verifikasi tidak kirim hadeh,Netral
un instal terus pasang x tidak buka dulu bagus banget loh sekarang kok gin saya sudah ikut langkah hapus cache tetap tidak semenjak update jadi malah rusak cuma logo dana doang timbul,Positif
bagus,Positif
kalau tidak verifikasi bisa cara,Netral
sangat buruk transaksi dana otomatis langsung transfer tuju harus minta tuju user sering jadi hilang uang akibat transaksi luar tahu user parah dana langsung tuju transaksi sebut kita minta bantu layan nya malah di sulit dn tidak ada jamin uang,Negatif
kadang susah buka aplikasi nya,Negatif
aplikasi dana nya sekarang susah buka etor terus baharu terussss banyak iklan,Negatif
kacauu,Netral
tidak puas karena uang sering ilang,Positif
kok susah sekarang masuk loading lama,Netral
kok pas bukak dana nya ngk min keluar sendiri di baik min hari hapus download terus biar di bukak,Positif
bagus,Positif
ko dana skrng udh upgrade mlah log ut sndri aneh,Netral
akun tidak laku transaksi,Netral
tahun app dana suka stak di logo pakai wifi smaa aja masa perlu uninstal terus download kalau mau pakai dana sangat jengkel,Positif
di bikin premium susah banget beri arah stabil,Negatif
eror,Netral
nggk dana cicil,Netral
ko sekarang makin parahh ati ati dah makin sini buruk dana tidak bagus gabisa masuk uang raib,Netral
aplikasi macet logo dana tidak masuk akun dana,Netral
tahun maka dana baru kali dana eror kuota banyak buat transaksi transfer bilang internet eror,Netral
apa d ngan dana cicil bayar semua kok atas nya ada lambat jumlah hari hampir bln tidak ubah saya lapor ojk,Netral
sering henti sendiri aplikasi buruk,Negatif
aplikasi dana sekarang jadi sering tidak tanggap pas baru payah mau transaksi jadi sulit,Netral
banyak kendala dana bagus up gagal kata chat assisten aplikasi tapi tidak ngerti ngerti terus kata nunggu hari krja tidak kembali sama sekali,Negatif
knpa skrng dana gbisa transfer bank lainn padahal sebelummnya bisa aja,Netral
lumayan bagus lah,Positif
bagus,Positif
aplikasi dana ku premium mau transaksi tidak buka aplikasi nya terus hapus aplikasi dana lanjut ku download malah tidak bis download gimana sih,Netral
main potong uang aja ada konfirmasi,Netral
aplikasi tolol cek mutasi transaksi aja tidak bisa,Negatif
sih kalau selalu mau buka dana selalu tidak kembali menu terus,Netral
kenapa buka kagak mau ambil uang tidak apa ambil gmna,Netral
akun dana stuck logo terus padahal diupgrade,Netral
dana tidak di buka di hapus dullu baru di buka hari tidak di buka,Netral
sangat bagus,Positif
aplikasi sangat kecewa uang dana hilang tahu transaksi nya saya sangat buruk sekali,Negatif
uang hilang padahal tidak langgan aplikasi bayar,Negatif
buruk,Negatif
aplikasi apa sudah ku isi dana kok malah aplikasi nya tidak di buka rugi,Netral
lambat,Negatif
knpa sekarang dana tidak akses kouta internet,Netral
sudah lama pake aplikasi kenapa ko pesan transaksi tidak di buks mohon jelas,Netral
seluruh bagus cuma pake internet orang mulu gabisa pake internet pribadi,Positif
dana dong kalau buat aman jngn smpe nyusahin kek gitu nomor udh tidak aktif lagu tapi tetep aja minta otp padahal pin inget hadehh,Positif
uang dana hari lalu belum masuk sekarang kata transaksi cepat kalau dana kok belum masuk sekarang lah kembali uang kayak gitu mentang mentang kalian uang segitu kecil tapi kita sudah besar tau lah jangan salah kalau memang tidak baru masalah begini dari ini aplikasi siap siap aja cap buruk,Netral
aplikasi sering susah buka,Negatif
aplikasi tidak jelas masa tiap buka hapus dulu terus download baik aplikasi nya ku spam bintang satu soal nya akun ku banyak,Netral
tidak bintang dana sangat buruk karna aset dalam dana tidak di ambil cuma gara nomor hp tidak aktif padahal masuk sandi sama muk mending pindah ewalet aja lah kalau begini cara,Netral
susah kali buka dana nya tiap buka keluar sendiri,Negatif
ko kirim uang gagal mulu,Negatif
pliss lah dana kirim otp sms aja kan wa wa jadi bened,Netral
dang puas,Positif
buruk dana bagaimana uang raib tiba telusur alir keluar otomatis izin milik akun padahal biasa transaksi perlu izin kata sandi ketika di konfirmasi blas cuma robot pintar ana ngak tanggung jawab pihak dana,Negatif
kendala nomor telepon sudah tidak aktif tidak nerima verifikasi kode tidak masuk sulit padahal pin sama verifikasi muka hasil terus buat apa pin sama verifikasi muka kalau nomor telepon tidak aktif doang tidak masuk pindah akun susah,Negatif
update malah tidak d buka force close terus,Netral
semenjak update jadi tidak buka udh beberapa kali instal ulang tetep sama baik,Netral
sekarang sering ngebleng hitam tidak buka aplikasi dana nya hp vivo y mohon pencerahanya,Netral
aplikasi nya sering stuck logo padahal sudah restart handphone hapus cache aplikasi gimana dana kok malah suruh ana kan aplikasi tidak buka gimana sih jadu harus uninstal dana terus terus,Positif
sya mau daptar playlater,Netral
dana cicil mana,Netral
kualitas aplikasi dana tidak baik baik,Netral
lama upgred premium makan waktu,Netral
ngk di buka,Netral
update malah gx buka mentok cuma di logo hapus aplikasi terus download baru terus gx di buka mentok terusss gitu aja ulang sampe kiamat,Positif
susah masuk sekarang dana aga ribet awal bagus,Netral
pitur dana cicil tidak muncul muncul padahal pake aplikasi dana tahun lebih,Netral
knpa dana tidak di buka ada kndala apa tadi tidak di buka,Netral
akun dana bisnis tidak laku tari verifikasi mungka tidak baca padahal bagus tempat verifikasi nya wajah tidak deteksi terus terus kata suruh coba dan gagal terus terus update dana bisnis verifikasi tolak,Netral
makin kesini makin buruk d hp ku susah d buka henti melulu,Negatif
tidak masuk pake lupa pin gaada notif otp wa malah bilang d kirim d aplikasi padahal akun tidak masuk gimana mau dpt otpnya,Netral
tiba tiba akun tidak masuk chat ana nunggu beberapa jam nyata tetep gabisa,Netral
aplikasi tidak jelas dana ku ilang tiba tiba transfer sendiri tidak aman banget taro uang sini,Positif
dana buruk,Netral
kapok banget pke dana hilang hampir rb yang nautin akun apple service pdhl pke ip aja tidak gimana aman nya ko nya org nautin akun tahu pdhl udh aktifin protector kalau minta refund pasti hrs pke apple service nya kan hiks,Positif
susah buka awal bulan ada sama bisa buka di hapus trus donelod dul kali kaya gitu,Negatif
tidak amanah aplikasi ewalet satu jangan pernah download kasih sekarang sesal,Positif
belum muncul dana isntan padahal premium punya ku,Netral
maaf bintang karna banyak kendala baik terus terus hari hari tidak pakai aplikasi mohon koreksi terimakasih,Negatif
akun bisnis sudah jadi qris sudah jadi tpi pas mau unduh malah keluar aplikasi di baik rusak nya qris jadi tidak di cetak,Negatif
masak minggu tidak daftar terang sistem sibuk mulu tiap hari nyoba gabisa apa an aplikasi,Netral
ngk blg puas hbs appl dana ngk di buka saya ng tau lg gmn,Positif
aplikasi eror mulu kon,Netral
layan nya kurang muas,Netral
tak kasih bintang biar yang baca tak uninstal padahl ada uang buat isi kuota gara update kok mlh ha pakai apa aplikasi dana mang tidak cepat dulu,Positif
ngirim uang pakai qs malah tidak masuk uang hilang malu maluin aja,Negatif
sekarangg jadi seringg ganggu tidak guna qrisss anehhh,Netral
knpa si ka kalau beli data lngsung dana kaya beli gb tpi masuk cmn gb tu gmna ka dong,Netral
jos bagus,Positif
buka lamaaaaaaa kadang tak tanggap mungkin aplikasi dana terlalu canggih hp kentang punya,Netral
makin lama makin gajelas dana di update malah susah buka dana nya aneh,Negatif
aplikasi tidak amanah sering hilang uang jangan download,Netral
qr sering ganggu ngen,Netral
buruk masuk nya lama,Negatif
sulit no hp hilang tidak aktif padahal vermuk biasa lgsg masuk,Negatif
mantul,Netral
kasih dulu kurang baik sering pental terus dana cicil belum muncul kalau muncul baru kasih bintang,Netral
sayang punya tidak dana ciicilnya tiap hari transaksi,Netral
dan aplikasi susah banget kalau mau buka mesti unistal dulu terus download baru buka komplain di dini sama sekali tidak bantu aplikator di benah aplikasi buat nyaman guna,Positif
dulu baik sekarang sulit prihal akses bantu suruh diskusi tanya bot nama ana jawab nya sampah tidak guna sama sekali jawab nya dulu mudah tanya sama agent sekarang putus tanya sama bot tak guna,Positif
ya sekarang kalau transfer ke dana atau bca langsung kena tugas biasa nya enggak pernah ah sue anjir,Netral
jangan suka muncul ngeblok orang lg cari program bank an di play store ganggu tidak etis,Positif
kenapa pas update dana nya tidak buka padahal jaring stabil,Netral
makin kesini makin g jelas di buka g kali bintang aja,Netral
aplikasi dana masala yakin saking masalah sampai otak buat masalah,Negatif
kan nabung uang mas gilir mau masuk trus mau narik uang tidak kyk lambat gitu padahal uda pake wf sma data tidak bisa baik,Negatif
tidak tau nge rusak tiba tiba tidak buka log aktifitas,Negatif
bagaimana cara uang dana karena transfer ke nomer dana nomer dana saya tranfer tidak aktif tolong ikan solusi nya terimakasih,Netral
bintang aja aplikasi adalah aplikasi tipu konsumen nya potong asuransi bulan ada tuju pihak konsumen yang cantum pojk no tahun tiap laku usaha jasa uang wajib minta tuju tulis nyata konsumen laku tutup produk asuransi potong dana konsumen jadi jelas pihak dana id laku tipu konsumen,Negatif
buruk sekali uang hilang tidak kembali mohon lah pusat dana buruk uang hilang,Negatif
lambat dana,Negatif
mas qris mas belum di cetak padahal hari,Netral
knapa aplikasi dana sekarang susah buka bikin buruk aja,Negatif
susah buka aplikasi nya kalau buka balik ke menu awal,Negatif
dong aplikasi dana di mudah nomor dana hilang salonya masuk masuk otp nomor nya hilang gimna mau otpnya,Netral
halo dana cicil tidak di pakai ya,Netral
gimana yaa tidak langgan aplikasi tapi tetap ingat kan jatuh tempo langgan padah padahal sudah saya putus langgan,Netral
isi nya bagus sayang tidak d buka apknya lemott,Netral
device ilang mau masuk no tidak d upgrade ktp pakai d no lama ribet proses gagal terus tidak aplikasi belah simpel proses hari feb tidak pakai dana mending aplikasi belah,Negatif
kenpa sih baru minggu update masa update tolong aplikasi dana jagan banyak di update baru minggu kemaren sekarang update minimal bln sekali update,Netral
dana ini ko rusak kalau mau bagus up,Netral
uang hilang sendiri,Negatif
suka keluar sendiri aplikasi buruk mending pake gopay,Netral
sudan guna aplikasi dari tapi kok belum keluar dana cicil,Positif
susah utuk masuk knpah siiihhhhhh,Negatif
buruk sama dana saya laku transaksi barang pake metode dana cicil tiba uang nominal kecil langsung hangus tagih dana cicil ttp tidak kurang nominal bukan x x udh sering kaya gitu ambil untung uang guna walaupun nominal puluh kecil ada tuju guna,Negatif
kasih bintang kini turun jadi bintang karna rajin transaksi tp tidak pernah dapet riwed fitur dana cicil tidak di pakai terus fungsi fitur dana cicil nya buat apa apa cuma buat pajang doang apa cuma variasi ah payah dana,Netral
fitur dana cicil tapi tidak di guna percuma,Netral
aneh tidak buat bagus up ff,Positif
selalu eror,Netral
layan costomer sangat buruk sekali lama bls tidak pasti bulan lebih tidak kelar pindah akun,Negatif
baru bukan makin bagus malah jadi tidak transaksi kn l lah,Positif
mau masuk malah tidak kaya gimana sih sudah kali kali coba tetap tidak,Netral
aplikasi dana takbisa buka hari,Netral
susah buka aplikasi hari hapus reinstal,Negatif
tidak isi ulang gimana sih koneksi lancar aja padahal ganggu mulu,Positif
kasih bintang punya akun dana tapi akun dana saya tuh tidak tarik uang baru dulu cara baru nya ada ktp terus foto selfie kamera hp saya rusak kamera depan tidak foto selfie saya punya ktp nggak baru dana tidak harus selfie jadi orang susah uang butuh baru hp,Negatif
akun kunci,Netral
dana sih buka dana tidak terus buka instal ulang dulu baru masuk terus hari,Netral
dana instan tidak di aplikasi dana,Netral
emng lambat nih aplikasi,Negatif
akun pribadi bisa ngirim duit akun pribadi orang loh notifikasi nya,Netral
biaya mahal transfer bank,Negatif
aplikasi dana tidak aman punya uang dana lama tidak buka aplikasi dana ehh pas buka tiba uang hilang padahal sama sekali tidak terima otp tuju potong uang dana,Netral
aplikasi nya tidak mau buka lama loading nya bagaiman mau via ana aplikasi dana kalau loadingnya tidak mana dana saldo terus dana cicil nya jalan bagaimana,Netral
dana gimana ingin ganti nomor telepon karna mati tapi malah tidak di ganti sudah coba minta bantu ana digital assisten tapi tetap tidak solusi sekarang uang besar jt rupiah tidak di tarik apa solusi pihak dana sudah ikut langkah langkah ganti nomor telepon tetap tidak bilang salah mohon tunggu coba telah coba tetap tidak,Netral
buruk pakai dana awal pakai fitur fitur dana sekarang tidak lagi dana cicil bulan lalu mas di pakai sekarang tidak di pakai neng bagus buat butuh dada utgen kuota lain tapi sekarang buruk sama dana ygakin tidak jelas,Netral
sering tidak tanggap knappa yaa,Netral
aplikasi tidak ke buka sama sekali di un dulu,Netral
dana tidak jelas,Netral
sama aja klau mu masuk susah hrs prifimasi dh masuk trs mental kluar mang msalah nya apa sih,Negatif
dab qriss nya tidak tarik kata wajah tidak sesuai apa tidak sesuai padahal pakai ktp sendiri terus uang dana ku tiba tarik sendiri padahal tidak langgan apa beli apa,Netral
aplikasi tidak dbuka masuk terang tidak jelas aplikasi guna toko aok tidak resmi padahal download jg play store,Positif
buruk bnr sama dana uang ilang liat transaksi beli pulsa padahal tidak beli bukan no juga di isi buruk tidak bagus,Netral
dana kocak masa tiba potong dana terus kata nda di kembali mana uang buat modal buakn uang sedikit,Netral
hallo tugas dana mau lapor atas nomor dana yang ada tapi tidak di guna namun mau ganti nomor pake nomor baru bantu,Netral
sering tidak di buka jadi takut orang pakai,Netral
ya suka eror susah masuk aplikasi dana,Netral
belum buka,Netral
kok punya gada dana cicil,Positif
sangat kecewa dompet digital bisa laku transaksi tuju milik akun padahal dana sangat banyak penggunanaya tapi sistem aman amanah sangat rentan jujur sangat buruk,Netral
kok tiba aja tidak di buka gimna sudah hr transaksi ku gagal,Netral
layang ganggu sekarang lambat responya,Negatif
aplikasi tidak aman gua isi dana alfamart udh hari tidak masuk uang udh komplain layan nya responya tidak muas suruh nunggu ajh hari tapi tidak balesan komplain email nya udh tapi teteo ajh tidak tanggap,Positif
aman sangat minim tidak saran simpan tabung aplikasi transaksi jadi tidak konfirmasi sangat rugi,Netral
sering banget dana ganggu apa sistem tidak rawat,Netral
aplikasi suka keluar sendiri,Positif
sih dana stack logo mulu kalau masuk akhir tidak buka makin kacau jga dana skrng tidak di buka stak di logo dana mulu riset udh matiin hp keluar masuk ttp tidak di buka,Netral
aplikasi dana eror tidak masuk alas gangguang jaring minggu lebih buruk banget,Negatif
hati hati simpan uang dana uang hilang tidak tanggung jwabanya,Negatif
verifikasi lgin akun butuh waktu jam jam aplikasi gblk,Netral
sangat buruk dana tarij dn kirim uang g trus dana sangat cerah kurang tidak angka sama tpi sangat buruk aplikasi dana,Negatif
aman kurang,Positif
uang banyak yidak aplikasi gilak,Netral
pas bayar warung pakai dana muncul link barcode tapi milik warung malah jadi curiga biasa langsung pakai no hp batal deh belanja soal takut punya warung,Netral
buruk aplikasi dana susah banget buka lambat,Negatif
aplikasi cukup banyak kendala belum update kita sulit buka fiturnya di update lebih buruk aplikasi selalu restart sendiri fitur nya banyak tak di akses padahal restart bersih chache hasil tetap sebal ganti aplikasi lah ni,Negatif
bila klik dana tidak langsung buka lambat selalu balik asal,Negatif
dana kok tidak bis buka tadi jadi kesel,Positif
susah buat tarik tunai selalu muter muter padahal jaring stabil buat yt lancar kartu telkomsel yt lancar tiktok lancar knpa pas tarik tunai selalu muter muter,Positif
sekarang bisa buka,Netral
kok uang tiba tiba kurang sendiri,Positif
dana cicil sama inbok tidak buka mau bayar dana cicil jadi tidak,Positif
kok lama lama potong isi uang makin gede tidak jelas isi uang potong jam lg isi uang potong kalau uang masuk potong tidak masuk buat jual beli mah untung nya embat sama dana,Netral
simpan uang semingu pas mau ambil habis berti aplikasi nga aman,Positif
ya tidak transaksi tarik tunai dana instan,Netral
tidak buka menu kirim e wallet,Netral
mau transaksi slalu kendala banyak orang transaksi tak coba malah tidak karna terlalu sering coba transaksi duhh sebel nih aplikasi woyyy dana benerin emosi sudah muncak,Negatif
moga dana lancar transasi,Positif
knapa dana tidak msuk,Netral
bagus sekali,Positif
di update susah banget buka aplikasi,Negatif
bos akun dana ke hapus lalu download ulang tidak nnih bagaimana soal ada saldonnya,Netral
ko tidak muncul dana cicil nya,Netral
makin buruk buat buka aplikasi aja ngk padahal memori bayak jaring bagus,Netral
minta saran donk kalau lupa pin gimana cara ganti nya knpa malah tidak masuk aplikasi dana tidak konfirmasi klik lupa pin,Netral
buruk si dana masa tidak kirim upgrade terusss ampass mending gopay,Negatif
beli paket data no hangus tetap sukses potong uang komplain tidak kata suruh urus sendiri provider kata kl no hangus ttp masuk paket data terlalu pelenger ni aplikasi gilir di kasih bukti provider no tidak daftar eh hilang tidak di komplain ada bukti cakap pihak dana nya,Negatif
uang tiba hilang buat bayar google capcut foto e tidak tau apa nominal k balik uangnyaa,Negatif
dana cicil muncul limit ada k tapi tidak sedia gimana tidak itu dana cicil,Netral
aplikasi sampah,Negatif
mudah cepat,Positif
kk apl danasaya gakbisadibukaa,Netral
akun dana sya tidak di buka padahal sya mau narik uang sangattttt buruk sya btuh bnget uang nya buat obat,Negatif
sih aplikasi tiap hari tidak d buka hapus instal gitu terus tiap hari,Netral
ganti no aja sulit mau ku hapus aja pindah ovo,Netral
tidak masuk jaring masalah terus,Negatif
lancar jaya rusak y lama mengunakan aplikasi dana tiap bulan baru trus makin buruk nglek y mulai tanggal dini hari akun dana tida di buka rusak rusak uniistal download lgi teetap tidak d buka makin beleng beleng aplikasi dana,Negatif
kasih fitur dana cicil limit tapi ngak di pakai,Netral
dana sering sedot sendiri baik,Netral
kapan download di tablet utama redmi pad se,Netral
tidak masuk,Netral
main potong g play otomatis tuju guna rugi tobat pake dana,Negatif
kag jelas,Netral
tidak pindah akun loading trusss,Netral
ribet sekarang hrs pake otp masuk akun biasa pake verifikasi wajah sama pin masuk tp sekarang tambah otp chat bantu suruh ganti nomor mana ktp rusak tidak baca asli sekarang dana makin ribet uang mandek tidak tau nasib,Negatif
dana tidak di buka,Netral
aplikasi makin sini makin tidak jelas,Netral
mulai sekarang mending pindah aplikasi lebih proper aplikasi sering rusak padahal baru aja diupdate uang tidak masuk tidak transfer tidak log in uang tiba tiba hilang lah sering tiba tiba lambat padahal pakai wifi jaring nya bagus sering masalah ni aplikasi sumpah aplikasi yang lambat tapi noticenya nyalahin koneksi internet guna,Negatif
mau transaksi tidak buka minta di uninstal dulu hari hrs download buka di baik dulu,Netral
laku transaksi tuju milik akun aneh miskin,Netral
ya aplikasi selalu lambat kalau buka kadang tidak di buka padahal jaringanya full,Negatif
pagi susah buka,Negatif
eror mulu,Netral
di update tidak buka jaring bagus,Positif
yah tiba dana rusak trus kendala masalah jaring pdahal lancar aja jaring buat buka aplikasi apa aja gara pernah tari lewat aplikasi freereels jadi kya gin buat beli d lewat dana eror trs huuu buruk bnget,Negatif
aplikasi sangat buruk tidak bsa buka bukti transaksi beri bintang,Negatif
tidak di buka apkny mau kirim uang malang tidak di buka hari buka apkny cuma nampak putih padahal perlu nya pas ngisi uang sekali isi mgebleng terus,Netral
cara pindah akun dana,Netral
ribet mau urus urus terlalu ribet,Netral
percuma dana cicil kalau tidak di guna tidak laku akun sudah premium tetap tidak guna dana cicil sangat buruk sama aplikasi,Negatif
sama aja tidak guna aju fitur dana cicil aju sini lempar kesana aju sana menggu hari padahal di tiga bulan lalu ku aju fitur dana cicil aplikasi premium tagih di aplikasi dana tidak transaksi tiap hari entah apa lah kalau nunggu hari nya rasa tidak perlu fitur dana cicil untuk ku,Netral
di upgrade malah tak di buka aplikasi nya,Netral
tidak dana cicil,Netral
jdi tidak bsa lg narik dialfamart skrg,Netral
makin kesini apa apa makin biaya bagus up m banking kena biaya transaksi gitu saldo potong makin lama makin males pake dana bukan mudah kaya dulu malah makin bikin ribet,Positif
sangat resah telah update malah gx buka sama sekali aplikasi dana nya tabung jd gx tarik gmn mau kirim ss via dm buka aplikasi aj gx kak tolong jangan mensupport hp canggih doank biar buka tuh aplikasi hp nih android lama malah nyalahin jaring tidak stabil buka aplikasi lancar jaya kok help,Positif
abis upgrade dana premium malah eror tidak dipake uang jadi nyangkut masalah uang sensitif lho jangan main kalian emang mau kritik kasih bintang aja ngapain kasih bintang,Negatif
mau masuk aja susah selalu keluar,Negatif
si ngeblankk jdnya jelekk hrs download ulng gt,Negatif
aplikasi aneh dulu masuk via telepon seluler sms sekarang musti pake wa aktif,Netral
aplikasi tipu,Negatif
dulu fitur dana instan di guna tapi tagih lunas tiba tidak di guna padahal selalu bayar sesuai waktu bahkan kadang tenor di lunas di aktif,Netral
sangat bagus bantu,Positif
maaf turunin bintang habis dah pekan tidak bisa buka aplikasi di ufdet ngelos terus,Netral
aplikasi taikkkkk mau masuk aja sulit,Netral
dana cicil ngebug putih gimana sih aneh banget,Negatif
punya uang mesti potong sendiri jadi males,Netral
suka aplikasi,Positif
tugu email kirim kode otp,Netral
aplikasi susah d buka,Negatif
akun dana tangguh bantu,Netral
kn sldo,Netral
nice,Netral
tidak satset buat transaksi rekening bank cair dana jm siang hari besok nya pun kadang di proses lg sampe hari lama,Positif
dana instan tidak keluar,Netral
dana sekarang tidak betol tidak di buka hapus download aplikasi boros,Netral
dana makin makin tidak jelas uang tiba tiba potong otomatis bayar,Netral
aplikasi tidak jelas dana cicil aktif tapi limit nya tidak padahal tera limit bantu aktif dana cicil dan limit nya tolong di tambah,Netral
tanggap nya selalu bilang nunggu sampe bulan tapi masalah tidak selesai selesai akun tidak buat transaksi sama sekali beli pulsa kuota terima uang kata akun beku tapi tidak jelas semenjak upgrade,Negatif
masuk susah sekali,Negatif
eror tidak buka aktivitas kirim tidak belli kouta,Netral
mau transfer uang sendiri aplikasi aja susah banged pake suruh upgrade premium segala di upgrade tunggu hari baru transfer ribet lambat aplikasi,Negatif
aja dlu krna sdah lama pake dana tapi blom dana cicil,Netral
padahal uda lama pake aplikasi dana tpi tidak di pakai dana cicil nya,Netral
saya tidak beli pulsa dana cicil padahal limit cukup,Netral
aplikasi rusak sering jadi bayar ada nya tindak lanjut milik akun tiba sedot uang nya bayar aplikasi harus beri tindak lanjut si milik akun tuju bayar nya sendiri,Negatif
sering baik kalau jam tentu bikin kesel jd tidak beli pulsa listrik saat darurat sangat jengkel,Netral
tidak masuk akun saya bilang nya ponsel root,Netral
tiga dulu kerna perna hilan punya uwang,Netral
masuk tidak,Netral
tiap masuk aplikasi loadingnya lama lalu keluar sendiri harus mendownload ulang ulang pakai aplikasnya di baik,Netral
tidak muncul dana cicil padahal pake dana lama,Netral
ingin masuk dana cuman no hilang tapi cht asisten ana jawab kaga pernah nyambung gimana mau benar akun dana ini kaga pernah tanggap sama punya aplikasi pantesan yang kasih ulas buruk,Negatif
knpah nana cicil tidak di guna,Netral
fitur aplikasi dana cicil nya sekarang tidak d guna klw tidak d guna jngn d tampil aplikasiny tidak kecewa semua guna aplikasi dana,Netral
balikin uang gua aplikasi bagus up tapi malah ilang uang di dana,Positif
fitur dana cicil dana instan tidak sedia,Netral
bagus,Positif
dana susa sekali masuk mau buka aplikasi selalu,Netral
kok fitur dana cicil nya tidak di akun min padahal di baru aplikasi nya,Positif
hemmm padahal hampir taun pakai dana tapi belum fitur dana cicil nya sekali nanya ana tunggu hari tapi di tunggu hari mas belum muncul fitur dana cicil nya buruk banget si,Negatif
karna masuk lama,Netral
aplikasi tidak buka pdhl sinyal bagus tanggung jawab uang kau,Positif
akun dana yang premium jadi akun biasa,Netral
ya tidak dapet fitur dana instan ato dana cicil padahal premium dana ku,Netral
bagus,Positif
terang limit dana cicil tapi tidak di guna transaksi tidak ada alas apa apa sangat tidak masuk akal buang lah fitur dana cicil sekali kalau memang tidak di guna min,Netral
tidak di buka aplnya,Netral
aplikasi dana sekarang susah akses mau masuk aplikasi sebut tiba keluar sendiri,Negatif
tidak masuk,Netral
buruk pihak dana ke kaliya aju aktif fitur dana cicil tapi bom di tanggap,Negatif
uang hilang rb lebih tidak riwayat apa chat ana lama jam loading terus,Negatif
aplikasi tidak kompirmasi no tlfn sellu tulis sistem ganguan trus sampe coba brkali tidak masuk aplikasi baik cepat,Positif
dana cicil nya tidak di pake,Netral
males lah pakai aplikasi dana aplikasi stres tiap mau masuk tampil depan lalu bgitu terus buruk semalem sampe hapus di download lg lalu bener ketika erorr bikin kesel ja,Negatif
buruk tahun tahun dana cicil fitur tidak pernah muncul sama dana instan payah dana kacauu hapus aplikasi ahh mls guna dana ini trus menerusssss,Negatif
cukup baik,Netral
memang aplikasi tidak percaya lepas tahun pakai habis eror terus di unistal kemudian di donlod ulang tetap eror aplikasi apa sudah kli jadi eror pakai aplikasi dana akan ujung sesal dasar aplikasi murah mau pindah aja aplikasi belah buruk banget,Negatif
ko dana cicil beli pulsa salah teruss,Netral
aneh makin kesini makin buruk sinyal full tpi pas buka dana ilang sinyal jdi mental trus,Negatif
simpan duit aplikasi dana cepat dah ambil soal uang sering potong sendiri nya walaupun tidak pernah langgan apa buka aplikasi yang bisa potong uang dana sekarang dana tidak aman buat simpan duit aplikasi soal banyak jadi,Positif
tidak di guna,Netral
dana pa ini rusak,Negatif
aplikasi aneh tidak terima uang padahal transaksi sipengirim hasil tapi uang nya tidak tambah padahal nomer benar saya buruk,Negatif
punya malah tidak dana cicil sama instan nya mohon kasih tau cara biar gimna,Netral
uang ilang,Netral
kembali dana yang sering sedot sendiri aplikasi macam apa kok tiba tiba transaksi sepengatahuan dan konfirmasi dulu milik,Positif
aktif kan dana cicil nyaa,Netral
sering lambat bgaimana bisa jadi dana cicil trus lambat pas buka aplikasi tsb,Negatif
apasih mau narik dana malah eror terus,Netral
buruk tidak pernah solusi kalau masalah,Negatif
sial banget dana baru satu hari uang ilang,Netral
uang di dana hilang tidak di kembali walaupun sudah konfirmasi,Negatif
gabisa buka lah bener saldo bnyak situ,Positif
dana ke uninstal sendiri terus,Netral
cukup,Netral
alam buruk pakai dana,Netral
makin sih makin gg bener aplikasi dana abis updet malah gg di buka loading lama bner buruk poko nya,Netral
tidak scan stik aice,Netral
buat kirim bank kok susah min,Netral
dana tahan qris tapi rusak padahal tap out tapi dana tetep tahan aplikasi bayar macam apa fungsi utama transaksi kecil ganggu gimna transaksi besar bahaya tidak lagi make dana tambah layan ai tidak solusi muter muter aja tidak jalan keluar,Negatif
tidak relevan informasi dana cicil,Netral
dana otp pending anak lupa pin tidak masuk,Netral
gua mau hapus akun sih tolak terus ganti nomor tolak malah banyak kendala,Negatif
jadi kesel sama aplikasi masa tiap hari instal kadang biar tengah hari instal boros kuota aja,Netral
alhamdulillah selalu aman pake aplikasi dana oh iya bantu nya dong kata nya aplikasi dana pinjem uang mau nyoba pinjem uang kebeneran butuh buat nambahin modal usaha di baru agar bisa pinjem uang kasih bintang dulu kalau bisa pinjem uang baru kasih full bintang nya,Positif
lama lama tidak jelas aplikasi dana susah buat masuk segala proteksi segala malah memper sulit bukan memper mudah ikut cara cht ana tetep sama malah tidak hasil y knpa aplikasi dna kok jadi tidak jls gin,Positif
kk ko uang nana hilang sendiri aplikasi gimana si tidak tagih malah suruh bayar tagih,Negatif
upgrade dana primium tapi tidak kirim uang,Netral
menu isi uang langgan resin tuh sistem sibuk mulu buat trx kalu fitur isi uang langgan tidak di guna hapus pada tidak,Netral
tidak masuk aplikasi,Netral
makin buruk,Negatif
aplikasi nya tidak buka mesti di hapus dlu trus instal ulang beberapa hari kemudian bgtu lg tidak sudah x tidak da baik,Netral
yh apl dana tidak buka cuma terus intal trus kak,Netral
tidak unduh kode qr di bantu,Netral
why can t i log in there s always a problem,Netral
kenap dana cicil tidak,Netral
susah bangat bukak aplikasi dana ngak terbukak hapus dulu lalu di instal baru terbukak mohon di baik bos,Negatif
susah masuk nya didownlod masuk eh pas beberapa hari mau masuk ke dana malah tidak harus unistal dulu baru didownlod unistal dulu baru didownlod ripuh ripuh,Negatif
bantu sebar semua kpada member penguna dana sekrng asisten pusat dana dinamkan buruk nuduh penguna dana plechan kata negatif logika paham kan jangn ulang donload aplikasi dana tidak ojk,Negatif
sering rusak masuk aja susah,Negatif
cara masuk akun dana no hp hilang soal selalu masuk verivikasi lewat sms padahal hp no hilang,Negatif
mau beli kuota axis pulsa kurang lalu cek dana rp saya aktipin tu kuota harga rp tapi belum masuk masuk kuota tidak masuk lalu uang nya kurang kenapa ya di baik tugas dana mohon maaf,Netral
aplikasi dana sekarang tidak jelas buka malah keluar,Netral
dana uang entah mana uang ilang tidak karuan tau tau ada pemberitauan isi ulang saya tidak perna isi ulang yang dana makin kacau tidak nabung di dana ilang terus mah uang,Positif
kalau tidak pake dana cicil iya gin aja bintang nya tunggu dana cicil bisa baru saya naik bintang nya,Netral
aplikasi e walet terlalu berat selalu stak tidak masuk,Netral
susah kalau mau kirim uang sulit aplikasi,Negatif
pihak dana hilang kode otp banyak uang bungkam gara gara kode otp di hilang,Negatif
aplikasi bikin pusing susah buka ke buka keluar sendiri,Negatif
aplikasi dana semenjak banyak guna makin buruk,Negatif
mas rusak atas,Negatif
buruk,Negatif
burukk,Negatif
uang potong pemberitahuan lebih seperti aplikasi mudah serang hecker tidak aman simpan uang sini,Positif
buruk,Negatif
tidak lmott,Netral
buruk suka tiba tiba potong uang nya,Netral
sangat bagus,Positif
cuma buka menu upgrade akun lama minta ampun,Positif
aplikasi banyak tingkah,Netral
tari hasil tapi tidak masuk,Netral
bangke open ft tidak transfer jjr,Netral
kak mau nanya sih mau masuk dana mentog trus tidak masuk masuk padahal udh update,Netral
aplikasi rusak mulu mau transaksi gagal terus alas jaring lemah hadehhh,Negatif
transisi kaku ada efek kotak kotak tidak tahu sistem aplikasi dana guna apa bisa tidak mulus pandang,Netral
kakak uang tidak di tarik kok ganti silver,Positif
tidak fitur dana cicil,Netral
baru dana malah susah di buka,Negatif
buat aplikasi dana adalah korban uang ambil via pulsa baik kalau mau transfer pulsa isi pulsa harus pakai pin sandi biar aman jadi pakai pin sandi jangan buat transfer rekening baik beli jg kaya gitu pakai pin adalah korban uang di colong via beli pulsa,Positif
gx gratis,Netral
tidak sering tidak di buka,Netral
aplikasi maling hati hati uang hilang,Negatif
layan buruk uang potong tampa konfirmasi,Negatif
update masuk cuma vermuk pin sekarang dengan kode otp padahal nomornha tidak aktif alih ganti nomor tetap tidak bisa,Netral
kalau uang susah banget buka malh tidak buka mohon di teliti lg jadi tidak nyamn pakenya,Negatif
dong dana gimana cara nya supaya akun jadi premium,Netral
aplikasi dana kalau tidak sengaja dapat langgan jangan langsung sedot dana lebih kaget dana sedot tahu bahkan saya tidak tahu saya langgan web sebut kasi jeda konfirmasi milik dana sapa tau orang sebut mau batal langgan sebut dana si milik tetap aman tidak sengaja langgan langsung ambil izin curi webnya pas cari tidak,Positif
susah mau pkk dana baru tidak guna d hp satu email sama,Negatif
eror aja bikin lambat,Negatif
makin tidak jelas aplikasi transfer tpi mau cek riwayat tidak uang kurang tpi belum masuk si terima operator jga tidak masuk terlalu lama padahal jaring bagus sudah ikut saran hapus chacenya terus masuk jga sama aja padahal sudah nunggu jam lebih tambah dikit gmna sih responnya masa nunggu hari bru balas pakai otak dikit lah,Positif
dana rusak blank tidak di buka,Negatif
ma af minta soal aplikasi dana ko tidak masuk ya,Netral
aduhh ini akun dana tidak di buka mau buka mulu,Netral
uang sya sedot terus,Netral
kurang bintang tidak tagih telat limit uang dana cicil tidak guna cicil tidak sedia kan lucu tapi limit uang nya,Netral
aplikasi rusak transaksi tidak di bagi fitur menu bantu tidak guna,Negatif
uang tiba ilang sendiri ada notif transfer an riwayat apa saya tidak bagus up game apapaun entah ilang sedot,Positif
di update yang baru menu rekan dana tidak guna transaksi,Netral
fitur dana cicil nya tidak buruk,Negatif
tidak buka aktifitas ada gimanaaaaaa,Netral
sekarang susah masuk aplikasi keluar sendiri trs masa hapus dulu download lg baru buka,Negatif
bintang lima bukan arti bagus tapi samp h banget aplikasi tidak baya virtual acount buruk ancur ku pikir di oer aiki nyata tatao ancur tidak transfer k ecomerce sama sekali bank apa masuk bri mandiri seabank lain terus ganggu,Netral
aplikasi rusak,Negatif
konten ganggu,Netral
gmna sih aplikasi kok punya limit dana cicil tpi tidak di guna sangat buruk,Netral
turunin bintang nya bayar vtpay tidak laku,Netral
kok dana ny ulang mlu y aplikasi ny gabisa masuk org lg urgent,Positif
tiba tiba uang hilang juta ada transaksi tidak kenal payah,Negatif
makin lama makin nyusahin narik uang aja gagal terus,Negatif
aplikasi koruptor uang tiba ilang gajelas ada transaksi apa,Netral
aplikasi tanggap lama sudah buat adu hari kerja jugamasih belum selesai aplikasi masuk mau kirim uang tidak bahkan beli pulsa tidak alas alas kasih,Netral
percuma layan ana lapor tidak solusi,Netral
aplikasi gaje tidak du buka,Netral
makin gajelas ni aplikasi dana bisnis nya cair tidak mending pake seabank gopay lebih stabil,Netral
masuk selalu lama,Netral
aplikasi tidak guna nomor hilang bikin rumit pdahal dana premium verifikasi muka sesuai ktp pin betul,Netral
bingung skrng nih kan mau masuk nomor dana nah pas masuk tuh suruh masuk kode otp nomor sudah lama tidak aktif lucu nya tuh pas pencet kirim kode system nya udh tau tuh nomor sudah tidak aktif aj minta kode,Positif
dana beli paket tidak dipake paket internet apa,Netral
selamat sore mau adu masalah beli pulsa pake dana cicil kok dana cicil sedang tidak sedia padahal pernah pake,Netral
kurang bagus,Positif
nggak buka y ka,Netral
rusak baik soal urgent coba pakai logika gimana mau kirim screenshoot kalau dana gabisa buka banget urgent baik segera mah bukan saya rusak servernya rusak tolong banget akun isi uang orang semua mau transfer malah tidak buka saya lakuin semua nya mulai update hapus cache,Negatif
kalau isi e toll seringkali masuk uang potong lapor tidak gubris,Netral
mau kasih keluh punya tiap mau buka selalu loading lama sekali kdang tidak buka sama sekali cuman gambar latar biru aplikasinyaa,Netral
susah dana premium,Negatif
coba mendownload ulang kenapa tida verifikasi wajah,Netral
akun dana tidak masuk,Netral
dana tidak bagus,Positif
dana cicil g guna padahal g punya hutang,Netral
tidak buka aplikasi padahal dulu biasa aja skrg jdi tidak masuk jadi tidak guna aplikasi baik,Positif
ngisi uang tapi tidak masuk masuk buat lapor tapi tidak bantu sama sekali malah banyak alas sana sini,Positif
telah ganti no hp baru uang di no dana nya tidak masuk no dana baru di jelas kan,Netral
sangat buruk aplikasi banyak tipu tidak klaim dana walau di protek bobol di sulit klaim dana unistal aplikasi bahaya terima kasih,Negatif
tidak dana fitur dana cicil nya akun padahal lama guna dana,Netral
sangat buruk aplikasi dana tidak lindung uang bobol oranglain mohon di baik tidak di bobol orang,Negatif
e comer shoope di hilang padahal guna banget,Netral
dana emang bagus,Positif
mau hapus akun dana susahnyaaaa bantuin min,Negatif
dana tidak aman duit bisa hilang rp beberapa menit teman transfer,Netral
fitur tidak yang lengkap pilih tidak semua nikmat nyata,Netral
kenpa aplikasi dana sekarang tu susah banget kalau mau masuk masuk dong min baik,Negatif
dalane kok sering eror tidak kena buka,Positif
sekarang aplikasi dana sering keluar sendiri jadi kurang nyaman sekarang pakai aplikasi,Positif
buruk,Negatif
sekarang aplikasi dana tidak buka kalau pake data seluler tapi kalau pakai wifi buka,Netral
kagak buka mental terus,Netral
dana sekarang tidak di buka sekali nya langsung keluar sendiri gimana,Netral
ganti nomor tahun cuma bikin lapor doang nomor nya tidak ganti ganti gimana pihak dana sulit,Netral
s s,Netral
dana instan tidak muncul padahal sering transaksi,Netral
knpa jaring pribadi hp tidak di guna buka aplikasi dana sudh update banyak kali tetep sama aja,Netral
sekarang dana ngeselin yh hari aplikasi tidak buka cm muncul logo dana doang itu keluar sendiri instal ulang bagus buka esok hari tidak buka dan terus dlm aplikasi jg banyak platform layan game bikin aplikasi jd berat,Positif
baru aja make dana tp nyata sama aja yang bagus up kena biaya tugas balik gopay aja lah,Positif
baik,Netral
apa dana uang tidak masuk tolong baik,Netral
gisi dana konter kecil kok tidak masuk masuk padahal konter masuk,Positif
aplikasi sampah sulit masuk kembali uang,Negatif
fitur rekan dana eror tidak muncul nama terima lain pada update baru baik,Netral
tidak di buka,Netral
transfer uang bank proses aja mana mau batalin gabisa gimana mau pake uang,Netral
uang sering hilang dana lapor tapi hasil nihil aman nihil,Netral
kasih lah sulit bangat pindah akun dana udh verivikasi ktp sama verifikasi muka tetap aja suruh ulang ulang terus ujung ujung gagal mulu gadehh,Negatif
tidak acan qr,Netral
dana tidak aman lg selalu kena potong uang di ny,Positif
dana tidak di buka di hapus donlot baru,Netral
limit dana cicil ad tp tidak dipake smpe skrg prcuma tidak ad solusi pusat bantu payah bukan solusi didpat tp cuma saran,Netral
abis update jadi suka kluar sendiri,Positif
dalam transaksi beli pulsa data token tidak minta pasword klik harga langsung bayar pasu pasword sangat bahaya hp tang org mohon tiap transaksi selalu minta pasword aplikasi dana lebih aman trims,Positif
aplikasi dana gimana pas salso dana masuk aplikasi pin benar verifikasi wajah benar tapi selalu gagal masuk apa gin cara dana ngambil uang uang konsumen kantor mana mau ambil uang sudah hari masuk gagal terus,Negatif
proses tari sangat buruk tarik uang dana goals hari sekarang proses di baik,Negatif
cukup bintang tiga aplikasi kadang mau buka kadang tidak,Netral
tdi nya bagus aplikasi akhir knpa susah buka gambar logo dana aja ada layar,Netral
aplikasi dana tiba tiba kena root gimna knpa ko,Netral
punya ku tidak di buka,Netral
jaring masalah blum buka hari hari,Negatif
fitur dana cicil tak d aktif bwat apa da fitur m,Netral
aplikasi sekarang sering eror pas buka aplikasi mental keluar,Netral
stiap mo buka dana aja tidak tampil musti hapus download bru ke buka ini kok jdi tidak jls bgini,Positif
akun dana susah buka udh hr,Negatif
uang tiba tiba potong wps office pdf rb ilang kapok pake dana,Positif
dua kali dana ngilangin uang ntah transfer siapa tuju tiba hilang aja lama lama ngawur nih aman buat apa sandi kalau ntransfer sendiri sembarang aplikasi orang lain,Netral
dana sudah percaya nabung dana goals ketuka mau tarik verifikasi wajah selalu gagal dong dana matiin fitur dana vizz susah banget,Negatif
masak uang ku ilang rb,Netral
tidak transfer bank lamban upgret nye,Netral
kalau lupa pin skrng susah sih pake wa dana tapi tidak solusi aplikasi uang gabisa masuk lupa pin,Negatif
dana tidak buka sendiri utuh tidak di buka,Netral
dana bisnis tidak di tarik gagal trs,Negatif
sering tidak buka kalau tidak di install ulang,Netral
bagus,Positif
ini aplikasi nya kenpa yah kenpa tiba tidak buka padahal nya di buka ko tiba tidak di buka terlalu banyak update jadi kek gin mohon bantu mending pindah aplikasi dari harus kek gin mau saling kirim ung jadi susah hampir bulan lebih tidak bisa di buka aplikasi nya buka lagi buka lagi yah,Negatif
pasgam,Netral
awal bagus pas d upgrade juha gampang tidak kaya lain upgrade ribet tapi sejak update minggu lalu dana sering rusak tidak scan bc daget juga malah sampe x scan tolong baik lama bikin kesel aja,Netral
dana sekarang sulit banget di buka sering keluar melulu,Netral
buruk tiba saldo potong sendiri k kacau hapus aja aplikasi,Netral
ewallet cacat hari hari minggu minggu fitur menu aktivitas masalah tampil riwayat transaksi baru belum di fix aplikasi busuk sangat jijik,Negatif
tidak bantu sulit masuk,Positif
tidak masuk pakai verifikasi wajah sandi harus pakai otp wa sms nomer saya sudah hangus ada dana akun tidak kirim kode verifikasi nya lewat email,Netral
sangat bantu,Positif
beli voucher indomaret deals tapi tidak motong rugi k beli voucher,Negatif
baguss layan,Positif
waduh benar baik update masalah nya sama kaya teman lain mau buka aplikasi dana nya selalu eror keluar sendiri uninstal baru instal baru normal tolong dong jangan cuma update aja tapi gasesuai trimakasih ssmoga makin lebih baik,Negatif
habis update malah jadi stuck welcome screen nya coba hapus download ulang masuk pas pertama kali habis install habis sama stuck pas mau buka,Netral
tidak usah banyak fitur itu kalau aplikasi belum siap heran makin kesini makin buruk,Negatif
aplikasi sangat tidak aman uang tiba tiba hilang lapor layan percuma putar tanya sama tidak riwayat transaksi keluar tapi uang kosong dana tidak kembali,Netral
kadang tidak di buka hapus trs donlod,Netral
susah masuk,Negatif
ni aplikasi dah abis update malah susah masuk urgent mau transfer malah eror signal dh bagus tetep aja tidak bsa benerrr lahhh,Netral
makin lama makin kacau dana tiap mau buka cuma kalau hapus lalu di instal baru buka,Netral
halo ka sekarang dana susah buka sih padahal update di hapus didownload ulang x di buka tapi x nya tidak buka terus jadi ka,Negatif
update palah kagak di buka nih aplikasi berat tambah kagak jelas,Netral
cukup baik,Netral
gilir no ilang tidak yang bantu aneh aplikasi masa tetep kirim otp kan di jelasin kalau no nya hilang,Negatif
semenjak sehais apdep aplikasi dana nya buka sering kluar ya,Netral
bilang gratisss tapi,Netral
akhir susah buka hapus download mohon jelas terimakasih,Negatif
mohon baik sistem kak akun ku sama sekali tidak buat scan barcode mau lapor layan jg tidak buka dg sistem nya kak,Netral
uang dana tiba hilang aktivasi transaksi,Negatif
sampai ini dana cicil tidak guna padahal sya lunas smua tagih mw tahun dana cicil tidak di pulih kn bohong,Netral
aplikasi buruk percuma dana cicil tidak di pakai,Negatif
entah sekarang aplikasi sering rusak masuk aplikasi aja loading nya lama betull,Negatif
tidak di buka masa mau buka aplikasi instal ulang terus,Netral
tidak guna dana cicil tapi dapat tagih apa maksud nya,Netral
aplikasi dana tidak saya percaya akun dana sya hilang dana tapi pihak dana tidak kembali dana sya,Negatif
aplikasi burik,Netral
aplikasi slalu henti,Netral
aplikasi tolol ktp asli bilang ktp edit,Negatif
dana ya rusak apa gimana,Negatif
sangat aman,Positif
kenapa min mental terusss tiap buka aplikasi pdhl udh upgrade mohon cerah min,Netral
akun dana ngk masuk,Netral
uang tiba ilang padahal tidak guna aplikasi curi,Netral
aplikasi guna batas transaksi tidak asik banget,Netral
di apdet tetap tidak di buka buruk,Negatif
untuk aplikasi dana jangan php suruh nunggu bulan fitur dana cicil keluar udh bulan lebih tapi apa tidak keluar sumpah buruk aplikasi bagus transaksi guna go pay tunggu hari apabila fitur tidak keluar henti transaksi guna aplikasi dana ingat akun saya sudah premium tidak tunggak cicil jadi ya fitur dana cicil segera keluar terimakasih,Netral
sangat kecewa,Netral
benerin lah rusak nya mau masuk minggu minggu gabisa jangan suruh bersihin cache uninstal hubung ana lah semua masuk aja gabisa abis verifikasi wajah ngestuck layar putih,Negatif
dana cicil belum muncul dijanjiin hari fitur dana cicil muncul tapi semua palsu,Netral
koneksi internet putus teruss,Netral
tidak log in akun dana verifikasi wajah pin tapi tidak masuk ribet mana ada uang tidak tau nasib uang,Netral
maaf turun bitangya aplikasi nya sangat berat tak dulu mau buka aja susah kalau normal ku kasih bintang,Negatif
sangat kecewa aplikasi dana di bobol jadi tidak pakai aplikasi dan aplikasi tidak mau ganti rugi uang,Negatif
bagus,Positif
sering long out masuk langsung long out kan jdi ganggu,Netral
aplikasi fitur bayar otomatis uang habis semua hilang semua ngajuin kembali dana tidak bisaa hadehh bikin rugi,Negatif
tiap kli mau msk aplikasi dana ska gx bsa msk hrs d unistal dlu bru bsa msk,Netral
aneh pihak dana ngapain ngasih limit dana cicil kalau tidak dipake,Netral
buruk tidak buka aplikasi,Negatif
tidak lambat buruk,Negatif
sudah tunggu satu hari proses transfer dana bank bri saya buat nunggu hari apakah sengaja gimana baik sistem transaksi,Netral
aplikasi lucu lawak guna bikin keluh bukan kasih solusi layan nya malah kabur tambah akun di hack tapi di blacklist data aplikasi lucu tidak cuma ilangin duit doang sama kaya jabat hapus aja playstore gaguna,Netral
aplikasi banyak rusak nya,Negatif
aplikasi paling gobloh mah udh beberapa kali sampe bosen bikin emosi tidak aprgred ktp jangan bikin aplikasi kaya gin skiranya sulit guna dasar menybalkn,Netral
kacih bintang kok sulit masa tidak kirim nomor pin buruk,Netral
hati kalau make dana tidak aman masa tiba bayar sendiri,Positif
pake lama terus transaksi kok dana cicil nya tidak sedia kata ana akun ku penuh syarat masih di suruh nunggu hari padahal lama pake teta jawab selalu sama,Positif
aplikasi ngawur,Netral
buat hapus riwayat aja tidak payah,Netral
jangan pake dana gaaman sama sekali uang hilang gabisa balik mending pake lain,Netral
dana sekarang makin aneh buka kadang tidak,Netral
beri bintang sejak lama guankan dana transaksi juta tapi dana cicil tidak pernah muncul jadi malas pake dana,Netral
kurang puas akun email yang lama hilang tapi no kata sandi mas ingat mau masuk dapat kode otp nya tidak pilih k di kirim email kan mau pake email baru yang lama hilang,Netral
fitur dana instan tidak tarik limit padahal sllu bayar tepat waktu jg sllu lunasin tidak di tarik limit baik ka bisa di tarik limit,Netral
susah banget masuk nomor tidak aktif sekarang dulu verifikasi wajah pin sudah bisa masuk hubung layan malah suruh pindah akun tolak padahal ada sisa uang akun lama,Negatif
sudah mau aju hapus fitur dana cicil karna rasa rugi uang dana cicil selalu potong otomatis ntah mana minta solusi gmn cara ngapus fitur dana cicil padahal sudah lunas semua tapi bot ana malah muter jawab tidak jelas,Negatif
seta update dana dana cicil tidak keluar yah,Netral
mkin kesini dana makin tidak jelas serinh eror update sering aneh,Netral
hati hati sama aplikasi tranfer bank uang tidak masuk tapi dana saya sudah potong tanya assistant jawabanya muter muter,Netral
buruk banget tidak becus ngasih solusi,Negatif
uang kurang sendiri,Netral
proses kembali uang sangat susah akhir tetep uang tidak akun lama tidak kembali percuma sistem ana tapi sangat buruk tak bantu kacauu burukkk,Negatif
iya udh dana cicil nya tapi tidak di pke aneh kali,Netral
cara tambah limit gimana ni,Netral
dah hari dana rusak,Negatif
saya tidak pakai dana,Netral
sekarang sering eror pending terus,Netral
kasih bintang karna fitur dana cicil tidak muncul,Netral
tidakk muas mau scan barcode jelas aja burem mata mu burem lah urusin dulu sistem lu lah kesel gua buruk,Netral
segera baik masa tidak masuk masuk cuman pas download ulang aplikasi nya baru abis tidak lagi,Netral
sengaja beri bintang karna lambat kali buat buka aplikasi nyaa butuh waktu brpa jam pn gabisa sampe d uninstall ulang downlodd baru buka,Negatif
tra baik,Netral
ckp lama pakai dana transaksi tiap hari tp gda dana instan dana playlater or dana cicil,Netral
dna buruk minta bantu sma ana mlh belit belit tidak bsa kasih solusi tiba ad jumlah tagih dna cicil pdhl tidak rasa guna fitur tidak pke dana titik,Negatif
kurang tidak ad dana instan,Netral
lama isi jawab bisa kirim duit teman cepat mohon baik,Positif
hp hilang otomatis nomor hp kartu hilang tidak buat verifikasi lewat sms kbetulan baru kirim uang tapi chat layan gada jawab gada solusi duit lenyap,Negatif
di upgrade sering eror kadang tidak tranfer,Netral
total uang k pas masuk suruh masukin nomor sama verifikasi tiba tiba pas masuk uang jadi k pas cek tidak history transaksi aplikasi sangat buruk,Negatif
buruk biasa uang slalu ilang,Negatif
tiba dana keluar akun sendiri masukin nomer telepon tapi tulis jaring masalah padahal jaring aman,Netral
cara blokir dana,Positif
kenapa dana tidak muncul tampil solusi,Netral
masuk nya lama hapenya lambat,Negatif
aplikasi tlol makin lama makin ngak jelas sulit guna minta kode otp kartu no nya tidak aktif hal akun dana nya tidak di masukin,Netral
bagus,Positif
bagus,Positif
gajelasss guna baru mau daftar akun masa langsung suruh masuk pin emang maksud pin pin otp pin akun dana pin apa kalau emang pin akun dana saya guna baru mau daftar kok langsung suruh masuk pin akun dana saya belum punya akun dana baru mau daftar aneh,Positif
gimana kok tiba tiba transaksi bayar maxtohub,Positif
akun dana teman abis ambil orang pake nomor telkomsel pulak jangan pihak dana yang ambil kasi lo mati mati kerja cari uang aplikasi dana memang belum di percaya,Netral
bagus up make akun dana belum premium ratus kali tapi baru skrng bagus up saldo tidak masuk,Positif
dana plis lah baik gua sore mau transfer qris lama bener masuk luar ke luar coba,Netral
dana cicil tidak guna,Netral
kok aplikasi dana tiba tidak d bukak,Positif
aplikasi dana ku gabisa buka pdhal mas saldo tiap pencet aplikasi nya yng muncul cm biru aja,Netral
aplikasi hari uninstall download baru buka apa aplikasi tidak pelihara apa tidak perlu pakai masih kok ewalet yang normal,Positif
sering ganggu sekarang aja sulit masuk,Netral
tidak upgrade uang tidak di pakai padahal butuh banget uang nya,Netral
data safety,Netral
tiap mau buka dana uninstal dulu boros kuota tau,Netral
akun dana tidak kembali,Netral
maaf kasih bintang terus unistal gara gara minta bantu customer service ana suruh nunggu lama gitu tidak sesuai harap alias di php in,Netral
bagus,Positif
saya tidak daftar dana isi no terus tidak lanjut daftar,Netral
mau ganti nomor karna nomor sudah tidak aktif suruh kirim foto selfi malah gabisa kirim guna png gajelas,Netral
tidak masuk,Netral
apl nya sekarang suka keluar sendiri mental,Positif
akun dana nonaktif,Netral
bilang kuota nyata bohong mau beli paket kuota slalu tak jelas dong pake kartu apa bisa buka tanpa kuota,Netral
saya mau transfer pake e wallet gabisa rusak apa gimana keluar mulu pas pencet,Negatif
akun dana sering tidak di buka masuk lalu langsung keluar jdi download ulang baik atas nama irwansyah,Netral
beli pulsa cash ko malah masuk dana cicil x ngalamin kaya gin pdhl udh lgsg cash bayar malah cicil x dong aplikasi benerin jangan rugi konsumen,Negatif
tambah buruk aja nih aps buat bayar tidak eror limit padahal baru pake bayar tidak sampe rb chat lewat ana tp tetep aja tidak di isi uang tp pas buat bayar tidak emang ampas bih dana lama,Negatif
tidak dana koneksi internet,Netral
buruk isi pulsa transaki hasil tapi pulsa nya tidak masuk padahal nomor tlp dah bener,Negatif
bagus,Positif
aplikasi macam apa tidak masuk padahal premium guna face tapi tidak masuk kalau face daftar tahun kan beda sama sekarang,Netral
buruk aman kok metal metal sih,Positif
sumpah nya kasih b update mulu susah buka aplikasi nya mental terus,Negatif
aahh buruk w ma dana kaga ad konpirmasi maen potong ae duit kaamfreett rebu duit w layang w ge sering langgan fizzo tp ad konpirmasi buat motong duit ini m t motong duit w kaga ad konpirmasi lg,Negatif
aplikasi tolol,Negatif
makin kesini makin lambat aplikasi dana nya jadi ragu buat lanjutin pakai dana,Negatif
no lama ilang sekarang di instal tapi ko tidak ganti akun nomor baru selalu rusak,Negatif
sering transaksi dana tapi dana cicil tidak mohon aktif pin,Netral
tidak langgan aplikasi omi tidak pernah pakai tapi potong se enak jidat layan sekarang pakai ai jadi jawab selalu itu terus templet buat nyimpen duit tidak rekomendasi guna dana kalau nilai gua kasih dana,Netral
dana cicil tidak pernah pakai,Netral
sangat baik tapi sangat lama tunggu fitur dana cicil belum saya guna,Netral
mau bayar premium aplikasi beli game lain selalu masalah waktu uang mau pindahin gopay malah masalah ini bulan kayak gin tidak selesai selesai selalu tolak isi pesan tolak transaksi tolak or fgemf nonton banyak tutorial tetap kayak gin sayang banget sama uang hangus gara gara pake dana,Negatif
knapa kakak hp oppo a tidak buat daftar dana,Netral
puas,Positif
ngectuck pin,Netral
beberapa kali guna ny akhir aplikasi dana tidak buka selalu k menu,Netral
knpa dengn dana masuk sangat burukkkk,Negatif
aplikasi dana jadi tidak di buka lodingnya lama trus malah kluar aplikasi kecewa,Netral
lumayan bagus deh,Positif
bagus,Positif
napa si tidak jelas muluh masuk dana aja mental keluar ya bagus bagus aja tidak jelas banget ajg jadi malas bagus up dana,Positif
susah buka sering eror lambat,Negatif
update jadi berat susah masuk,Negatif
gimana pas waktu masuk dana terus san keluar sendiri mohon baik,Netral
sangat bantu buat belanja luar,Positif
aplikasi dana enggak di buka ulang di baru segala cara di coba,Netral
kenapa mutasi uang masuk keluar tidak langsung tera mutasi hari tidak masuk nunggu update,Netral
kirim email tidak direspon kena salah transfer,Netral
cara masuk dana nomor tidak aktif,Netral
transfer nomer hp malah uang hilang sesal guna dana,Negatif
mohon bantu kaka tidak daftar akun nmr hp aja tolak padahal nmr baru belum pake sama sekali kk,Netral
payah uda lama pakai dana tapi aja bom muncul dana cicil sanggat buruk,Negatif
tidak guna fitur dana cicil customer service nya ketika tanya keluh balas tidak selesai masalah bot balas maaf bintang saya harus beri rating bintang,Negatif
knapa niihh aplikasi biasa eror,Netral
dana ribet nik ktp benar tapi tidak bikin dana premium,Netral
monyet lu tiap dapet ngeleg trs,Netral
ya dana sering keluar tiba tiba tidak transfer,Netral
dana makin kesini masuk aja susah banget si tidak kaya dulu dulu dikit dikit eror perlu intal lg lg,Negatif
gilakkk update berat banget aplikasi bukan makin bagus malah makin buruk,Netral
sering tidak bukak harus apus donlot ulang mohon di benah suka aplikasi karna sangat mudah cepat,Positif
sulit buka,Netral
kok makin hari makin susah masuk akun dana masa mau transaksi aja nunggu nya tengah jam aja kadang masuk kadang gimana sih kok tidak kaya dulu jadi tidak respect,Netral
kalau sih bintang masa verif akun malah uang nya kurang drastis,Netral
lambat,Negatif
aplikasi gajelas masa minta kode otp tidak kirim kirim,Netral
beberapa fitur tidak buka riwayat transaksi help center tolong baik segera,Netral
bagus,Positif
fotur dana cicil tidak muncul padhl pakek akun dana udh dri thun transaki tiap hari lebih juta anehh dana skrng,Netral
jangan pakai oi uang dana sedot capcut plissss balikin duit refund tidak terima,Netral
maaf kak masuk aplikasi dana suka rilog ulang ya kak,Positif
chat ana tuh bener bener tidak dia tidak bantu samsek gimana dong pusat bantu nya baik,Netral
transfer tapi tidak masuk aplikasi nya padahal udh di update,Netral
mau tanya akun dana tidak buka,Netral
sangat bantu bangat,Positif
aplikasi nya tidak di buka padahal di update terus pas mau mual ulang tidak kembali kembali,Netral
reksadana tidak tarik nampilin wajah pas tampilin tidak kata cahaya kurang padahal ku kasi senter terang biar lihat jelas tapi tetap tidak jangan pernah investasi reksadana sini cuy bodong uang tahan di reksaadana,Netral
buruk tapi butuh cuman mohon baik masak masuk dana hapus aplikasi dulu terus baru masuk tidak dulu jelas,Negatif
payah aktivasi nya tidak di buka,Netral
uang ada akun lama mau kosong cara masuk akun nomernya hilang sudah tidak aktif tanpa verifikasi otp,Negatif
dana keluar sendiri terus,Netral
bagaimana diupdate aplikasi tidak buka semua langkah jalan di uninstal instal berapa kali hp direset tapi tetap tidak buka,Netral
aneh banget kadang buka kadang enggak,Netral
aplikasi sering rusak mau tarik uang tidak isi pulsa sama,Negatif
mau bayar pake qris pas mau bayar tiba tiba hilang aplikasi dana forclose pas cek uang potong bayar nya tidak masuk cek history tidak bayar tapi uang potong komplen malah tanya balik buruk dana,Negatif
aplikasi dana jlk banget sih mau transfer ajh update premium lah terus minimal transfer rb d baik lg aplikasi nya,Netral
beri izin guna android versi sekarang susah mau masuk pake andrroid versi padahal penggunany banyak jangan gitu lah,Negatif
ambil uang dana salah kirim,Netral
tidak pitur dana cicil,Netral
sebel sama fitur dana cicil nya padahal akun premium di update versi baru transaksi sudah puluh juta tapi sekarang tidak di guna sama sekali,Netral
beri bintang karan tidak terima kode otp apa bila di baik akan beri bintang,Netral
punya lama dana cicil tidak,Netral
tidak masuk sering keluar sendiri,Netral
dana susah buka saya mau uninstall dana lalu install apakah uang dalam dana hilang,Negatif
load buka aplksinya skrang,Netral
lambat sekali,Negatif
dana cicil jadi gaada,Netral
dana di internet susah babi,Negatif
sik pak kalau dana nyang no nya tidak aktif nggak masuk terus harus bagaimana no nya tidak aktif nggk masuk uang,Netral
sering jadi kendala internet padahal internet nya bagus,Netral
gagal buka akun sendiri suruh buka akun baru no baru gagal d suruh nyiapin no baru belum pasti nunggu sms tidak email tidak ktanya estimasi hari buruk waktu hubung tim customer care lama tunggu,Negatif
guna baru terima kenapa transfer langsung masalah,Negatif
kasih bintang satu percuma transaksi banyak tapi fitur dana instan tidak muncul,Netral
sekarang aplikasi susah banget masuk kalau ken masuk di hapus dlu bru instal repot banget pake aplikasi tolong lah baik terimakasih,Negatif
sangat bantu,Positif
makin buruk aja ni aplikasi dana masa data aktip koneksi jaring putus terus,Negatif
tidak masuk udh coba kemarin aplikasi tidak jelas,Netral
id desi belum keluar dana cicil nya,Netral
dana sekarang uwang masuk d potong perk,Netral
sumpah aneh banget masa iya mau transfer aktivitas segala macem kaga pdhl uda upgrade kali min dong benerin dulu dah aplikasi lu nyusahin banget mana uang dana gua mana kaga di apa in konyol dah,Netral
kenapah dana instan tidak di guna di bantu,Netral
dana keluar tidak masuk nomber hp nya non aktif knapa skarang kode otp trus,Netral
tidak masuk dana terus dana ny uang saya tiap mau masuk mala pental aduh tetep aja tidak trs kalau mau hapus dulu no nya udh tidak aktif,Netral
akhir dana susah buka pas buka tidak muncul tanda mau kirim selalu lagi,Negatif
tetep rusak,Negatif
maaf cuma bintang soal udahh nungguu bulan buat adain fitur dana cicil tapi malah tetep tidak uda nunggu lama lama,Netral
bulan lebih fitur dana cicil msh belum aktivasi lalu apa guna fitur dana cicil lebih baik hilang lg fitur dana cicil bagai cara coba tp tetap tidak hubung ana jawab sangat tidak muas yang jawab tanya sistem bukan operator langsung,Negatif
knpa susah d buka instal ulang minggu x leg buruk si,Negatif
transaksi sering tapi dana cicil tidak muncul,Netral
apa aplikasi dana padahal ada internet pas mau transaksi bilang nya internet mu putus nih gimana mau transaksi di baik min padahal segala macem lakuin tetep tidak yang pake aplikasi dana normal masa tidak bisa mu transaksi jadi sulit di baik soal saya jadi susah,Negatif
bingung dana butuh tapi tidak dipake gabisa dipake impormasi ting,Netral
gajelas eror eror terus sistem,Netral
butuh bantu kok tidak dichat chatnya dimatiin,Positif
harap mudah kami nomor hilang masih uang pakai kode otp sangat susah sekali,Negatif
aplikasi sangat buruk tidak selesai masalah,Negatif
habis update sangat susah buka,Negatif
aplikasi kocak transfer tidak rusak mulu,Negatif
kata d update bakal dana instan kok tidak ya,Positif
app dana nya susah dulu tidak minta kode verifikasi wapsat skrng ada baru nomor sudah hangus kartu nya gimana cara nya kak bisa pake akun dana,Negatif
banyak oknum nakal nguras uang aplikasi,Positif
dana cicil belum muncul,Netral
tidak mau bantu hapus akun,Netral
jangan download mau masuk suruh foto mulu padahal muka saya sudah ganteng begini ciuuuh,Netral
kok masuk masukin sandi bilang sandi salah padahal sandi tidak ubah pas klik lupa sandi kok tidak kirim otp tlong dong,Positif
aju dana premium desember hingga ini dalam kondisi dokumen kece buruk tele tele padahal sudah ngisi uang rb lebih taruh malah tidak ubah samsek,Netral
aplikasi tidak amanah bulan pindah akun gagal terus rampok kedok aplikasi uang ada ktp sama vertivikasi wajah sesuai tetap tidak aplikasi bikin rugi guna rampok kedok aplikasi,Netral
banyak rusak nya,Negatif
bosok duwek ku k ilang,Positif
aplikasi bantu,Positif
hi stay malaysia pertama kali dowlod dana saya tidak trfrs sama dana qr bank no telepon semua saya try tp still tak,Netral
tidak gabung,Netral
dana sya belum update,Netral
mohon baik sering sistem eror gagal tidak jelas mohon cepat tanggap,Netral
tidak jelas apknya kalian masuk laku transaksi selalu eror tidak masuk sistem bagaimana pihak dana,Netral
alat transaksi kini,Netral
aplikasi dana tidak di buka kenapa,Netral
makin lama makin buruk banget aplikasi lapor tidak pernah tanggap makin ngaco aplikasi dana teman jangan downloat aplikasi selalu llet g d buka x mau buka aplikasi hapus aplikasi baru intal baru telah ngadat g d buka mau downloat aplikasi kalau jangan buruk,Negatif
ngawur dana nih massa sudah bayar dana cicil lunas ada tulis dana cicil hari belum bayar ngawur,Netral
lambat,Negatif
bagus lebih mudah,Positif
buruk layan pake ai tidak guna,Netral
buruk berat uang tiba kurang pdahal belum sama skli pake hdeh aplikasi kedok miskin,Netral
banyak rusak,Negatif
aplikasi buruk masa mau pake updet terus mana kluar sendiri emang sampah,Negatif
kasi bintang satu karna dana sudah tidak jelas bagus up bahasil tapi saldonga tidak sudah satu hari tidak uang masuk,Positif
hallo dana syh tidak buka buka balik aja hadehh knph ama dana tidak jls pedahal udh di update tapi tidak masuk warna biru aja terus tiba tiba keluar baik dana syh,Netral
habis update tidak masuk akun payah bagaimana dong pakai lama padahal,Netral
sedia dana cicil tidak di guna,Netral
aplikasi super ribet buat akun buat anak aja sulit mana custemer service live chat tidak nyambung hapus ramai aplikasi,Netral
buruk tiba bayar otomatis potong tuju,Negatif
sekarang buka aplikasi dana lama sekali,Netral
susah sekali masuk mentog logo doang,Negatif
tetap sama aja ikutin langkah restart hp hapus cache paksa renti tetap mental mental terus,Netral
gabisa masuk masukin pin pertama hasil verif hasil suruh masukin pin malah kata kendala pencet lupa pin suruh verif wajah begitu mulu ulang ulang,Negatif
sih uang potong terus bloomoffer apa tidak tau apa tidak pernah tau manau itu saya pakai dana hnya nyimpan uang saya kesel banget sumpah sih sulit orang kayak gin,Netral
habis ufdet ko susah masuk gimana sih jadi ribet gin,Negatif
aplikasi sakit buruk berat asli tiba tiba banget uang abis gegara sedot langanan pdhl lgi butuh banget udh g aman ni aplikasi sakit mending pake gopay,Netral
dana instan tidak di tarik semua di lunasin tetap tidak tarik dana instan bintang bagus tidak kasih,Positif
lg trouble dana masak mau buka aplikasi g buruk,Negatif
buka dana sekarang lambat banget kadang g buka kasih satu bintang aja,Negatif
bayar qris lambat kek anjig,Negatif
adminnya bengok masak akun kendala tidak di baik,Netral
gaje banget ni aplikasi udh transfer tpi uang nya tidak masuk l padahal bener buruk banget jadi dibenerin dulu makin ribet dah kalau jangan sampe rusak transfer gitu lah orang jadi panik uang nya keman,Negatif
woyy dana sekarang susah sekali menu transaksi,Negatif
kalau buat tranfer bank proses lama,Netral
dana cicil tampil tiba tiba pas aktif malah tidak kasih limit bilang kurang transaksi transaksi tiap hari malah bilang kurang aneh,Netral
kpn dana ak g di buka,Netral
bagus,Positif
susah aktif dana cicil terlalu ribet padahal hampir tiap hari pakek transfers pun qris tapi aju dana cicil bolak balik tetep aja tidak dana cicil tidak jelas,Negatif
kadang uang hilang otomatis di hek,Negatif
tugas rp tidak historix,Netral
ingin ucap kecewa pihak dana kemarin tanggal februari alami celaka uang dana yang tiba tiba transaksi sendiri beli pulsa axis mohon peram kan dalam fitur dana sebut,Netral
bagaimna uang sya sudh x hilang pke bayar qris sdngkan tidak laku transaski sebut tidk juga langgan google play buruk mkin buruk aplikasi,Negatif
mkstnya gimn nih koneksi internet putus padahal kuota,Netral
rusak malas pakai,Negatif
dana cicil,Netral
apa dana sekarang bikin malu banget mau ngambil duit sampe tidak jadi karna malu mentok logo sumpah aplikasi dana habis upgrade tidak habis habis eror,Positif
aneh banget udh ngisih pulsa malah tidak masuk buang waktu aja,Netral
bagus,Positif
suruh password bener terus padahal baru download,Netral
ini dana mau masuk dana tidak mental terus,Netral
di betul lah masak aplikasi kok tidak buka padahal jaring bagus masa mau buka download ulang terus x lebih mau buka download ulang dulu selang beberapa waktu gitu tidak buka aneh banget,Positif
baik rusak nya update baru asa sangat susah buka kembali versi lama gimana,Negatif
dari kemarin grafik emas ngestck tgl februari padahal sekarang dah tgl delapan,Netral
kurang bagus masa isi uang taf malam tinggal kaga jelas dana kaga kalau nyimpen duit sini kaga bagus,Positif
g bener ni masak hasil kirim potong saldo sipenerima belum masuk saldo cemana sistem tolong,Netral
curi,Netral
tidak kasih gratis,Netral
oke,Positif
sedang tinkat kan lah,Netral
bagus,Positif
sangat sesal simpan uang aplikasi dana tiba tiba ilangg gitu aja tuju milik padahal juga rasa berteransaksi tiba tiba aja ilangg minimal notifikasi kasih lah jjangan tiba tiba buka dana ngurangin salldo enak minimal notif anda lanjut transaksi sebut terus masuk pin ini boro boro ada ada ilang malah nyesel deh pokok,Positif
aplikasi dana nggk aman uang sering hilang,Netral
akun sudah premium aktif transaksi guna dana menu dana instant belum muncul,Netral
dana dana km bilang hrus cri ana mn g tuh jaringn wifi bgus mn ttp j tidak masuk alasanya g ad koneksi udh gnti data ttp j g msuk apasih mslahnya bukn koneksi kan brmslh tp dana sndri brmslh dprbaiki kalau uang g cair km mau byar tagihn,Netral
ye cuman lupa sandi kode ny g kirim gitu,Netral
aplikasi dana nya selalu erorr di dompet ewalet nya uang nol rupiah,Netral
baru baru masuk aplikasi dana aja kok makin susah lama proses nya nya tidak parah tolong proses jangan buat pindah aplikasi makasih,Negatif
sekarang susah buka aplikasi,Negatif
bagus,Positif
tiap mode pesawat trs nyalain itu dana tidak buka min make wifi,Netral
tidak merefund dedikasi eamanan jangan coba enak beritahu lebih guna seringkali jadi hilang uang guna jika tidak coba merefund tolong beritahu dulu kepada gun,Netral
ngirim uang temen aja ribet suruh masukin ulang kata sadar risiko akan tetap kirim uang sudah bener sama tetap tidak mau gimana,Netral
dana ya tidak cek bukti transfer terus mau beli pulsa data tidak ke buka,Netral
kalau masuk dana tiba keluar sendiri kenapa sih iya baik,Netral
limit dana cicil tidak dpakai,Netral
meski buruk tetap coba,Negatif
tipu uang transveran tidak masuk pakai aplikasi,Negatif
knpa kalau masuk selalu mental lg keluar,Netral
dana cicil tidak,Netral
update tutup sendiri aplikasi logo tampil,Netral
tiap buka aplikasi dana tidak tanggap terus,Netral
ko aplikasi dana stuck logo dana tidak untuk transaksi min aplikasi gabisa buka,Netral
tidak masuk di selfie isi nomor tak masuk,Netral
tidak buka akun dana saya,Netral
tidak tanggung jawab uang sya hilang padahal tdurr tdur cek pagi bangun pergi belanja lihat uang tiba tidak adaaa kembali uang sayaaa,Negatif
sering rusak kalau buka sekarang tolong dong baik,Negatif
update premium tidak transfer,Netral
update versi baru nyata fitur rekan dana selalu muncul sistem sibuk,Netral
ini rusak apa gimana dana sering keluar sendiri terus,Negatif
aplikasi dana sekarang suka tidak buka mau hapus terus instal ulang baru buka,Positif
semenjak d update malah susah masuk y hrs d apus trs download lgi,Negatif
kasih bintang akun dana verivikasi kode otp mana nomor sudah tidak aktif uang ribu dalam nya,Netral
uang tiba hilang,Negatif
makin kesini makin susah,Negatif
plis uang hilang tiba tiba minta uang segera kembali bukan sekali beberapa kali uang hilang tugas hapus aja aplikasi tidak aman tidak tanggung jawab hanya memberitahukan aplikasi dana tidak aman dompet digit tipu transfer tiba,Negatif
woi knapa dana tidak di buka sama sekali di upd juga tidak,Netral
kmarin hari dana sistem sedang masalah krn tidak buka yaa,Negatif
ganti nomer kok hilang kak uang nomer lama,Netral
tidak di guna,Netral
kasih bintang soal dana cicil nya tidak di guna,Netral
aplikasi dana sangat tidak tanggung jawab sulit nasabah tidak masuk kartu sim rusak hilang sangat tidak rekomended,Negatif
apa guna nomer layan kalau apa apa kendala lewat chat robot,Negatif
dana sekarang susah buka nya tampil depan doang lama baik,Negatif
aneh kou dana tidak limit dana cicil,Netral
ko aplikasi dana g d buka y hari g transaksi,Netral
aplikasi memang lancar uang masuk tapi kalau tidak premium tidak tarik tunai kan sayang uang ken narik tapi premium dong bantu jawab kalau bom premium cara tarik tunai gimana,Positif
jelas jelas akun verivikasi wajah cocok aplikasi sampah,Netral
min dana tidak di pake dana premium,Netral
guna aplikasi dana hati uang jangan jadi kemarin tanggal pebruari jam uang dadak hilang ribu tiba dapat notifikasi kirim pulsa rp ribu pulsa hasil padahal saya tidak rasa laku transaksi sebut jadi hati waspada terima kasih,Negatif
salah kirim no udh chat layan chat lewat gmail tapi tidak tanggap no tuju tidak aktif,Netral
min a reward dana minimal pakai voucher ribu turunin jadi ribu min kalau mau bnyak pakai,Netral
dana cicil tidak di guna padahal di bayar dana cicil mau guna lgi kagak,Netral
buruk nih tiba motong uang padhl g langgan konten telusur konten apa eh malah g tidak jelas,Negatif
dana tidak masuk verivikasi email email tidak buka tidak verivikasi wajah aja sih,Netral
mau bagus up pulsa pas transaksi hasil tapi tidak masuk coba protes sampai ini belum masuk pulsa,Positif
aplikasi dana sekarang buruk banget,Negatif
playanan buruk jangan percaya pihak dana seringkali jadi bobol akun tapi pihak dana tidak tanggung jawab atas rugi nasabah uang percayaakan simpan dana tapi puhak dana sendiri tidak mau tanggung jawab atas rugi nasabah uang ambil pihaak dengan bobol akun nasabah sah seperrinya trsebut memang kait denngan pihak dana curi uang nasabah,Negatif
sering berat masuk buka aplikasi dana,Netral
tiba uang hilang aju malah tidak kembali uang hilang aplikasi sampah,Negatif
jadi salah sistem terus jink tidak kelar kelar,Netral
d update app nya for close,Netral
aplikasi dana sering masalah transfer masuk bank ewallet tapi aplikasi dana tiba tiba tidak koneksi masuk ulang aplikasi ada ingat koneksi putus mohon coba telah tanya layan dana pusat call center dana jawabanya cuma suruh restart hp hapus cache insatall unslinstall aplikasi dana bisa guna coba kali kali tetep sama koneksi putus tidak masuk padahal aplikasi bisa pakai,Negatif
min sudah laku lunas ko tidak di guna dana cicil nya,Netral
putur dana instan pitur dana cicil tidak muncul buruk banget,Negatif
ape lah dana ni pacak ilang dewek duit nye lain,Netral
aplikasi taek kakean atur,Netral
kok tambah lama tambah tidak karuan mau setor malah pending kalau saya phk gara apa pihak mau tanggung jawab,Positif
sering eror terus isi uang toll,Netral
akhir aplikasi dana sering alami kendala kadang tidak masuk laku transaksi kadang no dana tidak temu kirim,Negatif
bagus,Positif
aplikasi rampok,Positif
mau reset pin tapi nomor hilang di sulit saya pakai data pribadi siap verifikasi muka,Negatif
sering rusak stuck logo layar pytih lama stiap masuk dana stuck dlu,Negatif
aplikasi kacang murah berapa tahun guna fitur dana cicil sekarang belum aplikasi abal abal,Netral
dana nya tidak buka,Netral
mau bagus up selalu muncul tolak mohon jelas,Positif
aplikasi dana sekarang susah bngt buka uang malah hilang gmna,Negatif
buruk baru update baru buka tampil depan keluar gimana sih min makin kacau ajah nih,Negatif
sudah cukup lama pake aplikasi dana kok fitur dana cicilnyan muncul muncul,Positif
kenapa emas digital tidak tarik yaa,Netral
sering klim cek saldu hari trus nuju klim malah no urut aduuuh payah nih aplikasi dana mambantu masyarakat apa tidak,Netral
hallo dana dong bantu minggu bagus up gopay tapi sampe skrg bom masuk akun dana gimana cara nya biar uang masuk ke akun dana,Positif
tak kasih bintang tiga karna susah buka tidak muncul kalau beberapa hari susah buka tak hapus semua bintang nya,Negatif
apknya berat sekali buka tidak mau muncul susah tidak tau orang buru,Negatif
uang hilang total,Negatif
mau buka keluar terus tidak di buka buruk ni aplikasi,Negatif
sangat baik,Netral
dana sih suruh upgrade premium malah lihat cuma layar putih doang pas udh tekan,Netral
sering jadi ganggu mau tarik tunai apa susah sekali akhir akhir padahal dulu bagus kyaknya perlu diup grade,Netral
buruk mau transfer bank tidak mau kirim e wallet tidak sistem nya bobrok,Netral
tetap tidak cek riwayat transaksi semua laku bantu ana tidak semua nya tetap loading gimana aplikasi dana,Netral
aplikasi nya sering tidak ke buka masuk logo mulu,Netral
sangat lambat,Negatif
tidak di buka aplikasi dana nya,Netral
kok tidak bsa d bka dana mentok dana trs kluar lg tolng bnrin dulu pihak dana,Positif
limit dana cicil ada waktu tagih ikut lama tapi tidak pinjam belum masih bisa,Netral
dana nya enggak buka,Netral
sudah daftar premium tp kok tetep tidak kirim uang yaa,Positif
masa isi ulang dri brimo jadi ny kata tugas rp,Positif
mau bayar tagih dana cicil tapi gabisa masuk nomernya udh tidak aktif gimana solusi,Netral
sangat sayang dana instan tidak muncul dana makanya kasih rating bintang,Netral
suka keluar sendiri,Positif
buruk sih nyimpen uang sini malah hilang ambil goggle udh gaada pemberitahuan nya langsung ilang gitu aja gabisa balikin buruk sih padahal udh lama pake aplikasi makin kesini malah makin lemah aman nya,Negatif
buka dana koneksi internet tidak stabil padahal jaring kuat,Netral
dana tidak buka stok di logo dana aja,Positif
ko tidak buka malah stuk logo di hapus dulu baru pas masuk malah stuk di logo terus,Netral
ngelag mulu,Netral
aplikasi e wallet paling tolol pernah install sampe erosi ngladeni ana tiap hari minggu sibuk mindahin akun premium nomor lama nomor baru tapi layan tidak bantu,Negatif
aman buruk vernuk sering gagal koneksi buruk,Negatif
jangan pernah nyicil emas dana geys jumlah emas tiba tiba kurang padah tidak laku jual,Netral
sangat buruk kelas dana bisa colong sma hacking mau hapus aja lah males pd uang trus ilang,Negatif
ngak jelas masa transfer sampe hari selalu proses,Netral
woiiii danaaa minimal kalau update bener masih bawah umur tapi buat beli kouta harus diupdate premium sih tidak gagal langsung kerja min,Negatif
salah transfer malah no belum daftar dana tpi sana tulis kalau jam uang udh tunggu lama jam udh hubung ana udh email tp gaada kembali,Netral
stuck logo terus mau buka,Netral
kasih bintang aja lumayan buat simpan cadang m banking mula kurang apa saya nyimpan dana atas jt tidak jamin karna kawan kurang saldo jaring bagus kalau cek uang kalau tidak bagus muncul bawah warna merah tulis koneksi putus paket banyak tp koneksi wifi hilang tanda merah,Netral
makin buruk dana sekarang masak otp email mana email tidak kepake lama dulu otp pake sms nomor hubung enak makin ribet aja ni ewalet ampun nyata banyak coment negatif benar dah untung tidak isi dana tidak pake dana lah rame makin ulah dah gua hapus aja ni ewalet makin buruk kayak tidak ovo makin rame makin bagus custemernya,Netral
kok tidak buka aplikasi padahal diupdate tapi tetap tidak buka buka lagi loadingnya lambat mohon bantu,Netral
kalau mau hubung akun mbok konfirmasi dulu sama milik jangan asal main potong uang otomatis gitu kan rugi,Netral
buruk dana cicil lunas tidak pakai,Negatif
dana tidak buka coba kali kali,Netral
tidak masuk padahal kemarin ini dah mggu lebih tidak di buka,Netral
layan nya buruk,Negatif
sekarang aplikasi nya jadi tambah lambat tidak bsa buka sya udh bbrpa x uninstal di baik lagiii,Negatif
otp nya tidak kirim padahl nomor nya bener,Netral
pas buka aplikasi lama padahal wifi maksimal tidak macet pas buka dana lambat buka,Negatif
dana sangat tidak guna sudah aju dana cicil tapi aja tidak sedia,Positif
februari beli diamond mobile legend eror mulu tidak beli beberapa fitur banyak eror,Netral
buka dana cicil muncul malah dana buat apa tidak guna,Netral
aplikasi buruk buruk buruk parahhhhhhh,Negatif
aplikasi dana sering kali g d buka,Netral
min kan mau ganti no hp tapi kok kaya sulit gitu entah harus verifikasi verifikasi notif ups kendala proses terus kenapa min,Netral
pakai kuota indosat selalu tulis sedang offline padahal kuota ada kenapa cuma pakai kuota indosat baik,Netral
kok tidak di buka aplikasi makin kesini buruk kali aplikasi kelen,Netral
ndak buka,Netral
tidak masuk dana perlu otp kartu hilang makin sini dana makin ribet,Negatif
eror,Netral
aplikasi sangat bagus saja iklan sangat ganggu nyaman,Positif
min kenapa dana tidak buka coba segala cara tetep aja tidak masuk mentok logo dana,Positif
makin kesini lama lama apknya lemott payah,Negatif
aplikasi dana bnyk ngeleg gin mau log in susah buka aplikasi jadi salah apa an aplikasi dana makin buruk,Negatif
mohon maaf ini dana nya tidak buka kalau tiap di buka selalu sendiri di update masih sama,Netral
uang sering hilang,Negatif
dana cicil nya tidak bsa gunakn,Netral
dana eror di menu listrik dn pulsa kok enggk di buka,Positif
cicil masuk akun dana tiap uang masuk lgsung otomatis potong padahal bukan cicil kontrak digital buat olah dari dana sudah layan email tp tanggap uang potong tidak di kembali skg msh ada sisa cicil tagih akun dana jg tidak saya hapus sangat tidak rekomendasi sila pakai aplikasi nya,Netral
karna nomer hp tidak gagara ilang tapi pasword apal jadi tidak log in hadehh suruh ganti kartu pihak layan dana tapi tidak jadi jadi,Netral
saya mau ngirim uang kok tidak tidak kayak biasa,Positif
tidak masuk stak lingkar beberapa kali hapus instal tapi tetap tidak masuk,Netral
nda masuk langsung henti belum buka,Netral
suka rusak bayar gagal terus server nya down,Negatif
layan nya hubungin ngerespons bijak,Netral
dana selalu tidak di buka uninstal dulu baru instal baru buka,Netral
aplikasi tidak jelas makin kesini malah makin bentek cuma ngabisin kuota buat update tapi di update buat masuk mental trus,Netral
maaf baru guna dana jadi sayakasi bintang dulu,Netral
tidak buka aktivitas dana saran,Netral
dana cicil guang dong aktif tapi limit nol tidak di pakai ganti vendor lg parahhh,Negatif
kurang bagus aplikasi dana,Positif
kasih bintang saya transfer semalem bri smpe sekarang belum masuk kasih jelas,Netral
knpa skrang dana sring loding susah buat buka buruk,Negatif
aplikasi sangat lambat lama,Negatif
pakai dana tahun baru akhir tahun tahun sering alami hilang di akun dana ku padahal tidak pernah laku bayar apa tapi selalu notifikasi bayar lalu qris padahal tidak perna sudah laku lapor dana tapi sekarang uang ku belum jelas sama sekali,Negatif
suka mentok logo,Positif
saat mau laku transaksi gabisa pake wifi pake paket data solusi gimana biar pake wifi,Netral
ndak bikin pusing,Netral
aplikasi dana tidak buka di bantu,Netral
rusak tidak jelas tiba tiba transfer sendiri laku transaksi apa tidak buka hp tiba tiba transfer bukalapak aneh bet ni dana lama lama ratingnya buruk tidak bagus tidak becus layan nya,Negatif
jangan pake ni aplikasi akun masalah minta bantu sulit ujung ujung tidak bantu,Negatif
lumayan,Netral
aplikasi tidak jelas uang tidak masuk udh chat ana malah bales bot cuma buang waktu doang ini ojk gimana dah uang memang tidak berapa tapi percaya nyaman di nyata dulu enak chat layan bales orng banyak update gin,Positif
bagus skli,Positif
aplikasi nya banyak rusak,Negatif
buruk buruk banget padahal mau ganti nomor hp lama buat akun dana tapi tidak bad aplikasi,Negatif
update fitur rekan dana jadi tidak guna selalu notif sistem sedang sibuk,Netral
beri bintang dulu soal buka gampang lambat tingkat,Negatif
jaring eror mulu metode bayar dana axis tidak,Netral
baru download udh suruh premium aja gua kan mau kirim duit mlh suruh premium,Netral
banyak fitur gabisa akses terlalu belit belit layan buruk,Negatif
sulit buka sering nge freez,Netral
bayar pln lapor gagal uang kurang tagih pln ada bikin lapor pusat bantu ada bikin buruk pusat bantu tidak ngerti ngerti,Negatif
akun dana tidak buka ini apa bagaimana uang mohon di jawab segera butuh uang yang di akun dana saya,Netral
gima solusi aplikasi dana kok tidak buka solusi dong,Positif
buruk masa masuk pake kode otp mulu pdahal nomr tidak aktip biasa pake pin vermuk aja masuk masa sekarang update tidak bis masuk tetep pake kode otp mna ada saldo dana lah pihak dana saya bisa masuk biasa harus nungggu kode otp tolong baik sistem nya seperti kemaren mudah nomr yng tidak aktip masuk,Netral
dev beri solusi akan ganti jadi bintang jadi kan mau bagus up game free fire tapi harga k dana k tapi rusak lebih limit uang tidak cukup hari hari saya coba solusi youtube ai tapi tetap tidak gimana ini mohon di update,Netral
entah dana cicil tidak muncul padahal sering isi transfer,Netral
dengan dana tiap masuk selalu mental g buka,Netral
masa brimo transfer tidak masuk uang kali,Netral
sering jadi dana sedot tiba tiba buat langgan padahal aplikasi langgan tidak pakai diuninstall kenapa sedot sendiri uang bikin jengkel,Netral
di update aktivitas tidak buka bejir riwayat transfer cuma lihat lewat pesan pun tidak lihat no tuju transfer,Netral
aplikasi dana tidak buka hapus install hapus install sama td buka lapor tidak tanggap,Netral
loading nya terlalu lama kalau hp ram,Netral
ihh kenapa gabisa transfer sihh mau bagus up game notif eror terusss,Positif
gimana sih aplikasi lambat mau buka fitur bayar susah banget,Negatif
tidak buka di buka layar gelap,Netral
banyak tipu aku pihak dana kena tidak kembali saldo jadi sesal nyimpan dana tiba tiba transaksi bukan saya yang transaksi,Negatif
paaaarrraahh banget yang bobol dana tidak tau gmna kok bobol tiba bayar pulsa padahal aq tidak beli pulsa trus tagih lazada mana hubungin customer service nya tidak tolong dong gmna cara biar solusi,Positif
bintang dlu tdnya bgus aplikasi dna tp sekarang buruk hrus trus d update agk buruk,Negatif
parahh masa uang dana ku kurang balik uang ku hilang,Negatif
lah,Netral
mahon koreksi dana tidak pernah laku transaksi apa tapi uang sedot gimana kok kayak tidak padahal dana buat nyimpen uang malah ngabisin uang ada transaksi apa,Positif
transaksi puluh juta tapi tidak dan instan,Netral
buka aplikasi dana selalu tulis internet kamu putus,Netral
dans cicil belum di guna padahal lunas lebih hari malah bulan,Netral
asli buruk uang dana hilang curi akun dana retas mulai pin email udh ubah semua,Negatif
sulit guna tidak masuk tidak tau gimana cara nya jelas plis pas masuk jangan minta pin sulit banget,Netral
kali dana keliru gua jelas jelas beli paket gb mlah kasih cuma gb mana harga an,Netral
bagus ap ribu pas cek malah masuk ribu,Positif
tidak di buka,Netral
qris dana bisnis tidak unduh klik unduh qris selalu bawa atur sistem lapor layan aplikasi x instagram tapi tidak solusi jawab muas keluh selalu balas template guna ai,Netral
layan sampah minimal ngasih refund kalau org salah isi nomor,Negatif
dana tidak di buka,Netral
ya lali buka lambat kembali layar awal,Negatif
ni dana update napa malah jadi banyak rusak dh saya mau masuk malah stuk terus logo gabisa cek uang la solusiny udh hapus cache restart hp tetep aja gimana ni,Negatif
sudah sering transaksi tpi fitur dana cicil tidak sudah update tetap tidak fitur dana cicil nya,Netral
halo tugas jawab nya dana hp tidak mau buka saya buka aplikasi nya mental beranda mohon bantu nya,Netral
beli tnpa tuju di batalkn tp duit nya gablik kok gtu,Positif
akhir tyap kali buka aplikasi tidak masuk menu stuck tampil situ ajj yah cm logo biru doang lama kluar notif dana henti,Netral
dana rusak masa bagus up tadi tidak masuk masuk mana penting rugi deh uang keluar tapi uang tidak masuk huhhh,Negatif
lupa pin jadi solusi coba kali kali verifikasi sudah arah lewat whatsapp semua tidak kerja baik malah refreshing sudah pusing cari solusi karena akun dana nomor aktif sudah coba buat masuk kali kali cara yang sama tetap tidak tambah sudah lupa pin lalu dengan saya pencet lupa pin tetap tidak bisa jadi solusi sayahrapandadmsya,Netral
jangan mau isi pulsa aplikasi isi rb kagak masuk,Netral
dana kena hack aman akun kurang jamin uang kena juta,Positif
haloo dana yang punya akun milik asli akun masuk pin transfer saya valid malah bilang tipu jelas lindung tipu yang asli bilang tipu jahat banget lu,Netral
dulu saran buat akun tapi kalau mau masuk perlu banyak autentikasi bilang salah ganti pin,Netral
jangan mendownload aplikasi karena uang kamu suka tiba tiba hilang alas langgan padahal tidak mencet sama sekali aju refund malah salah google sangat tidak aman,Positif
kok repot sih dapat dana instan,Positif
dana cicil tidak muncul,Netral
mau nanya ni kalau nomor daftar hilang lalu kode verifikasi wajah benar knpa minta kode verifikasi nomor daftar kartu sudah hilang,Negatif
aplikasi apa ni verifikasi wajah gabisa terus,Netral
info cara masuk tidak minta otp karna kartu dana hp daftar tidak lagi mohon solusi nya solusi nya,Netral
dana buruk buruk sekarang di update tidak masuk buruk,Negatif
dana tidak buka mentok di logo dana sama sekali tidak buka hari seperti,Positif
aplikasi dana gimana sih masa upgrade dan jadi premium kata tunggu hari tapi saya tunggu bukan hari nama bulan sampe sekarang belum proses kalau baik akun saya saya edit bintang,Positif
uang rb angus transfer paypal dana gagal padahal biaya pihak paypal nya mereka balikin tpi dri pihak dana malah ambil rb dah transfer gagal aneh org konoha,Negatif
aplikasi bangsattt loading teroossss bodoamat cicil dana tidak bakal gua bayar,Netral
cek bukti bayar tidak buka aktifitas nya loading mutar aja terus,Netral
kenapa tidak masuk aplikasi dana kick mulu pas loading scren,Netral
tidak recommend transaksi aplikasi dana karna banyak transaksi otomatis begitu lah buruk nya sistem aplikasi dana,Negatif
saya laku transaksi dana tidak masuk aplikasi nya saya uninstall trs download,Netral
buruk bnget sama e walet sekarang masa fitur dana cicil nya cuma di guna kali padahal lama laku lunas hampir satu tahun lalu tapi malah lunas fiturnya tidak di guna limit tapi tidak di pakai benar aneh nama penting buat sendiri,Netral
aplikasi semenjak d baru bulak balik tidak d buka dong saran mana uang d situ semua,Netral
aplikasi gajelas tbtb payment sendiri,Netral
uninstall baru di kirim kode otp nya lambat kali kerja kalian,Negatif
makin baru makin buruk perfomanya tidak buka aplikasi kadang malah keluar sendiri pusing banget,Negatif
sekarang dana kok rusak mau masuk susah di baru terus tiap mau masuk,Negatif
saya transfer tapi tidak masuk uang transfer malam tapi tidak,Netral
bulan sering instal hapus aplikasi nya tiap hr sekali gbisa buka aplikasi nya hapus dulu baru instal ulang terus dam terus apa g asyik nih aplikasi nya mohon tanggap nya,Netral
hallo kak maaf mau tanya aplikasi dana tidak buka cuma halaman depan aja terus keluar sendiri,Positif
yang dua kali nya bagus up brizzi dana uang hilang saja padahal status bayar sukses hasil tapi nyata uang brizzi tidak tambah satu rupiah akhir bagus up ribu tgl feb sampai sekarang uang tidak kembali chat lalu ana tugas aplikasi dana tapi tidak ada pemberitahuan kembang progress kembali dana saya,Netral
buruk masa tidak ajuin dana cicil,Negatif
apaaan aplikasi rusak gajelasss gabisa kirim uang gara rusak,Negatif
kurang ajar aplikasi pakai tahun lbih tdak tambah bagus malah bkin emosi mau masuk susah sekali selalu tidak tanggap kalau masuk,Netral
punya eror terus,Netral
delay lama transaksi x tidak bca tidak dana,Netral
padahal update tapi fitur dana instan nya tidak,Netral
update jadi sering rusak,Negatif
tolng bantu kpda pihak dana sulit buk karna karti saya sudh tidak aktp,Netral
gimana uang ku ilang k ilang aja,Netral
dana rusak sering keluar sendiri akses aplikasi lama kali coba masuk itu loading masuk nya luama hadeeeh terimakasih,Negatif
verif via wa tidak,Netral
dong fitur dana cicil di munculin orang pada muncul tidak muncul,Netral
kurang ajar banget hidup susah uang dana tip malah aplikasi bisa akses kalok emang lag kasih pemberitahuan dong duit bisa tarik mau makan pakek apa kasih solusi bener pakek tahun awal neng aplikasi bantu makin lama makin makek nih aplikasi benerin aplikasi kalok bener blokir aja nyusahin akhir sudah di percaya endingnya malah bikin ribet,Netral
apa coba tidak tranfer,Netral
nyesal banget pakai dana isi ulang brizi lumayan la nominal nya tapi tidak masuk padahal status nya hasil tapi uang nya tidak masuk kartu tidak update lapor layan dana tidak tanggap sampe sekarang minggu lebih benar benar lepas tangan buruk banget pokok minimal kasih jelas allah ngomong jujur harap selesai pihak dana minimal jelas,Positif
kenapa habis update malah tidak di buk aplikasi nya,Netral
dana tolak bayar ingin bayar pazu avatar world,Netral
skrg dana lambat mau masuk aja susah banget masa uinstall trus,Negatif
buruk layan komplen kena transfer belum masuk costamer belit ribet tapi belum di proses,Negatif
min kok tidak masuk hp gua kentang,Positif
kasih bintang kalau transfer lain potong nya najis bngt kalau transfer gopay ke dana kena potong hadehhh bae bae dahh lu dana,Negatif
selalu kendala jaring padahal internet lancar tapi aplikasi tidak merespon mau cair uwang jadi kendala,Netral
aplikasi sampah tidak buka sama sekali stuck situ mulu kalau bintang kasih bintang,Negatif
masa karna ekt ke pakai tidak di guna,Netral
ribet,Netral
lama buka nya ngebosanin nunggu seperti tolong lah,Netral
aplikasi dana sekarang sering rusak loading mulu padahal pakai wi fi tidak tempat adu aplikasi nya jadi pusing pake dana buka aolikasinya lama,Negatif
tidak percaya sama dana uang gua hbiss sedot di bajak,Netral
ya uang sering banget hilang dana,Negatif
telah update malah banyak masalah forced close mulu,Negatif
akun baru buat transfer akun lama tpi saat pnransferan akun sllu gagal padahal ktp di serta bukan sistem otomatis devloper eh malah di suruh bolak balik akun lama udh tau tidak aplikasi dompet makin tidak bagus,Netral
dana tidak buka tiap mau buka dana keluar itu ya eror gimna aplikasi,Netral
sii uang dana disimpen lama belum ambil suka hilang sendiri padahal tidak transaksi apa aktifitas jg gaada apa transaksi baik dana uang suka hilang,Netral
saat masuk aplikasi pertama tidak sedialan fitur kunci pin klik aplikasi langsung masuk beranda dana kalau bgitu smua orng kalau yang pinjem hp bsa akses dong bsa buka dana nya karna tidak tmbahi security,Positif
developer kalau ningkatin program aplikasi bener sedikit masa tiap mau transaksi uang rusak rusak lain,Negatif
masukkin pin bener tidak,Netral
bagaimana ko begini uang ko gabisa pakai aplikasi macam apa malu maluin tau tidak,Netral
minta baik dana ku knpa saja tidak hubung internet padahal bagus jaring,Positif
si suruh upgrade mau bayar jadi gabisa aps,Netral
bagus dana cicil tapi tidak masuk aplikasi no hp kartu hilang jadi gabisa masuk coba minta bantu sama ana malah tanggap tidak jelas jadi yaudah jangan salah kalau cicil tidak di bayar,Netral
sekarang susah buat buka aplikasi dana sering lgi,Negatif
apa sih ni aplikasi jadi tidak jelas kemaren mau buka tidak terus update clear up di update tteh tidak itu di dana ada uang loh,Netral
punya dana cicil tidak pakai alas nya fitur cicil lah lahh apa aplikasi nya,Netral
eror kemarin belum selesai,Netral
apa apa lu nyimpen uang tiba tiba ngurang gin aplikasi apaa iniii mending band,Netral
knapa yahh akun dana susah buka unistal dulu baru kembali,Negatif
sayang tidak fitur dana cicil kalau fitur dana cicil kasih bintang,Netral
aplikasi busuk uang gua ra ip k transaksi beli pulsa tahu chat malah nunggu hari sekarang udh hari tidak ada jelas baik nya lapor aplikasi ke ojk bisa lebih tanggung jawab,Netral
wajib upgrade premium baru pakai jangan coba bagus up kalau belum upgrade premium uang bakal hangus aplikasi tidak rekomendasi,Positif
tidak pindah akun,Netral
stuk logo dana,Netral
tidak buat beli token listrik,Positif
mau bagus up ml web nya rusak tidak ke buka,Netral
buat mau gunain ni aplikasi saran mending jangan karna sistem aman nya kurang baik mending alih aja ovo dana sudah hilang uang mudah bngt bobol,Positif
punya lama sekali muncul fitur dana cicil,Netral
aplikasi bleng,Netral
gimana cara screenshoot kalau aplikasi aja tidak buka stop pake aplikasi saya pindah seabank blu gopay lebih stabil seperti bos dana cuma target pasar gadget canggih sinyal internet stabil bukan gadget kentang sinyal yang byarpet tidak ramah orang kecil,Positif
apa aplikasi udh buat lapor tidak resin ngirim uang gabisa alas aman aman aplikasi tidak bener hari hari ngirim uang gabisa uang tahan aplikasi,Positif
dana cicil tidak muncul l,Netral
mau daftar tapi pin selalu salah saya coba mengunakan wajah tapi tetap tidak kenapa,Netral
bagaimana aman aplikasi dana tidak becus banget uang ilang ratus ribu ambil orang aman nya sangat taiii,Positif
kasih jelas pendek tapi jelas ngak bayar padahal nunggu bulan,Netral
dana makin kesini makin sulit makin tidak jelas susah bnget buka saat mau gunain awal yaa bagus cepat makin kesini semakkin suit udh guain dong baik soal sanngat bergunaa orng yk tidak pnya rekening,Positif
dana cicil lunas malah gabisa dipake gajelas lama hubung ana tapi tidak solusi,Netral
buat aplikasi dana versi lite nya dongg kalau gin gin aja bosen,Netral
buruk banget uang transaksi isi e money gagal uang nya tidak balik akun dana proses lapor nya repot tidak kelar kelar susah nyambung ke customer carenya serasa sulit,Negatif
baik,Netral
kok susah bika,Netral
mohon dana di tingkat buat semua hadiah koin masuk di perbanyakin biar pake dana rasa nyaman enak tidak pindah aplikasi lain,Positif
bukan tambah bagus update malah tambah banyak rusak kirim uang tidak tekan apa menu plslah benerin,Netral
tidak buat transfer suruh upgrade premium tp suruh nunggu menit trs padahal lebih bln uang jd nyantol,Netral
bagus,Positif
buruk habis update malah banyak rusa,Negatif
dong segera baik kait dana cicil lalu pt indonesia airawata finance sudah lunas lebih awal janji cek aplikasi cermat ada status pinjam aktif hey sudah melunaskanya jangan bikin buruk data segera perbaikin status pinjam aktif saya,Netral
dana mentok logo trus woi pdhl udh lakuin bagai cara ttp aja mau buka dana uninstal dulu daftar lgi coba bnerin dong cba,Positif
fitur tidak muncul upgrade,Netral
buruk sekali,Negatif
tanggap nya sangat lama tiap keluh saya aju evaluasi,Netral
aplikasi dana rawan maling uang tiba potong atas transaksi tidak pernah laku minta refund tetap tidak aplikasi tidak di percaya simpan uang kalau memang tidak di refund pilih refund chat adminnya dana benah jangan ada maling uang lebih tanggung jawab jangan asal potong uang orang sembarang,Negatif
dana skrng sering eror ya download terus,Netral
apknya sering keluar diri tidak kaya dulu lancar,Positif
halaman aktivitas tidak buka jadi tidak lihat riwayat transaksi,Positif
lambat tidak masuk akun nya,Negatif
mau hapus akun dana,Netral
punya limit dana cicil tpi tidak di pakai,Netral
tiba uang sedot tampa sepengetauhan aplikasih dana ko gin kata nya terlidungi nyata malah nyedot ke balik uang yang sedot,Netral
mau bagus up drama china tidak kata dana tunggu tidak masuk masuk ke aktivitas niat bohong lu aplikasi tidak becus,Positif
sangat buruk masa enggak transaksi via apa fitur ana enggak guna samasekali layan nya enggak selesai masalah buruk super besar uang dana lumayan besar bagi tapi malah buat enggak transaksi apa kaya uang ngendap kali mikir kali kalau mau pakai dana transaksi,Negatif
ini aplikasi banyak banget rusak nya kadang logout sendiri lah ngelag lah jadi tidak nyaman pake nya,Positif
akun dana fitur dana cicil belum keluar padahal bulan pasu minim jt,Positif
mentok logo mulu uninstal,Positif
tidak isi ulang,Positif
buruk bamget knpa akun tidak ke buka,Negatif
dana makin parahhh tidak pernah tanggap serius pegawai nya info kominfo ojk cabut izin nya perlu viralkan media kali lebih baik pakai bank pasti bca mandiri bri,Netral
buruk banget yaa ada uang masuk potong nya lumayan gede aplikasi nya tidak kaya dulu,Negatif
dana cicil nya tidak di pake,Netral
ya dana tidak buat isi pls rewards ny pd hilang semua aneh baharu mlh tidak bener,Negatif
bulan dana tidak di isi,Netral
tidak rekomendasi sebab rusak ponsel asa berat terinstal,Negatif
jelas minta verifikasi mukak bisah bisah nya mintak otp whatsapp tau kartu sama whatsapp sudah tidak aktif mas aja minta,Netral
aplikasi rusak masa tranfer e wallet selalu masalah,Negatif
aplikasi sampah mau liat bagi menu aktivitas eror teross kadang uang kesedott pemberitahuan nyesell gua simpan uang aplikasi ini,Negatif
transfer rekening lho butuh beberapa hari kan aplikasi ege nama tadi aja tidak usah download,Positif
makin tidak karuan aj in aplikasi tagih bayar lunas tapi malah blokir fitur dana cicil nya bulan lebih buat lapor lwt layan email tetap tidak selesai sat telat di telpon ulang hal macam in tidak ad tindak cepat cstmr,Positif
apl tak jelas sandi wajah terimah minta kode otp buat apa kode otp kalau sandi wajah uda terimah sandi wajah salah baru wajar di kirim kode otp,Netral
sering sendiri,Netral
kembali dana yang udh trpotong krn isi pulsa jam lwt td smpe skg transaksi proses notif ny udh bt lapor tidak tanggap kok jd makin buruk pake dana skg tlg sgra tanggap lapor,Netral
buruk untuk tarik uang dana goals verifikasi wajah ada kendala mohon baik hanya guna pin otp,Negatif
tidak di buka sangat buruk,Negatif
dana instan tidak dana pinjam tidak dana cicil tidak punya,Netral
gimna cara nya hapus akun lama soal punya akun hp lama hilang curi daftar ulang pake kartu baru hp tapi tetep tidak pindah akun premium karna ktp nya daftar akun lama buat tugas kalau blokir akun dana lama,Netral
upgrade dana premium lama banget,Netral
aplikasi y kok sering g bsa bukak eror trus to ni,Positif
ya aplikasi macam hanya tutup akun aja ribetnya tengah mati dana bukan satu satu platform akun digital baik dengan saya putus tutup sulit hidup repot,Positif
sering ambil uang orang izin main sedot,Netral
aktifasi dana cicil tidak muncul,Netral
help center dana tidak guna jawab selalu ulang ulang tidak sesuai mohon tanya ana temblek lu,Positif
maaf baik akun di proteksi,Netral
dana makin kesini makin kaga jelas tiba uang ilang potong google ribu,Netral
yaa download tp tidak di install beri tunjuk coba semua tidak juga menginstal aplikasi dana kalau aplikasi atau game dana saja tidak tidak menginstal kata nya bagaimana saya kirim ss aplikasi dana nya tidak dj instal,Netral
guna dana setia hari rutin transaksi dana sudah premium penuh syarat tapi fitur dana cicil koq g kasi,Netral
dana cicil tidak sedia,Netral
aneh lama makek dana tapi aplikasi dana cicil tidak muncul muncul padahal premium sering transaksi,Netral
aktif smarpay dana cicil,Netral
dana tidak transfer solusi ada tidak ni,Netral
aplikasi nya jangan terlalu lambat dikit rusak mulu layar putih aja mau transaksi jadi sulit,Negatif
layan ana tidak ber tanggung jawab siji nomer hilng mau gnti tidak jwbn sama sekali,Netral
knpa akhir aplikasi dana ngg kbuka mesti ng instal trus kalau mau d pke jdi ribet kalau mau ngelakuin transaksi pdhl udh lma pk aplikasi baru akhir ribettt,Netral
aplikasi sampah tiba tiba uang kurang transaksi langgan linkedin padahal tidak langgan apa apa aneh bisa transaksi pake pin bisa pula transaksi langgan arti pin bocor yang download dana pikir mending pake mbanking aplikasi sampah suka bocor pin,Netral
kada kawa download,Netral
bisa aplikasi dana hapus google playstor rugi banget keeonologinya transfer org tiba tiba hilang juta hubung pihak dana nama ana hasil nihil,Negatif
aplikasi sangat bagus,Positif
akun tidak buka mohon solusi,Netral
uang,Netral
akun dana sudah premium tapi kena blokir tiba tiba tabung dana goals tidak tarik dong dana resah banget ya ikan solusi uang masih endap di dana goals,Positif
dana cicil tidak guna di cek tidak pasti,Netral
aplikasi tidak jelas banyak rusak nya,Negatif
dong dana tidak transaksi qris mengapa eror bantu saya tunggu jam tidak apa apa tolong dong langgan saya mau transfer saya tanp qris bagaimana,Netral
buruk sama dana padahal taun taun pake dana tapi tidak ikon dana pinjam ataw dana cicil padahal transaksi sering tidak pernah punya tunggak kan,Negatif
belum dapat dana cicil,Netral
aplikasi tidak jelas darurat kirim uang malah pending si auruh nunggu hari auto hapus aplikasi,Netral
aplikasi tidak pikir customer sama sekali nomer ganti sudah verifikasi masak ngirim nomer lama tidak ingat uang hangus saja pihak dana habya minta maaf tidak mau tanggung jawab cuih,Netral
aju dana cicil kok tidak muncul padahal pake dana tahun rutin transaksi tiap hari,Positif
x uang hilang transaksi tidak pernah laku,Negatif
percuma lapor terus tapi ttep sja dna cicil nya tidak di guna,Netral
kasih bintang satu akun dana verifikasi otp mana nomor sudah ilang kartu tidak aktif ada uang ribu dalam nya kalau dah normal kasih bintang donggg mna dana bisnis nya,Netral
dana balikin uang gua,Netral
dulu mbayar listrik non token pake dana cicil sekarang tidak padahal dana cicil belum pakai,Positif
upded trusss pantes masuk tampa kode aman tidak tau nya mau upded tidak beres dana sering erorr,Positif
sangat sangat buruk hp hilang otomatis kartu hilang tidak masuk hp padahal pin benar tetap minta kode otp kartu hp nya hilang kepada pihak dana segera tanggap keluh konsumen kasihan baru bagus up hp hilang mau masuk hp tidak,Negatif
saya tidak pindah akun nomer lama nomer baru,Netral
ini gimana saya enggak buka dana kendala masalah internet padahal jaring bener stabil lancar,Negatif
tidak pindah akun dana premium ada nomor tidak kenal d akun,Netral
yh tidak muncul dana instan padahal akun lama sering transfer,Netral
buka dana selalu tidak lagi selalu muncul jaring internet putus padahal jaring baik aja ini gimana saya mau narik uang nya tidak lagi,Netral
dana mulai jelasss rugi konsume n di baik gilir masuk minta otp padahal ada aq minta,Negatif
makin kesini aplikasi dana makin buruk beli token uang potong tapi token nggk muncul dalih sistem sibuk coba ulang ulang saja payah,Positif
uang emas hilang sebab padahal tidak pernah laku transaksi jual emas,Negatif
sering relod ngestak update,Netral
kenapa dana slow respons terus,Netral
transaksi qris dana tidak masuk akun sudah coba tanya customer service hasil nihil customer service dana ogah ogah selesai masalah saya alami,Negatif
aduh dong udh pake dana thn lebih baru rusak gabisa buka jd kemarin hp baru riset hbs bagus up lah aplikasi dana pas pin benar verifikasi wajah tapi pas pencet mlh layar hitam semua jd eror gt padahal pinya sudah bener kenapa tolong dong min soalny pntg banget mau transfer org mlh gabisa buka,Netral
aplikasi lmot susah buka jlk,Negatif
aplikasi otp susah,Netral
padahal aplikasi update tapi kok macet nya tidak tarik tunai baca koneksi internet buruk padahal koneksi internet bagus aja mohon di baik kak mau kirim uang cek detail hasil transfer uang sama tidak masuk hp yang eror aplikasi soal hp,Netral
fitur dana cicil tidak pernah di pakai padahal sering transaksi lewat aplikasi dan lebih parah uang tiba hilang sendiri lebih parah ngadu dana layan hasil nihil buruk banget,Negatif
dana aplikasi simpan duit paling aman hati uang kalian ilang biasa karna bagus up otomatis dana izinin tuju kalian sudah banyak jadi tiktok aj banyak ngeluh soal ni aplikasi,Positif
baik gimana aplikasi dana lama loading bikin kesel aja buruk aplikasi dana tidak bagus,Netral
tidak lagi masuk apl dana bgmn cara mohon solust,Netral
baik,Positif
tidak bagi dana cicil pilih kasih,Netral
dana cicil nya ngk d guna,Netral
buka dana makin susah mau masuk tidak mulu aneh di baik,Negatif
dana makin hancur tidak buka loading satu jam tetap tidak pdahal restart device clear cace data,Netral
tidak yakin benar ataw tidak,Netral
dana tidak buka,Netral
aplikasi tidak banyak potong ribet,Negatif
apasih ngebug an pake wifi selalu gabisa hadeh hadeh,Negatif
fitur dana cicil dana instan akun tidak muncul muncul padahal salah satu fitur bisa bantu tolong aktifin ya mimin dana atas nama akun sperti akun trimakasih,Positif
uang selalu kurang pas cek nyata bayar pt travelindo hari dong gimana cara putusin tidak bayar otomatis pt travelindo kalau putus segera tindak lanjut uang saya habis,Netral
sangat bantu,Positif
percuma dana cicil pakek nya tidak besas tidak tidak asik,Netral
simpan uang dana tidak aman kemaren kena hek alhasil uang lenyap akhir akun tutup uninstall,Netral
buruk aplikasi dana tiba tidak di buka dpng,Negatif
buruk nih dana masak tidak buka dana aneh banget padahal apdet masih tidak buka,Negatif
bantu digital dana mohon di cepat kan,Positif
aktifin playlater nya dong,Netral
dana sejak tadi pagi sampe sore skrng tidak buka udh semua lakuin kak clear cache lh restart device pin udh tetap aja tidak bsa heran,Netral
dana rusak bangke duit tiba tiba ilang ribu,Negatif
aplikasi suka ngelek,Positif
sangat buruk pihak dana padahal cicil lunas semua kenapa sekarang tida guna fitur dana cicil kan aneh,Negatif
tidak di bukak,Netral
uang juta tiba tiba hilang tiap punya uang dana uang nya suka tiba tiba hilang,Netral
susah masuk karna nomor tidak aktif uang tidak di ambil aplikasi buruk,Negatif
emang aplikasi sialll jangan pke dana dehhh,Netral
kata uang nyata buruk berat uang emas ludess tidak sisa beberapa hari ngajuin komplain tidak gubris,Negatif
dana beg mau masuk aja susah masa,Negatif
mau masuk sekali padahal sedang butuh uang malah nyalahin internet putus tidak stabilah ada ada ja padahal internet normal ribet ruwet bikin orang emosi,Netral
makin buruk dana cicil tidak guna makin gx jelas,Negatif
kebayakn kendala bagus up di baik,Netral
buruk selesai laku bayar dana cicil pas mau pake malah tidak sedia lah juga make habis saya bayar,Negatif
kita kasi bintang satu pas masuk harus pakai kode otp nomor tidak aktif dana ada saldo baik terima kasih,Netral
sekarang dana kog lambat tidak dulu,Negatif
pencuriii,Netral
aplikasi bacot eror terus,Netral
makin update makin plenger nih aplikasi pas masuk pertama lewat wa pin code nya second try malah ganti via email ada aja bukan nambah fitur mudahin malah nyusahin,Positif
tahun pakai dana tidak pernah bagi dana cicil,Netral
app dana payah tidak percaya jamin jamin,Netral
tidak transfer bank payah,Netral
bagus,Positif
percuma kasih fitur dana cicil kalau kagak guna,Netral
aplikasi sangat bohong bagus up malah tidak habis habisin duit aja mending gopay aja,Positif
akhir sering ganggu transfer e wallet,Netral
masuk cuma muncul tampil dana lalu keluar haduehhhh,Netral
payah pas bagi tranfer bank susah banget selalu sibuk,Negatif
sangat buruk akun dana sudah premium sudah banyak sekali laku transaksi tapi akun belum sedia fitur dana instan coba pihak aplikasi lebih peka nilai akun punya,Negatif
ya kak dana cicil paylater tidak muncul aplikasi dana sudah premium,Netral
dana susah buka yah udh satu minggu gin terus,Negatif
akun kena heck uang ilang uda tempat adu dana keliling tetep tidak balik uang,Netral
di aplikasi padahal sinyal stabil tetap tera koneksi buruk padahal koneksi baik baik mohon jelas maaf kalau salah kata,Negatif
min aplikasi dana punya kok gabisa buka pdhl mau ambil uang,Positif
aplikasi apa tidak jelas,Netral
selalu kendala susah tarik tunai operator tidak cepat selesai nya,Negatif
bagus,Positif
buruk,Negatif
buruk sekali aplikasi tidak mau buka buka balik lagu balik ke menu,Negatif
adain buat bayar kredivo,Netral
uang hilang sepengatahuan padahal aktif protect luxu banget akun tidak kait akun akun padahal,Negatif
apl nya buka nya lama tlong baru amanah,Positif
aplikasi nya ngelek poll gajelas tidak kayak aplikasi belah lancar abadi no lek lek,Positif
saran nanti kalau update aplikasi dana tambah fitur tarik uang danagoals di atur tidak di tarik semua jadi sia impi danagoals tarik semua dari awal terimakasih,Netral
coba semua tapi tetep susah buka aplikasi,Negatif
dong kenapa nga guna semua transaksi di upgrade premium bom di instal ulang juga masih sama problem nya harus kasih bintang berapa kalau aplikasi nya ini,Netral
data hari tidak buat kirim ewallet transaksi gimana malah makin buruk,Negatif
ini aplikasine kenapaa yaa kenapaaa masuk tuh susahh bgttt kebukanyaaa dulu asa sat set sekarang lelett bgttt,Negatif
aplikasi makin sini makin buruk,Negatif
aplikasi tidak tanggung jawab uang hilang cuma buat lapor toi tidak proses bilang tim sedang tangan tpi minggu uang tetep tidak balik hati guna aplikasi saya cma warning,Negatif
aman nya ketat,Positif
aplikasi lama lama busuk beli paket jam pagi sampek sekarang tidak masuk padahal nomer di tuju benar apa an aplikasi,Netral
banyak hoak kata dana playlater belum muncul banyak bohong akan hancur aplikasi mu playstore,Netral
kak sudah sering transaksi guna aplikasi dana tapi tidak muncul dana cicil nya djjawab,Netral
ups jadi salah coba nanti,Netral
uang tiba tiba hilang dana transaksi hasil tpi uang di ambil,Negatif
aplikasi absurd total tiap kali mau d pakai hrs uninstal dulu download lg en instal lg bener absurd total en bikin kgak nyaman,Positif
kenapa dana tidak kirim bank y,Netral
lupa sandi,Netral
sya pakai aplikasi dana lama tpi kenepa sekarang aplikasi sidah tidak hubung internet developer baik dulu,Netral
akun cara tidak tahu keluar aplikasi gilir masuk ulang gabisa masuk nge stuck terus,Netral
dana cicil belum muncul muncul padahal transaksi sudah tahun lebih pakai aplikasi dana buruk sekali lebih baik dwonload aplikasi ovo terlalu ribet,Negatif
dana cicil muncul,Netral
aplikasi sampah,Negatif
bintang nya kurang sekarang layan nya makin buruk burik dana buruk ngisi pulsa g masuk padahal uang nya kurang ssuai beli n makin k sini aneh aplikasi y kluar sndiri,Negatif
sangat buruk layan dana bisnis bayar qris proses nya jam tidak gopay merchant lansung terima uang nya drama jujur sangat buruk sekali progam proses karena tunggu jam cair di jam baik sistem nya tidak ini guna dana lebih suka sistem proses itu di hapus di ganti sistem lebih cepat,Positif
buruk dana marchannya transaksi tidak masuk uang layan slow tanggap dm tidak balas,Negatif
okeee,Positif
cara aktif dana paylater,Netral
ya buka dana tidak langsung masuk menu utama mentok logo dana aja hapus cache hapus data ttep gabisa sekali harus uninstall apknya dulu baru download lagi mulai kek awall kan jadi ribett mohonn baik dong plisss,Positif
jadi dana sekarang susah buka baik buruk nie,Negatif
ngx dana cicil nya,Netral
tidak lihat aktivitas padahal sinyal kenceng,Netral
dana sangat manfaat saya tapi sekarang ada dana premium,Netral
hari gua gedeg banget sama aplikasi dana mau pake tapi jaring putus terus pedahal pakai wifi wifi normal buka youtoube lancar pake internetan lancar buka plastor lancar sampe gua uninstal gua donload bisa pake wifi tapi pas mau masuk internet mulu kedal paraaaaah,Positif
dana maling uang ku aja potong ribu,Negatif
uang hilang tapi sahkan dana padahal aman semua pakai kalau uang hilang ratus ribu tidak papa juta tidak tanggung jawab dana percuma lapor tidak tanggung jawab malah di suruh lapor pihak polisi apa nya aplikasi tolol buat rugi,Negatif
gilak mau transfer no baru mesti ngetik dulu sekarang bikin ribet aja males pake dana,Netral
baru kali buruk banget pdhl lama pake dana buat transaksi apa uang tinggal g k aja nya colong pdhl biasa aq gunain buat bayar jd g percaya kl bagus up uang ngeri,Netral
akun dana cicil tidak di guna,Netral
suka ngeleg alas,Positif
skrang dana sering eror susah masuk padahal apdet tlong di baik donk,Negatif
suka leket,Positif
knpa nggak dana cicil,Netral
lama pakai dana beberapa kali kendala transaksi misal transfer bank uang belum masuk tapi uang potong baru banget hari uang tiba tiba kurang padahal tidak laku transaksi apa riwayat transaksi tidak terang malam cek sama tiba tiba siang uang kurang bagaimana yaa solusi sangat kecewa rusak percaya,Negatif
aplikasi sering ganggu y memang d blokir internet lancarr transaksi tidak buruk sekali sekarang,Positif
belum apa apa lu minta rating kerja dulu muas baru gua kasih lu bintang,Netral
uang ku hilang terus bagaimana itu jadi,Negatif
tidak masuk beranda pdhal kouta full jaring bagus,Positif
aplikasi gampang bobol,Netral
cepat,Positif
pertama kali download tapi tidak daftar buat akun baru,Netral
dana tidak di download woyyy,Netral
kok dana tidak koneksi internet mulu padahal data sinyal bagus pula wifi,Positif
buruk tiba akun dana koneksi internet hilang suruh masuk balek padahal kartu hilang uang baru isi dah gsk ngapain muncul koneksi internetmu putus,Negatif
akhir aplikasi dana makin lambat bukan mak in hari kualitas pelayananya tidak bagus,Netral
bagus,Positif
aplikasi dana sekarang eror terus yah,Netral
belum kasih bintang kendala belum selesai tapi mudah mudah depan lebih baik,Netral
bagus,Positif
dana cicil tidak muncul,Netral
min mo nanya pas buka aplikasi dana baca dana henti,Netral
untuk pihak dana mau riset pin kok tidak ya moga cepat baik,Positif
tidak bantu aplikasi dana pindah akun dana pre ke nomor lain nomor lama tidak aktif tetep sulit pihak dana padahal ktp punya verifikasi tetep sulit bantu saya pihak dana jangan kecewa guna aplikasi dana,Positif
koneksi stabil lancar tiba tiba koneksi putus guna aplikasi mohon baik,Positif
buruk aplikasi dana pakai hmpir tahun saya alami masalah mana saya pencet satu fitur atau fitur nya sering jadi rusak lag lalu forclose keluar sendiri aplikasi dana saya harap saya beri ulas ini tlong baik lebih lanjut,Negatif
ko saya gabisa buka padahal jaring bagus memori ada tapi pas masuk aplikasi dana malah ngetak logo dana terus tiba kluar gabisa masuk di jawab min,Positif
lunas tagih dana paylater kini tidak pakai limit seta lunas makin lama makin tidak jelas nih apknya,Netral
ram cukup masa masalah mental mulu sih mau masuk dana makin sini dana makin tidak kompeten sama pakai aplikasi dana developer tinjau keluh costumer dana,Negatif
lumayan,Netral
buat bayar bpjs uang kurang tapi tidak bayar masih tunggak layan tele tele ulur ulur waktu belum selasa urus pergi,Netral
lambat tidak kaya livin mandiri di baik resi transaksi kasih fitur download kalau pake bagi lambat banget responnya sering coba,Negatif
eror terus aja aja eror aplikasi paling payah,Netral
duitt hilang rb sedot balikin tidak,Negatif
limit dana cicil kunci lapor ana tidak mempeebaiki limit alhasil tidak di guna limit dana cicil,Netral
apl apa cok mau buka apl nya tapi kagak,Positif
buruk banget aplikasi ni gmpang dihack org da gtu slh krim dana no kurang angka bsa msuk dana dn tidak bsa kembali dichat pusat bantu gkda gunany,Negatif
buruk aplikasi eror terus tidak uang masuk akun dana dan tulis tidak jaring pdhl pk wifi internet full bgs,Negatif
knpa dana gabisa pakai transaksi apa,Netral
sangat buruk dana sekarang pakai dana tahun pas masuk tidak masuk padahal vervikasi muka di karnakan kode otp nmr nya tidak,Negatif
ni aplikasi kenapaa si mw ganti nomor pake nomor baru pas verivikasi muka malah tidak nali oon bngt sumpah padahal ktp muka jg muka,Netral
aplikasi buruk tidak verifikasi muka hp redmi a mp ai rear camera mp selfie camera aplikasi sangat buruk buruk tidak verifikasi muka dana vis tidak di offin matiin,Negatif
buruk mau masuk koneksi intermu putus pedahal koneksi stabil coba pake wifi sama aja kaya aplikasi abal abal aja gimana mau s s mau masuk aja internetmu putus ada serah kau aja tidak bakal pake ni e wallet,Negatif
kasih bintang dulu karena belum solusi kena masalah dana cicil kenapa tidak di guna saya mohon bantu nya kk,Negatif
aplikasi makin hari makin tak jelas lah baik masa mau transaksi jam jam jam kagak,Netral
ada rusak upgrade tapi kalau mau transfer harus upgrade terus tulis,Negatif
uang bolak balik hilang tidak tangung jawabx,Negatif
lama lama dana sekarang susah di buka biasa cepat baru tidak pake hari aja tidak di buka down load duluth benerin dong jangan lambat kayak orang bawa galon truk,Negatif
tiba tiba eror mana uang banyak,Netral
banyak potong tugas,Negatif
kacaw koneksi putus tidak di pake transaksi parahhh dana parahhh kecewa,Negatif
baik sekali,Netral
jaring tidak setabil maksud apa mungkin aplikasi nya aja tidak stabil hangus gin uang ku di ganti rugi,Negatif
tidak masuk selalu muncul koneksi internet putus padahal jaring normal sudah reinstall aplikasi,Netral
min kasi terang sebab kan apa kalau tidak transaksi utama alas aman,Positif
bayar telat dah bayar lunas limit langsung beku emosional pihak dana kan dah bayar bunga semua kecewa,Netral
sudah henti langgan bulan lalu tpi tetap potong alas tele jawab di jawab si ana ai tidak solusi padahal sudah nonaktif,Netral
hp sama kartu hilang uang hilang sangat tidak aman tanya ana malah bikin tambah pusing,Netral
propesional bagus,Positif
layan csnya buruk sekali,Negatif
lah gimana jaring terus putus padahal sinyal bagus,Positif
ya akun dana gabisa masuk koneksi gaada terus pdhal jaring stabil dong benerin,Netral
amanah,Positif
konyol,Netral
tidak masuk bulan lebih mohon riset divices,Netral
tiap udh instal tidak pakai cukup lama gabisa masuk halaman beranda cuma stuck putih putih doang di uninstall trus download tolong baik lah buang buang waktu kalau kek gin terus,Positif
min kartu sudah tidak aktif tapi pin ktp punya tapi paksa masuk otp,Positif
apalh dana salah jaring mulu padahal jaring bagus,Positif
buruk,Negatif
sangat buruk ferifikasi wajah kok minta kamera belakang,Netral
aplikasi gajelas tangan layan nya tidak sesuai estimasi di info tidak jelas,Positif
hampir bulan akhir aplikasi dana susah sekali buka kalau bisa buka perlu waktu amat sangat lama masuk,Negatif
lama make aplikasi dana sering pake transaksi tapi tidak fitur dana cicil nya,Netral
tidak maju dlm solusi maupun fitur lain,Netral
tidak buat masuk akun dana nomor sudah bener jaring lancar sudah coba beberapa kali hapus download hapus download tapi tetep aja tidak buat masuk akun sudah pas suruh buat masuk kan suruh buat ngisi nomor nah pas isi kok tidak masuk padahal kemaren dan dana bilang jaring masalah silah coba beberapa lagi dong di baik,Positif
sih dana tidak upgrade premium coba kali kali mala gagal,Negatif
tumben nih dana belum msk n tidak notif sama sekali pdhal kirim hasil apa y dana,Netral
sangat buruk pakai aplikasi uang selalu hilang tampa transaksi sendiri,Negatif
aman kurang muas aplikasi google ada konfirmasi dari guna dulu tidak langsung potong,Positif
aplikasi sering erorr,Netral
sangat sangat buruk aplikasi layan aju ganti nomor lalu telefon call center bukan cepat malah lambat kerja ulang kali konfirmasi sampai detik belum guna aplikasi dana nomor baru nomor tiket awal lapor kata call center hangus trus ganti nomor tiket lapor baru dapat tiket lapor baru suruh balas sedia premium di balas itu bukan segera di tindak lanjut,Negatif
ku tidak masuk akun ku koneksi putus nih,Netral
ni aplikasi dana ny gimana ny masak mau buka g selalu nyetak logo hapus baru buka pun kalau dh hpus ad jam g buka lagi nyetak di logo dong di baik soal dh capek hapus download aplikasi dana kalau g ad uang dh ganti aplikasi,Netral
dana rusak jaring putus padahal sinyal nya bagus,Netral
qris tidak di unduh malah masuk atur izin apl,Netral
baik,Netral
sekarang sering trouble rusak aktivitas riwayat kirim min padahal cocok pakai dana,Netral
uang dana goals tidak tarik,Netral
pake aplikasi lbh th makin kesini kali mau buka aplikasi selalu sendiri harus instal ulang kalau mai buka,Netral
aplikasi dana kok eror trus putus koneksi mulu pdahal sinyal wifii nya bagus,Positif
gimna cerita jaring aman tapi pas buka jaringanan rusak,Netral
bagamana sih laku pindah akun tp tetap tidak semua syarat laku ttp tidak suruh tunggu hari hari blum jg pindah akun sudah coba beberapa kali tetep ngk klw bgni trus kata mudah malah sulit aplikasi payah klw bgni trus guna aplikasi dana psti kurang,Positif
punya selalu stuck jadi selalu hapus instal hapus install jadi di benerin ya min,Netral
maaf emang g sia oppo orang ko sya g bisa guna nya,Netral
jangan baik,Netral
akhir akhir kalau buka aplikasi nya suka keluar sendiri,Positif
akun tiba tidak buka log in ulang malah stuck tidak masuk sama sekali,Netral
sering transaksi pke dana tp g mncul menu dana cicil nya kacau,Netral
sampah scam nomor hp premium minta otp padahal masukin pin sama verifikasi muka,Negatif
halo baik dana susah buka sendiri harus selalu unistal dulu,Negatif
maaf knpa yaa akun dan tidak buka tolong konfirmasi,Netral
aplikasi jual beli emas sekarang tidak di buka mana inves emas jadi tidak di ambil,Netral
akun dana tidak di bukak bos ku,Netral
nih aplikasi yah hasil bagus up muncul notif hasil bagus up pas cek aplikasi tidak tambah uang jaring bagus aplikasi bilang koneksi internet putus lahh download lagu sekaligus bisa kok trus gimana uang yang tidak masuk,Positif
lagi aplikasi kok tidak masuk padahal saldo ada loh ya baik cepat nyesal pakai aplikasi,Positif
aqalnya puas lama tahun sekarang sangat buruk ulah oknum alikasi kemarin akun kata yang pinjam dana pakai akun dan tugas bantu pulih akun tapi kenyat embat uang semua total uang lenyap,Positif
sistem nya kurang safety uang pernah hilang,Negatif
akun lama no nya hilang gimana cara buat pindahin uang masih akun lama,Negatif
tanggal bagus up dana bca orang tidak kenal tidak punya history nomor telepon ambil uang besar rp pindah bri tahu besok hari lapor pihak dana tetapi saat tidak tanggap juga selesai pihak dana mana saya sangat aktif guna dana aktifitas bang saat tapi jadi saya rasa dana tidak aman,Positif
aman aman ajha,Positif
woi dana apa dh ajg beli uang k jdi k ajg tidak jelas banget,Netral
bagus jadi makin mudah transaksi s yuhuuu,Positif
update malah tulis tidak koneksi internet di bawah nya hadehhh,Netral
uang ku ilang rbu ntah kmna kurang asem x dana,Netral
hasil laku upgrade premium tapi tetap tidak laku transaksi,Netral
dana sekarang makin lambat dana cicil sering tidak di pakai,Negatif
susah aplikasi lambat mbukanya,Negatif
belum puas,Positif
baru hari tidak transaksi dana mau cek listrik lain tidak,Netral
tidak cek aktivitas,Netral
buruk,Negatif
aplikasi nya suka eror,Positif
bagaimana dana masuk doang kadang kadang nggk di baik lah woiiii,Netral
buruk tidak fitur dana cicil nya pdhal pakai dana dari smpai sekarang tapi tidak fitur dana cicil nya,Negatif
koneksi tidak kedetect padahal internet,Netral
apl dana sangat bantu kita punya jasa ewallet cuma sangat sayang narik dana bisnis mintak verifikasi wajah trus tanggap verifikasi nya lama banget yang kek yang gendut baca nya verifikasi nya sering gagal rusak mulu,Negatif
aplikasi dana tidak transaksi kenapa sih ganggu terus donk benerin kaya mula,Netral
bagus,Positif
buruk sama dana kaka sya punya uang k tiba tiba hilang sja pdhl akun suda premium,Negatif
terkadang potong sendiri uang yng dana makanya kasih bintang,Netral
beberapa hari dana tidak laku transaksi,Netral
buruk banyak elor nya butuhin elor tidak jelas isi uang malah lambat buruk dana,Negatif
dana cicil tidak kasih,Netral
ranting nya kasih bintang satu sudah pasu nomor wa tapi malah proses lama hari mohon baik,Positif
ya aplikasi nya gabisa buka terus padahal hp bersih aja simpan gaada kendala hp jadi download ulang terus kalau mau buka di baik,Negatif
sumpah buruk banget sama aplikasi dana ada uang fitur dana goals rp lagi butuh uang niat mau tarik uang dana goals eh fiturnya tidak buka ana tidak atasin layan super buruk lambat sesal sekali simpan uang fitur dana goals aplikasi dana buruk mending pindah aplikasi ke aplikasi dana saya sangat kapok rasa tipu bener dikecewain buruk,Negatif
buruk sering eror tidak buka,Negatif
turut aplikasi buruk tidak satset sering ganggu ribet,Negatif
tidak guna ponselku di donload masuk nomor ponsel tidak bisa,Netral
customer service tidak relevan pakai ai terus kalau keluar cakap seluruh cakap langsung hilang tidak fitur history cakap,Negatif
kasih bintang sangat buruk karna limit dana cicil mlh turun baru tau kalau modalin julo julo kan aplikasi kaga jelas,Negatif
sangat kecewa,Negatif
bagus,Positif
tingkat aman,Positif
baguss,Positif
gimana uang kurang transaksi tidak tahu lapor lalu ana lapor malah tutup tidak ada konfirmasi apa masa uang hilang saja tanggung jawab,Negatif
dapat tagih otomatis tapi tidak pernah laku transaksi langgan beli apa aplikasi mana dana tiba uang hilang mau refund tidak minta bantu google tidak bantu tidak dapat riwayat transaksi akun customer service dana pakai bot mana paham bahasa manusia selesai masalah alami raib ribu gaada tuju transaksi uang kuliah saya raib tengah mungkin kembali,Negatif
isi uang tidak masuk padahal kirim lapor ana serta bukti transfer tidak lanjut buruk,Negatif
ganggu trus hadeuh,Netral
tidak buka aplikasi nya tiap mau daftar selalu gabisa karna jaring padahal jaring bagus bagus aja ya segera baik,Positif
dana tidak jelas dana cicil tidak di guna padahal limit nya utuh makin tidak jelas,Netral
sial bngt lah mau isi ulang diamond aja susah,Netral
tidak upgrade premium lama bulan tunggu,Netral
tidak buka,Netral
saya tidak milik dana instan,Netral
lumayn,Netral
kocak dana baru isi hari lalu malah ilang banyak,Netral
dana bangsad tidak amana masak isi uang tapi tidak masuk masuk padahal transaksi tempat bagus up transaksi hasil tapi tidak masuk uang dana tolong buat aplikasi amana moga buat guna aplikasi dana jangan perna simpan uang aplikasi dana karna sistem tidak aman,Positif
tidak bsa ngasih solusi saat kendala transaksi,Negatif
tidak masuk no tlfn tidak aktif ikut arah tetap tidak sudah dm instagram tidak tanggap bagaimana harus aju keluh siapa,Netral
dana cicil tidak aktif update juga tidak muncul notifikasi dana cicil,Netral
agak buruk sihh sudah dulu transaksi juga lancar banyak jutaa bulan tapi aja proggam dana cicil tidak muncul muncul,Netral
dana ribet sekali pake verifikasi wajah di masuk sandi mnta lgi kode otp baru tidak terima kode otp krn nomor hilang mohon bantu,Negatif
buruk sekarang akun bnyak hilang gara kartu nya hilang,Negatif
mau masuk akun dana yang lama kok susah banget yah pake kode otp kartu hilang gimana mau nerima kode otp nya klau gitu,Negatif
gimana cara dapetin kode otp kalau nomer nya susah hilang kak,Negatif
ayo lah rusak koneksi baik dlu terus aja gitu,Negatif
transaksi udh puluh juta tetap aja dana cicil tidak di buka,Netral
telah upgrade makin buruk aplikasi tidak di guna padahal jaring wifi baik gimana ni,Negatif
tidak menu dana cicil padahal lama guna dana,Netral
tidak lihat riwayat transaksi bulan belakang,Netral
sangat buruk dengat sikap tanggung jawab pihak dana lambat respond rugi nasabah nya,Negatif
payah,Netral
sekarang dana aplikasi bikin buruk,Negatif
dana cicil ngakak di buka pdhl update,Netral
baik koneksi hilang padahal jaring bagus,Netral
tranfer malam kok gagal,Netral
buruk tidak dana cicil nya,Negatif
tidak isi uang k atm,Netral
sangat kecewa aktifasi dana cicil ngk aktif aktif jawab tele tele ngk jelas,Netral
maaf sekali mau tanya dana eror koneksi internet putus pdahal sinyal bagus kenceng tpi klok masuk hp lain klok hp prib koneksi selalu putus gmna ya ini,Positif
ana layan tidak yang bantu masuk akun dana lama guna perangkat baru,Positif
di saya tidak buka fitur aplikasi mohon d baik,Netral
pakai dana makin kesini makin tidak jelas layan nya layan nya buruk,Negatif
layan nya gaguna,Netral
fitur aman lemah percuma extra protexy uang uang hilang tidak kembali,Netral
susah sekali hapus akun mudah sekali ganti pin jadi sangat mudah siapa ganti nya,Netral
minta bantu costumer dana bukan nya ngebantu malah tambah pusing masalah apa ngelabalas apa,Negatif
aplikasi gajelas uang tiba tiba potong layan bot buruk,Negatif
investasi emas dana kenapa sekarang masalah emas tidak jual kembali uang investasi emas di dana sangat tidak aman,Netral
fitur dana cicil tapi tidak guna hampir hari transaksi guna aplikasi kasih bintang aja karna saya buruk,Negatif
tidak ke buka sih dana pdhl udh tidak minta otp,Netral
oke,Positif
sinyal bagus masa eror trus padahal mau bayar tagih loh kalau trus eror dana cicil tidak bayar,Positif
lain menu dana cicil punya ada,Netral
pindah akun no lama tidak aktif sulit terus jadi tidak suka dana padahal data diri dokumen mending e walet aja lah aplikasi mudah guna nya,Positif
pake dana hampir thn lebih transaksi selalu rutin tapi tidak cicil sedang kan teman tidak transaksi sekali muncul dana cicil aplikasi aneh jadi nyesel pake dana,Netral
aplikasi bocor data bocor uang awas kalian jangan download,Netral
minimal kode otp email nya langsung lihat notifikasi bolak balik aplikasi email dana alhasil aplikasi dana muat ulang ke reset sayang susah masuk terlalu tele tele paling jengkel sama aplikasi guna otp lewat email tapi email kode otp di ikan tidak di baca lewat notif,Negatif
belum dapat hadiah uang game merge fish padahal hari sudah masuk dana,Netral
buruk dana cicil sudah lunas tiga bulan lalu limit ber tambah transaksi trs trs san tapi mau pake dana cicil tidak di guna padahal limit ribu nanya masalah ny apa tidak jelas,Negatif
tidak kirim uang aplikasi beku buat lapor sampi lapor tutup belum kapan kirim uang kalau butuh uang terus kirim uang lewat apa tiap mau kirim muncul chat dana terus tiap tanya terus muncul,Negatif
tidak jelas ni dana eror terus,Netral
kapan dana cicil ada malah janji melulu kalau tidak niat mau ngadi dana cicil jngn janji kan aplikasi tipu lama pakai dana,Negatif
pernah hilang uang akun dana alas kurang jelas jd tidak pernah simpen duit dengan jumlah banyak sin,Negatif
dana plis bngt hapus rusak stuck loading pas cek emas riwayat transaksi ganggu banget para guna dana segera baik,Negatif
koneksi internet putus loh gimana solusi,Netral
banyak fitur otak pake,Netral
jangan download aplikasi kalau tidak mau uang kalian ilang tahun tidak masuk karena no hp hilang tidak aktf mana ada uang nya jt aplikasi sampah,Negatif
sya ksih bintang mnurut sya aplikasi bgus cuma dana sya beberapa hari tidak buka yah donk kak baik biar kmbali sperti smula lgi,Netral
banyak kendala sering eror jaring lancar malah eror terus aplikasi aneh bngt tidak jelas,Netral
kok tidak logo tulis dana instan aplikasi ku,Positif
makin kesini makin buruk banyak iklan tidak mutu bayar pakai barcode jg tidak selalu notif qr kurang jelas yuk edit gambar dulu updat masih sama aplikasi sampah jadi ogah isi uang banyak dana,Negatif
semenjak update jaring tidak setabil padahal sinyal sangat kuat tapi masalah terus tingkat kan,Negatif
aneh ni dana apknya tidak buka mentok logo doang udh minggu tidak dibukaa oyyy baik lagi,Positif
anjirrr aahhh malah tidak buka ada tulis koneksi trputus padahal internet bagus minnn buruk banget ahhh,Netral
buka aplikasi dana tidak masuk aplikasi beberapa hari selalu ngebug ikon tampil awal aplikasi dana baik,Negatif
app lintah ada uang kurang ribu tiba hilang jngan download app tidak amanaah,Netral
aplikasi sering update ikut tapi malah masuk tidak padahal sinyal bagus kok aneh,Positif
punya dana bisnis nyata terima bayar qris proses cair jam tidak kepake mah kalau buat dagang modal pas an,Netral
tidak transfer,Netral
dana tidak masuk,Netral
aplikasi busuk,Netral
uang e mas jual dana tidak isi uang tambah dari e mas sebut jika gagal uang e mas nyata tidak kembali hingga hari,Negatif
dana cicil tibatiba tidak guna padahal semua tagih di lunas hapus akun lebih baik alih seabank ovo allobank lebih janji banyak akun bobol curi,Netral
buruk buruk hp kan ilang terus minta bantu layan dana masa di suruh bayar rb buat upgrade premium dana kan premium,Negatif
ganggu,Netral
lambat nunggu dl buat transfer bank,Negatif
dong dana masa kalau pakai wifi koneksi putus pakai data seluler berapa hari gin trus,Netral
akun kenapa tidak di buka tulis root,Netral
bagus,Positif
dana sekrng jdi susah masuk ulang kali uninstall baru masuk kacau,Negatif
habis update mala g di buka gmn,Netral
cukup baik,Netral
keca maslaah mau buka dana langsung keluar sendiri ngak masuk hapus aplikasi dana download baru nanti hari eror,Netral
suka pakai dana tidak ribet tari transfer saja pernah tipu janji pinjam dana bagus up nyata tidak pinjam makanya saya tidak mau tipu pinjam hp lebih baik bank langsung,Positif
ribet premium,Netral
bagus,Positif
apl sering tidak di buka sekarang padahal dulu selalu lancar,Positif
buruk banget sama dana layan tidak komunikatif sama sekali tidak kasih solusi suruh nunggu antre lama banget sampe kali kirim jelas bukti kali pas antre selesai lha kok bilang gaada jawab sampe menit habis tinggal tidak jawab sama sekali duh yaallah ngelus dada banget,Netral
jujur sngat kcwa dngan aplikasi sekarang masuk aplikasi susah selalu masalah sangat sangat kecewa entah lah pusing untuk jelas nya kalian guna aplikasi iini mrsakan sama saya,Negatif
bagus,Positif
makin hari makin buruk lemo,Negatif
kenapa jadi sering susah masuk yaa aplikasi buruk bangett dowload verifikasi lagi bosen jadi,Negatif
eror mulu makin hari makin tidak jelas ni dana,Netral
buruk nyesel pake dana sudah ngajuin dana cicil tapi tidak muncul muncul kata nunggu hari sudah hari malah tidak juga transaksi tiap hari bulan sampe juta keluar buruk banget sama dana,Negatif
dana nyerot uang padahal ngerasa tidak pake aplikasi maxtohub kenapa hari uang serot dana buruk tidak nyimpen banyak hati buat pake dana,Negatif
ya pihak dana grafik emas sama kan real time aplikasi nya karna grafik tidak sama jadi tidak dapat kan profit harus nya bisa profit naik emas kenapa turun baru sama kan ya sekali,Netral
ko dana tidak di buka cuma nongol logo nya aja terus sendiri,Netral
dana ke otong sendiri mohon kembali tidak laku transaksi,Netral
knpa habis baharu tidak bsa msuk kh,Netral
aplikasi tidak bantu,Positif
sudah instal aplikasi nya tapi kooo tidak masuk yahhhh kenapa,Netral
hp belum hilang saya ganti nomor baru aktif teenyata tidak dipake ktp guna minta solusi lewat ana malah muter jawab email tidak tanggap minggu lebih telpon tidak dalam antri uang tidak dipake qris isi token isi pulsa juga gabisa premium gilir mau upgrade premium tidak karena ktp guna mau nyolong apa gimana tidak ada solusi,Positif
aplikasi sangad lambat,Negatif
awal make msh aman di aktifin walaupun belum premium premium malah tidak di buka udh copot pasang ulang tetep tidak buka masalah dmn,Netral
ko mau buka riwayat tidak aplikasi sedang knpa lambat,Negatif
kena kalau buka dana sering bslik mulu boss,Netral
ini sedang alami kendala uang di transfer aplikasi dana tgl february skrg tidak masuk aplikasi dana dan tidak jelas cara tuk bantu sya,Negatif
tak jadi premium,Netral
makin buruk tiap ganti jaring wi fi rusak kalau hapus aja ni aplikasi playstore banyak buruk,Negatif
mau buka selalu stak logo baru masuk trus keluar sendiri di baik,Netral
tolol malah tidak ngenalin wajah guna,Negatif
gagal mulu daftar dana bisnis jd males pake aplikasi,Negatif
mau reset pin baru ngak,Netral
danda tidak buat,Netral
bagus,Positif
nyesek banget duit buat munggahan ilang semua chat customer service nya tidak jelas tidak ikhlas bener,Netral
misal beli emas satu juta langsung hilang potong ribu tidak pemberitahuan konfirmasi hilang potong belum tulis jelas atur main saat beli nominal ratus ribu tidak hilang potong saat nominal sekian juta hilang potong,Negatif
bagus mudah sekali,Positif
apa masalah ni sinyal tidak masuk ni bidoh,Negatif
dana ku sllu tidak buka instal baru di buka masak tiap hari instal,Netral
buruk aplikasi dana sekarang mau buka sekarang tidak harus apus baru lgi,Negatif
aplikasi nya bagus cuma dana sempat hilang beberapa kali,Netral
kemarin tidak susah buka apl nya bulan terharakhir klww buka apl uinstal baru instal tolong baik min,Negatif
nomor call center nya susah sekali hubung minta tunggu tapi tidak hubung pulsa tetap potong via chat sama buruk layan nya tiba leave chat beri terang beri nomor lapor tanpa estimasi berapa lama keluh bisa proses lebih lanjut lapor via akun ig dana id serta nomor lapor tidak tanggap,Negatif
buruk buruk buruk,Negatif
aktif fitur dana cicil padahal limit sedia di smartpay ko limit nol jelas salah teknis tetap tidak aktif dana cicil memang telat bayar bayar semua tagih loh ikut bunga kan salah aplikasi tulis nya nyata bisa guna fitur telah bayar tagih nyata akun massal alami bukan di akun saya maka itu smpaikan saya rasa rugi emosional,Negatif
dana kok tiba tiba tidak hubung apa nie pakai dana thun tiba tiba tidak hubung padahal jaring wifi bagus tolong baik kasih bintang dulu kalau hubung sudah normal baru kasih bintang terimakasih,Positif
mau masuk tak aplikasi nya terlalu jelak,Netral
sering eror,Netral
wifi kenceng jaring full bae internet putus di cobain semua cara aja lawak,Netral
mantabbb,Netral
lumayan lah,Netral
sangat puas,Positif
kok skrang susah yah buat buka aplikasi ny kadang suka apus dlu trus download lgi buat ngbuka aplikasi,Positif
lupa pin mereset pin nomor lama yang daftar dana ilang pinta kode yaa tidak terima nya kartu sudah ilang tidak aktif sayang dana masih adaa saldo tapi yaa minta bantu tapi tidak adaa solusi sangat curangin sama aprikasi dana saya tidak mau ingin mendownload dana terimakasih,Netral
gooddd,Positif
aplikasi sampah masa masuk tiap mau masuk mana sistem gampang eror pulantuh nik password bener padahal,Negatif
nih aplikasi tidak jelas yah mikir deh kalau klian mw download masa upgrade ajh nunggu hari mana duit udh msuk pas dsruh upgrade mw transfer udh upgrade malah nunggu hari heyy aplikasi lbh baik dri bnyak tidak seribet,Netral
uang hilang jt dana tampa pertanggungjawaban pihak dana jadi rasa buruk pakai aplikasi uang tidak kembali persen,Negatif
update malah tidak dipake padahal merek android versi lain bisa storage ada gb hapus cache hapus data tidak mempan alhasil hapus aplikasi download ulang nyata malah kena ingat data baru perangkat rupa tunjuk aplikasi mungkin henti fungsi perangkat,Netral
jaring bagus mlh g masuk akun dana jaring koneksi putus terus aneh gagal masuk akun dana terus buruk dana skrng,Negatif
banyak ganguan,Netral
gimna si saya hapus akun dana nomor nya susah tidak aktif tapi kalau mau hapus kirim kode otp jelas nomor tidak aktif gimana mau dapet kode otp nya ngajuin email tidak balas balas,Negatif
sangat cepat bagus transaksi bre,Positif
dana sya tidak buka jaring tidak stabil pdhl ganti pake data sama ajah baik,Netral
dasar aplikasi payahh jagan mau nyimpen uang d app dana tidak aman udh x ilng ktnya pmbyran ytub pas d cek tidak jangan mauu mndi hpus aja,Positif
gx masuk weh pdahal sinyal bgus,Netral
ko buruk sekarang dana selalu kendala jaring putus padahal dah pake wifi mlh tidak masuk,Negatif
padahal dan ferivikasi wajah hasil tapi minta kode otp,Netral
gatau tadi abis isi uang tapi waktu mau ditf teman gabisa klik malah suruh upgrade ke dana premium padahal belum kan udh premium coba uninstall trus install tp malah gabisa diinstal gatau sampe sekarang uang nyantol aplikasi nya sekarang udh gabisa diinstal saran dong sedih pake banget,Netral
uang merchant tidak tambah padahal qris hasil lapor ana tapi tidak tanggap balikin uang balikin uang dana bisnis tukang nelep uang orang dosa elu tidak ikhlas,Netral
susah konek ny,Negatif
kecewaaaaa transfer bca tulis pending bjirr gimana dana,Negatif
pihak dana toko dong sya mau henti dri program dana program tidak manfaat apus dana sya,Positif
buruk jaring putus mulu tidak di pake saran ku jangan download app mending gopay seabank,Negatif
aplikasi gajelas tidak masuk aplikasi dana kata jaring nya tidak hubung padahal sudah pakai wifi kuota pribadi jaring lancar tapi di aplikasi nya bilang jaring tidak hubung coba dm instagram facebook tetap tidak responnya mau tarik uang gaji tunggu responnya,Positif
kenapa aplikasi tidak di guna ingin transfer aplikasi keluar sendiri,Netral
dana cicil tidak di pakai padahal di bayar lunas,Netral
halo dana saya tidak instal aplikasi dana,Netral
banyak tipu nya hati downloade nya,Negatif
gua kasih tau semua jangan pake dana duit lu ilang ganti nomer gakan urusin gabakal duit lu balik gua udh hari cuma suruh nunggu terus gada hasil ngulang terus chat awal nunggu gada selesai,Netral
woi kok tidak sih kenapa dah dana cepat baik,Positif
apknya kok tambah jlek kadang kadang tidak nyesal pakek aplikasi dana kslau kalau kayak gin,Positif
aplikasi gajelas udh verif gabisa mau apa,Netral
loading nya lama banget segera baik,Netral
woi pihak dana kenapa tidak di update padahal baru aja bagus up malah tidak dan entar ending nya uang nya habis,Positif
aman aplikasi bener bener cacat uang tersesot kali kali nominal besar minta kembali dana tapi tidak dapat feedback bagus lebih baik guna aplikasi transaksi digital belum kalian sesal,Positif
sudh diintl beberapakali aja aplikasi gagal terinstal mna uang ada aplikasi mending pkai mbanking aja aplikasi nyusahin,Negatif
apa sebab kode qr tidak di scan orang,Netral
aplikasi jadi kecewa lama pakai lebih tahun uang tiba hilang anggap sah pihak dana aju keluh tapi tidak selesai kalau memang sistem aman baik masih banyak kasus bobol sudah buruk aplikasi,Negatif
min baik bagi fitur dana cicil kalau fitur dana cicil munculin jangan hapus karna fitur dana cicil sangat bantu terimakasih bintang dulu fitur dana cicil lagi bisa di guna via ana tidak bantu tidak kontribusi,Positif
upgrade dana premium,Netral
suda hari kirim gagal uwang belum saja pihak dana mala diam tidak mau ngurusin kecwa,Negatif
dana makin lama makin tidak jelas update trs terang trs lambat padahal jaring udh bagus donk baik agar lebih cepat proses transfer nya,Positif
tidak rekomendasi bangettt duit gua suka ilang aplikasi gajelas dri mna pdhal kan kalau misal langgan gitu hrus masuk pin veriv gda samsek tiba tiba ambil gitu aja mana uang tabung gajelas nih aplikasi,Positif
jangan pakek kode otp susah masuk gara kartu hilang mati kami tidak terima kode otp sekian trimakasih kasih,Negatif
transaksi hasil tapi uang dana tidak masuk transfer banking mobile dana tapi uang dana tidak masuk uang banking mobile kurang buruk,Negatif
ngk di hqpus,Netral
kok aplikasi dana tiba rusak tidak di buka data tidak muncul,Netral
uang hilang,Negatif
banyak bloat size app lendung bangettt bikin versi lite apa kek cuma fitur basic,Netral
banget mah minimal kalau mau potong uang langgan minta verifikasi dulu jangan langsung potong,Netral
aplikasi burik pas pake wifi masuk dana malah tulis koneksi internet mu putus nih padahal sinyal wifi lancar jadi tidak make dana gara gara aplikasi nya burik pake wifi tidak,Positif
rumit nomor hilang ganti nomor baru sulit,Negatif
uang suka ilang sendiri,Positif
akun di tangguk tapi pihak dana tidak bantu sangat buruk,Netral
knpa ak tidak daftar dana,Netral
nomor tidak masuk nomor bisa,Netral
susah buka gajelas,Negatif
castemer sangat buruk,Negatif
asik ngebug ja verifikasi wajah nya,Negatif
buruk mau ganti nomor ngestak,Negatif
susah d buka akun dana nya,Negatif
banyak guna fitur dana cicil punya tidak sama sekali kata sering laku transaksi padahal selalu laku transaksi lewat dana sering malah bilang hari tapi tidak sudah update sudah live chat tapi sama aja hasil zonk jawab tetep suruh laku transaksi padahal ada dana cicil bisa buat dana darurat malah aplikasi nya kayak gin buruk banget saya,Negatif
aplikasi tidak jelas transfer uang rek bca x jam belum masuk padahal dana notif sukses,Netral
buka riwayat transaksi selalu lemotttt buruk,Negatif
tidak di akses,Netral
sangat bantu lancar tari uang rekening luar biasa,Positif
limit dana cicil hilang padahal tidak punya tagih,Negatif
mhu masuk akun keluar sendiri,Netral
tidak rubah nama dana bisnis,Netral
aman dana perlu tanya uang loh tiba tiba hilang k masuk transaksi tidak laku pas hubungin layan nya tele tele banget malah tidak nemu jalan keluar nya walaupun bukan nominal besar tpi jadi tau aman nyata,Netral
halo dana mau nanya kait keluh ku alami pertama aju ubah nama dana bisnis chat bot kata akan langsung lama hari tapi detik tidak tindak lanjut pihak dua ingin tanya akhir server kalian sedang alami maintenance ingin tarik uang akun dana bisnis selalu tanggap nya lambat lihat jaring aman bagaimana lanjut nya,Netral
isi ulang kena potong palak wkwkwwk,Netral
tadi beli data gb tapi masuk cuman gb terus gua nanya layan nya kata sya komplen pihak kartu masalah sya beli sini yang sini beri jelas kalau memang cuman gb cantum kan gb jngan taro gb baru harga nya tidak ngotak aplikasi scam,Negatif
dana sekarang buruk tiba tiba koneksi putus padahal jaring internet stabil aja mana saldo ada aplikasi di baik sistem dong,Negatif
kok dana ku nggk buka selalu ad tulis sedang tidak ad sinyal padahal posisi sinyl ny full wahhhhh kayak nya buruk aplikasi tolong dong di baik lebih aman kalau kayak gin gimn mau guna nya,Positif
dana hilang,Negatif
ribet bat mau transfer aja upgrade tidak jadi satu aja si gitu nunggu hari gila kali,Netral
hati hati pakai aplikasi ketika no mati hilang dana tidak di bukan padahal uang juta tapi tidak masuk no hilang mati,Negatif
ngak masuk cuma logo doang mana uang gua banyak,Netral
buruk banget nomer tidak aktif ada uang gaisa buka hubung layan percuma,Negatif
selalu jaring putus padahal internetnya bagus sampek w hapus aplikasi,Positif
kok gampang lambat makin berat apknya smpek hris cpot pasang apknya,Netral
luar biasa,Netral
aplikasi sampah tidak guna sama sekali chat akun ana tidak bantu sama sekali ngasih solusi tidak sesuai kendala aneh,Netral
knpa sering kali susah buka aplikasi nya sllu sistem dana mati nya,Negatif
sllu mau minta kode otp kan nmor nya enggk aktif lgi kalau masuk aja pakai wajah masuk pakai wajah trus minta lgi kodee otp buruk akun dana ketok ajing,Netral
pakai dana sekian lama baru kali tidak masuk padahal belum baik baik makin buruk aplikasi nya,Negatif
aman,Positif
aplikasi buruk sekali tanggap sangat tele tele tidak beri solusi permaslahan aplikasi,Negatif
moga makin tingkat aplikasi apabila jadi salah kirim tipu biasa jadi uang dana pribadi pakai pihak buat transaksi,Negatif
aplikasi gajelas sinyal lancar malah tulis koneksi internet putus,Positif
mau bayar malah tulis tipu padahal masukin pin sendiri heran susah mau beli jadi,Negatif
mantf,Netral
transaksi gagal terus,Negatif
susah pengin kirim uang apa transfer teman ap bang tidak buka sulit buruk aplikasi dana dulu mudah sekarang tidak apa,Negatif
buruk inih sekarang susah buka di hapus dulu lalu instal baru di buka dulu bagus sekarang buruk jadi males pake aplikasi inih,Negatif
ko dana gabisa masuk padahal sinyal bagus buka aplikasi apa kecuali dana,Positif
kenapa dana bermasalh terus,Netral
ngeleg tidak buka buka tolol,Negatif
sih aplikasi sekrng sering nge rusak gin buka aplikasi selalu keluar sendiri chat via ig tidak tanggap kalau hubung ana siapa kan masuk aplikasi dulu nah kan keluh tidak masuk aplikasi sering keluar sendiri terus ngadu tapi alam kalau dana layan nya lambat tidak bantu sama sekali tidak kayak aplikasi belah kalau keluh customer langsung tanggap,Netral
uang dana hilang sekarang belum kembali kirim lazada tau kembali uang saya,Negatif
makin buruk aja nih aplikasi masa hampir hari hapus trus download lg biar buka aplikasi nya,Negatif
lambat kalau buka aplikasi nya perbaikin punya gabisa buka lambat pas masuk aplikasi nya,Negatif
lumayan,Netral
udh tidak buka aplikasi lg,Netral
dana tidak jls jaring bagus koneksi putus,Positif
tidak di buka,Netral
koneksi putus mulu padahal jaring bagus,Positif
muncul dana cicil akun,Netral
tong pihak dana sudah pakai dana tahun baru x tidak masuk karna pasuk kode otp d kirim nomor hp nmor hp y hilap tiada lah kode otp haru cukup pakai pin verivikasi wajah uang jebak dana sekarang tidak masuk lah bantu,Netral
sering rusak mohon baik,Negatif
bnyk problem,Netral
pake akun dana sekarang ngeri kemarin akun dana punya istri bobol uang ilang untung cuma rb mulay sekarang jangan simpan uang di dana,Netral
buruk,Negatif
aplikasi dana tidak percaya sangat buruk banget telah saya verifikasi ganti nomer saldo hilang tidak di kembali,Negatif
dana sekarang buruk lapor chat ana gmail bahkan tlp cal center habis pulsa banyak sudah hari belum proses sekarang akun masih beku,Negatif
tiba tidak pake dana cicil aneh sekali aplikasi nya ngebug,Negatif
tidak buka pdhal baru install,Netral
aplikasi sering curi uang nasabah,Netral
sekarang erorrr jaring tidak stabil padahal signal bagus,Positif
bagus up uang tidak masuk padahal ada nontifnya dari pihak dana nya tidak tanggap selesai solusi tele tele tampa temu titik temu solusi,Positif
berapa hari rusak tidak bagus up tidak isi plsa krim uang tidak isi memang tidak berapa tapi kalau gin rugi kirain errornya cuman hari tau tau udahau hari rusak,Negatif
tahun pakai aplikasi tapi barusan buka selalu tulis koneksi putus buruk sekali,Negatif
tidak dana cicil,Netral
bayar enak tapi kendala dana cicil ngak muncul,Negatif
aplikasi apa buat masuk susah bngt gjls,Negatif
aplikasi sepele guna buat lapor pindah akun masuk nomor baru serta bukti milik lai lapor selesai tangan nomor baru beda nomor beri bikin lapor baru ganti nomor baru estimasi beri hari kerja tapi hari sudah hari kerja belum ada jelas kena aku jadi tidak nerima kode otp selalu tangan alasanya bener bener kecewa aplikasi tangan sangat lambat,Netral
aplikasi seringg erorr,Netral
rusak sering keluar sendiri,Negatif
bagus,Positif
sudah pakai dana hampir thun tidak kendala tapi sekarang mau transaksi guna dana jaring rusak trus padahal jaring lancar tapi sekarang tidak guna aplikasi dana stiap mau masuk aplikasi dana ada tulis koneksi internetmu putus padahal buka tiktok macam tidak lag,Netral
sering tidak koneksi padahal mah aplikasi dana doang masalah aplikasi bagus bagus aja lancar jaya aneh banget,Positif
apknya tidak di buka mental terus,Netral
buruk sekali sangat belat belit pdahl sangat butuh uang dalam dana terserbut tpi smpai sekarang tidak kasi jalan kluar saya ikut sesuai prosedur nya ttap gagal selalu gagal untun transfer akun,Negatif
tidak jelas bngtt tidak buka mau lihat uang masuk aja tidak ke buka wooyyy kaga bagus lo ah,Positif
buruk naik krl pake qris tap tap out tp uang udh potong lebih tidak balikin krl biasa potong rb potong rb sisa tidak balikin pas tap out kacau udh x jadi kaya bgni di aplikasi,Negatif
aplikasi tipu tiba uang hilang ada transaksi tidak jelas verifikasi pin buat kalian stop instal aplikasi apalagi isi uang kalau tidak mau jadi saya,Negatif
kan dulu pernah daftar dana tapi hp rusak udh lanjur bikin premium make ktp skrg mau bikin akun baru hp baru malah tidak gimana cara biar daftar,Negatif
dana cicil tidak di guna padahal tepat waktu bayar makanya uninstall aplikasi dana,Netral
halo buat tugas dana telah isi ulang uang malah masalah mau transfer keluarga jadi hambat,Negatif
apa sih sering update bukan tambah lancar malah jadi berat sering force close,Positif
guna baru kok dana cicil guna lama tidak anggap,Positif
dana payah mau lapor kait nomor hp yang hilang mau masuk akun saya tidak saya dm via instagram tidak tanggap trus mau adu gmna dah hadeh ngurus costamer masa kaya gin costamer padahal ewalet besar ka mudah jangan di sulit ka,Netral
elor trus gimana sistem elor kalau d buka d baik sistem ny terima kasih,Netral
tiba kok dacil tidak sedia,Positif
kalau mau beli pulsa selalu eror dana,Netral
dana dah curi sama aplikasi sudah hari tidak kunjung kirim ni aplikasi bodoh,Netral
kenapa tanda koneksi putus padahal nyambung internet mau ngirim mana ribet sekarang ada aja rusak nya,Negatif
dana tidak percaya masak uang tel saja tidak kembali,Netral
aplikasi skarang tidak di akses,Netral
tidak notif dana cicil,Netral
sayang talo masalah terlalu tele tele padahal kalau konsumen lapor harus cepat atas masalah konsumen arti sedang butuh solusi jangan lama konsumen banyak meng uninstall aplikasi,Negatif
aplikasi dana tidak masuk notif internet putus padahal jaring lancar hari kemarin kebitu pihak mana bisa hubung klu begini,Positif
tidak buka,Netral
dana cicil belum sedia padahal sering transaksi,Netral
makin buruk aplikasi dana,Negatif
sering rusak,Negatif
pernah guna dana cicil kemudian lunas nya jatuh tempo bikin kaget meski terang lunas tapi tetap muncul tanda seru merah pas mau aju kredit bank malah baca belum lunas dana cicil ku akhir bunga nya bengkak sumpah nyesel pake aplikasi dana jebak cukup jadi ajar yang lain hati aja lah pinjam lunas tapi nama rusak,Netral
kenapa sih dana kok jadi gin buat transaksi gagal terus kendala terus dong lebih perhati dari kemarin eror mulu asa,Negatif
makin lama makin kikir beli kouta aplikasi,Netral
makin tidak jelas hari download dlu baru di buka,Netral
masa iya tidak kirim uang sendiri sih aplikasi terus terus rusak,Negatif
ya jngn rugi guna dana kalau salah transfer nomer sudah tidak aktif tidak guna harus refun jngn uang hilang bgtu aja tidak aman banget di baik aplikasi dana kalau nomer tidak aktif pending aja jngn transaksi hasil,Negatif
sistem aman baik banyak guna applikasi hilang rasa rugi hilang uang saldo kuras habis sistem aman di appl dana tidak percaya sistem aman baik teimakasih,Negatif
dana buines hilang toko tidak daftar bahkan kosong uang hilang cukup buruk tanggap tidak jelas robot bls kembali uang hilang,Negatif
nice,Netral
danacicil lama nunggu tidak aktif fiktur maaf,Netral
kurang untuk alpret tari,Netral
uang sya malah ilang pedahal buat bekel d rumah sakit sya buruk banget sama aplikasi tiba tiba uang sya ilang gitu ajaaaa entah boa ihhh alloh,Negatif
dana cicil bangkrut limit tidak di guna,Netral
gimana qris tidak di cetak,Netral
kpda yng bikin apliksi dna knpa tiba dana nyh tidak buka trus pdahall saldoo nya lumayan gede,Netral
akun lama hubung nomor baru,Netral
sungguh hebat akun dana tarik bisa kirim hebat sekali luar biasa sekali bagus,Positif
dana cicil ku tidak keluar padahal sering transaksi pakai dana,Netral
akhir susah bnget masuk slalu notif dana tutup masa unistal trs dnload baru masuk bikin ribet kalau urgent,Negatif
banyak rusak baik segera,Negatif
lambat lambat buka,Negatif
bagus,Positif
sangat suka aplikasi tapi sekarang aplikasi nya selalu masalah nya masak buka aplikasi nya selalu keluar sendiri aplikasi dana nya dong baik saya sangat suka aplikasi nya lo,Netral
haloo dana akun dana belum guna dana cicil padahal smua ny sudah lengkap mohon bantuuu,Netral
terima kasih,Netral
layan nya buruk,Negatif
pdhl mau kirim eh ganggu,Netral
siap bayar lunas dana cicil trus tidak pakek buruk buruk macem tidak di bayar aja,Negatif
buruk,Negatif
sering mental,Netral
susah masuk org mau masuk pake no wa biasa eh malah arahin wa bisnis kapala bapak lh pulak ngatur ngatur awk,Negatif
hati hati buat guna aplikasi soal nya kali sya colong uang tidak notif,Netral
buruk sekali tidak muncul fitur dana cicil,Negatif
tiba dana tidak buka internet putus di instal blik ttp aq sama padahal wifi lancar pdahal uang dalam,Positif
nomer hilang dana belum premium trs pas mau masuk pasu kode otp nomer sudah tidak aktif bagai mana dapat kode otp di mudah bgi akun belum premium,Positif
dana cicil ku tidak muncul muncul pdhl udh sering bagus up transaksi premium,Positif
uang hilang saja ada ferivikasi transakai milik akun,Negatif
tidak dana cicil menu dana susah aktivasinya,Negatif
benah uang di dana tiba kurang padah tidak transaksi sama sekali,Netral
kasi bintang dlu akun tidak muncul dana cicil dana paylater dana instan padahal saya premium sejak lama selalu laku dana transaksi,Netral
dana cicil tidak di guna,Netral
males ah tidak dana cicil nya,Netral
knpa dana cicil di lunas tidak di pakai yaa pada bayar tdak jawabna apa ana udh mau bulan tidak pake knpa tiba tidak di pakai,Netral
akun dana tiga hari tidak di buka tanggap nya lambat tidak di guna eror ada kendala nya,Negatif
gabisa masuk sama sekali tulis jaring rusak terus padahal paket wifi halaman non masuk apa coba gajelas ni dana gabisa masuk samsek,Netral
jangan pakai aplikasi rusak tahun tahun pakai aplikasi tapi ini sudah tidak masuk,Negatif
aplikasi akan paksa bayar asuransi tidak kamu tuju,Netral
min selalu upgrade premiun sudh hari tidak kelar kelar pdhal hasil tidak kirim uang selalu upgrade,Netral
sangat buruk padahal dulu dana cicil guna padahal sangat bantu saat habis paket guna ehhh malah sekarang dana cicil tidak bisa di guna dan tidak jelas mohon di aktif dana cicil,Netral
ribet,Netral
bagaimna ino tidak masuk aplikasi koneksi putus terus padahal sinyal internet bagus,Positif
kasih bintang dulu transaksi puluh juta tapi fitur dana instan dana cicil bom sangat kecewaa baik kalau semua sudah bener saya kasih bintang,Negatif
tidak fitur cicil,Netral
aplikasi dana makin tele makin hari,Netral
hy kaka dana tidak buka tolong di jelas,Netral
aplikasi banyak rusak dana cicil cuma limit ratus ribu rupiah aja tahun lebih mau pakai aja tidak padahal tidak punya tagih transaksi juta lebih,Negatif
sampah,Negatif
biaya mahal kalah saing,Negatif
bener ngeselin akun,Netral
lambat nya tanggap tangan buat buruk aplikasi,Negatif
ni apl makin sini makin rusak sriing masalah chat malah bikin emosi gd solusi sbln lbih tidak lanjut mlah nnya yang prlu bantu lg mslh satu aja g beres cuma bikin emosi apl rusak rusakkjkkjk,Negatif
bagus,Positif
terlalu lama buka makan waktu tunggu,Netral
aplikasi apligator curi uang nasabah laku bayar otomatis tahu milik akun itu curi ini aplikasi curi uang nasabah makan uang haram orang,Netral
masuk nya lama dong d baik biar gx lambat kalau mo masuk makin lama makin buruk gx masuk mau jm d tungguin gx masuk bikin emosi,Negatif
koh dana koh tidak kirim pulsa makasih skrng,Netral
dana cicil tidak muncul,Netral
tidakk buka aplikasi dana hy mohon di bantu,Netral
ngeri bngt pake dana uang tiba ilang buat transaksi pulsa mana tidak kenal no ngambill sma sekali tidak aman pke aplikasi bisa gitu yah kirain bakal aman pke aplikasi nyata emnga,Positif
makin kesini dana jadi tambah buruk loading nya tidak jelas sekarang,Negatif
woi dana lgi ngapa si pas mau masuk susaj banget,Netral
ribet pindah akun sulit,Netral
aplikaasi dana tidak ko eks internet padahal pake wifi loh aneh banget mau paker transaksi aja tidak ini malah keluar sendiri,Netral
aplikasi maling,Negatif
ini dana tidak di buka jaring putus woyy dana,Netral
banyak masalah tidak masuk padahal saya coba x keluar terus halaman utama harap baik kualitas lebih baik,Netral
tidak masuk,Netral
tipu kelap uang nomor sudah tidak aktiv,Negatif
di baik aplikasi dana ny,Netral
aplikasi nya di update mlah keluar sendiri,Netral
aplikasi kon t koruptor,Netral
signal wifi bagus tapi pakai buka dana tidak malah tulis hubung internet buka aplikasi lain normal tapi buka aplikasi tidak,Positif
lambat banget narik duit dana bisnis masa kudu nunggu jam an gila kali,Negatif
dong uang emas sudah hari tidak masuk,Netral
telah update malah keluar terus aplikasi,Netral
dana tidak di buka,Netral
sebal baru aja beli paket aon detail terulis aktif hingga hari pas beli cuma hari buruk gaes,Negatif
mau coba aplikasi dana hasil uang tambah,Netral
hatihti pke dana tiba tiba uang hilang pas liat notifnya dibayr padahal tidak bayr apa apa,Negatif
jual emas tapi uang nya tidak masuk hari tanggal januari sekarang februari uang hilang entah lapor ana tidak bantu sama sekali lapor lewat email tidak tanggap buruk pakai dana,Negatif
dana sekarang ribet,Netral
kok pake wifi rusak,Netral
gajelas jirr tau nomor hangus kukuh ferivikasi nomor hangus padahal masukin email pin sama ferivikasi wajah mas aja kaga masuk kali mau masuk dana aja harus beli kartu dulu registrasi kartu,Netral
makin lama makin tidak jelas aplikasi masa iya pakai aplikasi dana tahun lebih transaksi bulan atas juta belum dapet dana cicil gilaa ni aplikasi,Netral
ke pihak aplikasi dana ko akun tida masuk eror terus gmna sih padahal sinyal bagus,Positif
dana bisnis alami kendala proses buat saya lapor tapi ndak pernah selesai mohon bantu,Negatif
ganguan aja perbaikin bener,Netral
elor apa gimana abis upgret tidak bjsa buka,Netral
dana mulai tidak aman buat nyimpen uang hilang uang besar tidak lagi gimana sih dong buat aman nya lebih lindung,Netral
yah tiba aplikasi nya tidak buka ngestag trus intro padahal signal bagus memo tidak penuh tpi pas buka aplikasi nya susah masuk yah jam aja ngestag d intro d a,Netral
bgus,Netral
ko aplikasi dana tiap mau masuk tuh mental melulu masuk pun di hapus dulu lalu instal baru bsa masuk,Netral
bagus,Positif
jangan guna aplikasi kalau tidak uang kalian hilang sebab saya,Negatif
tidak buka padahal hasil masuk applikasi tari mahal biaya nya,Negatif
dana nya enda di buka di baik,Netral
sering ngebug,Negatif
kali kali copot pasang copot pasang tapi tetap tidak masuk terang oopps sedang kendala brp lama nih kendala padahal signal hp bagus masa gin teruss bln coba terus tetap tidak,Netral
aplikasi dana hari lalu ngak buka gara apa pdhal versi baru hapus cache cuma ngak mungkin hapus trus instal no dana nya ngak aktif dong solusi nya gimana mau transaksi ngak jadi trus karena aplikasi nya ngak mer spon terus,Netral
payahhh,Netral
sekarang aplikasi dana tidak bukan stak di logo dana buka dana sinyal lemah tidak masuk dana padahal sinyal normal buka aplikasi,Netral
data wifi sinyal lancar tapi pas masuk aplikasi nya koneksi putus terus aplikasi apa kaya gin kocak,Positif
gimana cerita akun gua sadap terus terus sama orang tugas dana nya tidak bantu kembali uang nya apis permanen akun sering sadap akun orang lahhh,Netral
fitr tida lengkap tida dana instan dana cicil,Netral
baik,Netral
tidak aman gaiss uang ilang sendiri suka ngebug uang semua ilang dana,Positif
kasih bintang rena akun dana verifikasi otp gimana nomor sudah tidak aktif,Positif
baik,Netral
sekian lama guna dana padahal transaksi aktif terus lama tahun belum dana cicil,Netral
aplikasi lau dah kaga nerima kode verif,Netral
buruk,Negatif
loading y lama tidak kayak dulu makin update makin lambat,Negatif
gimana tidak masuk,Netral
tidak enak,Netral
bagaimana mau aktif dana nomor sudah tidak aktif hilang lupa sama email nya,Negatif
dana kanjwut yah akun ilang woi,Netral
lama tidak pake d update mlh tidak d buka,Netral
dada cicil tidak pakai,Netral
jadi susah masuk sekarang selalu aja uninstal dulu baru itu tidak lama kayak gitu ampas,Negatif
aplikasi lambat banget,Negatif
jaring kelah mulu padahal dii aplikasi ammeh,Netral
coba dulu,Netral
aplikasi gajelas busuk banget minta baru gilir baru in malah gagal mulu terus temen transfer dana no malah tidak nambah uang nya mau nya apasih dana,Negatif
makin kesini aplikasi nya makin banyak rusak nya tiap mau transaksi selalu aja rusak,Negatif
saya tidak aju dana cicil aktif transaksi tidak pinjam dan sudah aju bulan belum,Positif
woi dana tidak masuk aplikasiny rusak gimn buruk sih cepat baik kalau tidak bakal hapus,Negatif
kelas dana susah ngurus pindah akun lama akun baru karena no hp akun lama tidak aktif tanya customer care tetep tidak solusi baik sistem dana nya jangan sulit padahal liat ktp sudah cukup,Negatif
masuk hapus instal ulang aplikasi baru aneh,Netral
saya suruh memoerbaharui pas isi data salah mu ceoet lah resin mau dipake jni,Netral
buruk aplikasi pdhl lebih dri th guna kan aplikasi masih banyak fitur belum buka contoh nya dana cicil dana instan padhal transaksi sering di baik,Negatif
buruk sih sama aplikasi sudah paket lengkap transaksi sering tapi limit fitur dana cicil nggak pernah ini gimana sih developer kalau nghak niat mending kaga usah diadain fitur dana cicil sangat kecewa,Negatif
dana sekarang kok aneh tidak di buka ngk update apa kok ngk di buka coba lah baik aplikasi dana biar semua guna asa nyaman guna nya,Positif
lambat buka dana nya tidak buka,Negatif
waduh dana sekarang lambat tidak dulu masa tidak buka hari aja tidak buka download haaadehhh,Negatif
lambat bget download,Negatif
verifikasi wajah terang jelas tapi stuck mohon kedip pdhl sampe capek mata kedip,Netral
ada kendala buat qris,Negatif
apasih selalu gabisa buka aplikasi nya ngestuck logo dana trus makin hari makin rusak,Negatif
buat selesai masalah ada lambat banget karyawan buat chat nya satset soal juga butuh bantu,Negatif
lambat sering eror tidak jelas,Negatif
transaksi pending padahal kemarin tidak jaring internet juga bagus bagus saya lapor ini tapi hingga ini tidak tindak apa ya baik,Positif
mudah masuk nomor tidak aktip nomor dana tidak aktip tidak masuk karna tidak dpt otp padahal sya sudah masuk pin perifikasi wajah,Positif
tidak masuk aplikasi dana nya di baik,Netral
kalian jangan percaya aplikasi jamin uang aplikasi tipu,Negatif
semua sarat atas fitur dana cicil penuh fitur dana cicil tetap tidak sedang baru bikin dana semua muncul fitur dana cicil aplikasi sampa mending pinda aplikasi,Netral
aplikasi jelekk uang pending proses padahal udh notif hasil uang dana kurang,Negatif
buruk banget sumpah bikin lampor dana layan malah tetap sulit,Negatif
buruk duit,Negatif
dana sering keluar keluar sendiri di update si di baik dong,Netral
tiap mau buka mental mulu gajelas pdhal ruang tidak penuh gajelas sama aja downlod ulang trus mental mulu dana dana,Netral
tidak transaksi akun lama mau kalian tahan uang hari buruk,Negatif
sekarang aplikasi dana lambat banget pgn cek uang aja tidak buka instal dlu baru bsa,Negatif
sering eror sulit buka uninstall instal di ps,Netral
banyak tipu,Negatif
paket data banya tp dana tidak akses internet konek wifi,Netral
knapa tidak buka aplikasi plz,Netral
pindah akun proses hasil tapi uang nyangkut akun lama bantu proses pindah uang di akun lama,Netral
kok gin henti mulu hari bolak balik unistal istal,Positif
mohon maaf belum kasih bintang sudah hub pihak dana hampir bulan belum balas masalah dana instan tidak tari gagal terus sudah hub pihak adakami kata ke pihak dana adakami cuman sumbel dana,Negatif
di restart ulang dana tidak masuk dana sekarang tidak bagus ikutin lapor percuma mohon unggah video selfie detik mata kedip kali selfi vidoe hasil tunggu hari lewat minggu payaaaaaah buruk,Netral
gatau apa amsalahnya akun beku tlg hapus permanen akun drpada g,Netral
boikot dana,Netral
di transfer rb tbtb potong jadi rb adminnya korupsi sengaja tidak tagih aplikasi kok makanya akhir hapus aplikasi sekali pakai ae,Positif
asiaten ai nya tolol bilang nomor hilang malah minta,Negatif
fitur dana instan tidak muncul,Netral
tidak laku transaksi,Netral
sudah tahun guna dana fitur akun dana tidak lengkap fitur dana cicil tidak sangat tidak muas ssekali aplikasi,Netral
mau apa si di upgrade aja minta upgrade kata hasil tapi lagi apgred nyusahin tau tidak,Netral
buruk tidak transaksi sama sekali jam lebih,Negatif
dukung kedok tipu uang hilang tidak bantu layan bantu trus an otomatis hubung kan layan sulitt tidak enak nya makek dana bangasaddd,Negatif
okkk,Positif
sangat buruk jual emas rb tapi sampe skrng tidak masuk uang mau uang dana tapi emas nya gaada nanya jawab komputer terus kalau udh gin gimana,Negatif
msuk aplikasi dana susah pdahal pakek wifi g bsa pindah data g mohon baik,Negatif
dana tidak di buka pakai bagai cara muncul logo doang terus,Netral
tidak d buka lele,Netral
telah update aplikasi nya jadi buruk mau masuk aplikasi aja kadang force close kadang g force close tapi lamaaa banget tanggap masuk beranda buruk lahh gua mikirin investasi emas gua situ gua terus pantau,Negatif
dana selalu beku min,Netral
dana ya hari gabisa transfer e wallet mana terang sesi kadaluarsa di uninstall masuk ulang mas sama sumpah dana ni lama lama makin kaya sampah,Negatif
tidak buka kan tidak lucu,Netral
buruk aplikasi karena tidak jelas atas masalah padahal informasi uang dana bisnis masih bukti transfer dana bisnis pun suruh tunggu hari sudah tunggu gilir saya tanya tidak jelas sama sekali,Negatif
iyah cukup bagus tapi kasih bintang dulu ye,Positif
konyol suka bayar sendiri,Positif
bayar topu game playstore uang bayar full padahal uang google play dapat potong kabupaten aceh tengah kecamatanya tidak lengkap,Netral
aplikasi nih pake sekali mau di pake tidak di buka aplikasi dana nya,Netral
oke baik,Positif
gausa taro duit sini apa tiba tiba potong saja lainkali kasih fitur buat cek ulang kek,Netral
aplikasi ngak buka heran padahal hapus download ulang terus buka pas di abdet ngak di buka malah mental pas mau masuk di aplikasi nya makin hari makin eror aplikasi,Netral
bagus up aplikasi tidak buka,Positif
tidak dana cicolnya,Netral
bagus tapi kendala banget uang tapi tidak narik tunai ya loading mulu kuota internet lancar padahal,Positif
ko aplikasi dana tidak di buka mana pas beli token listrik langsung tidak buka bantu,Positif
apaaaalah baru mau daftar dana tiba tiba pesan akun tangguh bener aja dong,Netral
tidak masuk,Netral
kasus jadi nya uang hilang banyak banget aman nya buruk,Negatif
gmpang rusak,Negatif
jangan mengggunakan otp karna no tidak aktif cukup pin wajah,Netral
makin susah aja buat masuk padahal bongkar pasang tetep aja sulit makin hari makin buruk aja dana,Negatif
csnya g jelas bikin greget minta solusi g solusi,Netral
aplikasi sering keluar sendiri,Netral
dong pdhl udh premiumin akun dri awal buat akun tp skrg malah suruh premium lg gmn jelas pihak dana,Netral
buruk,Negatif
bagus,Positif
awal nya doang bagus makin kesini ko lambat pake data lambat pake wifi tolong revisi ulang biar lancar,Positif
isi uang tapi tidak masuk saldo,Netral
buruk lambat terus,Negatif
aplikasi dana telah update malah jadi aplikasi sampah stiap buka cuma stuck loading doang pake segala macam cara sama aja satu nya cara cuma uninstal reinstal masa tiap hari mau gitu terus lebih baik pake lain aja,Negatif
aplikasi tidak buka cuma logo aja langsung keluar sendiri padahal baru update d coba di restart ulng hasil tetap sama ngak di buka,Netral
mau buka akun dana lodingnya lambat,Negatif
make dana thn dana sayang sekarang lama masuk nya kadang tidak masuk mohon bantu,Netral
dana pinjam blum tayang padahall premium,Netral
no tidak aktif ilang pengn ngaktifin krtu gmna soal uang nya,Netral
sangat buruk aplikasi kmren fiturnya semua tiba sekarang fitur nya akun banyak tidak masuk dana cicil instan bom pernah ajuin tiba fiturnya ilang semua padahal uang masuk keluar lumayan max jt bulan jadi buruk makek aplikasi dari tahun layan tele tele bukane nyelesein masalah malah bikin darah tinggi,Negatif
kenapa akun dana kok g dbuka padahal baru isi ulang rbu,Positif
hasil jual emas tidak bayar sama aplikasi dana rugi rp,Negatif
transfer brimo dana tapi tidak masuk aplikasi dana ahh apa minta bantu malah responnya,Netral
aplikasi sangat buruk minggu kemarin jual emas jual sukses tapi uang tidak masuk riwayat transaksi tidak pula kirim ss buktiknya aja tidak bantu emas nya potong minta bantu ana tapi tidak bantu sama sekali kalau sudah kaya gin gimana cuman dapet hikmah ngelatih sabar doang,Netral
aplikasi ganggu mulu padahal sinyal bagus tapi ttp loading hapus aja aplikasi kaya gin mah,Positif
sulit,Netral
ngisi uang brizzi uang dana potong uang brizzi nya tidak masuk kocak dana,Netral
tidak bagus,Positif
kok dana d hp say susah banget k buka nya kemarin lancar trus,Positif
buruk banget aplikasi tingkat keman aplikasi tidak banget tbtb punya cicil pdhal tidak pernah minjem pemberitahuan pinjam tidak tbtb waktu bagus up uang langsung potong cicil,Positif
pemberitahuan sangat buruk tiba tiba tagih hari jatuh tempo minimal bagus up k detail aplikasi mana tulis transaksi google buat lebih detail kita tidak tau bahkan tidak pernah langgan apa atas rp,Netral
mau kapan ganggu,Netral
jangan pake dana aplikasi y lambat,Negatif
aneh tiba tiba uang potong sama bloomoffer limited padahal tidak pernah punya aplikasi buka situs,Netral
sangat bagus,Positif
makin kesini applikasi makin loading susah buka padahal sudah pake dana lebih tahun,Negatif
tidak support tablet sim card,Netral
justru habis up jadi gitu masuk keluar terus,Netral
bagus,Positif
mohon maaf ada kritik saat masuk tiba tiba keluar sendiri keluar notif dana henti masalah sangat menganggu untuk jalan jual beli mohon baik kasih solusi,Negatif
ini gimana jaring bagus alamat transaksi benar transaksi hasil kok uang belum mungkin kendala aplikasi benah donk,Positif
maaf dana ya kok tidak masuk dana selalu mental tidak masuk,Positif
gi mna ni uang hilang dana bantu kembali uang,Negatif
buruk aplikasi uang sering hilang aplikasi dana tidak aman kawan jangan donlow aplikasi kalau tidak mau buruk,Negatif
min kenapa sih mau bayar air aja kendala salah sistem lah sedang masalah lah bingung mau bayar air lah min padahal kan sering update nih aplikasi lah min,Negatif
sekarang susah buka lambat sangat buruk padahal ada uang dalam,Negatif
pindah akun susah nunggu hari padahal email ktp muka samaa perihal ganti nomor uang tahan lama banget layan tidak jadi solusi suruh help email helm sosmed nyata tidak tanggap baik jadi solusi aplikasi ribet tele tele tiada hasil nyata,Negatif
hallo dana minggu uang dana bisnis tidak di pindah customer bayar lewat qris mohon solusi,Netral
aplikasi dana banyak nyusahin orang tempat tipu ngumpul,Negatif
dana cicil tidak di buka ingin bayar hutang jadi tidak sama fitur beli paket data pulsa tidak,Netral
banyak rusak bentar bentar yang salah nih trus ribet mao mindahin nomer ajh susah bangat transfer rusak mulu duit jadi ngendap situ tidak transfer mana mana trus minta bantu di tugas jawab muter muter,Negatif
dana gudangya tipu,Negatif
selalu gagal kalau mau upload foto,Negatif
maaf dana kasih bintang dulu karna akun dana sekarang beda sama dulu sekarang dana susah untuk buka kalau dana dulu di klik langsung loading cepat simpel inti akun dana sekarang buruk buruk padahal pake hp redmi not ram tetap aja susah kalau pake hp ram nya kecil wassalam x,Negatif
lupa pin wajar tapi kalau sulit proses lupa pin baru anehhh masa nunggu beberapa hari heyyyy butuh duit sekarang,Netral
rumit saya tidak milik dana cicil,Netral
aplksi dana skrg susah banget sih mau log in kalau udh beberapa hari tidak buka mau log in keluar mulu bkin jengkel,Negatif
aplikasi dana dihp tiap ganti hari notif henti tidak masuk download ulang baru masuk,Netral
susah ligin mau ambil uang aja susah tidak masuk no layan service mana,Negatif
aplikasi apakah baik,Netral
di coba apa di saranin tapi ttep aja tidak di buka di uinstal dulu baru di buka cuma kalau lewat hari kaya gtu tidak di buka jadi kalau tiap mau buka dana uinstal dulu download dulu masuk akun dulu baru,Netral
up grade malah aplikasi tidak di buka stag di layar biru doang diinstal ulang sama,Netral
anjinggg bngt kalau beli kuota sini selalu habis tiba tiba gb hari baru abis malah baru isi langsung habis padahal cuma pake buat ngedit canva menit an,Negatif
buruk tidak dana cicil padahal guna aplikasi dana lebih tahun,Negatif
mau tutup akun susah banget maaf aplikasi tidak pakai jaga keman data nya,Negatif
maaf guna baru jd belum kasih bintang,Netral
fitur dana cicil tidak dimunculin pdahal transaksi lewat aplikasi dana terus,Netral
lumayan buat kaum rendah,Netral
ko tiba tidak ke buka mau beli token listrik mau kirim bukti transfer bagaimana solusi,Positif
bagus penting aman,Positif
akun dana nya eror terus kalau mau beli pulsa tolonh segera baik akun nya,Netral
halo pihak danaa sayaa sampai masalah sdg alami ini nomor dana kan mati kartu jdi gbs nerima kode atau sms nah nmrnya jga gd itu memang akun saya tlong bantu saya masuk jadi tidak pdhal didalamnha dapat uang nila k sangat penting,Negatif
aplikasi tidak buka apa solusi,Netral
tidak aman nyimen sini masa transaksi wps ada konfirmasi dulu tiba tiba potong saldo gilir komplen bales bot chat aplikasi tidak amanah tidak mau pake,Positif
buruk padahal rajin transaksi sini tapi fitur paylater danacicil tidak fungsi payah sekali potong tiap bagus up huh mana promo jarang biasa suka dapat misi tingkat layan jangan cuman mau nikmat biaya tiap transaksi dong potong paling capat eeq laah,Netral
minta servernya dana di baru masuk mau masuk selalu mental gabisa,Netral
woy aplikasi bisa buka bahkan saya hapus data cache restart hp lantas solusi apa,Netral
sekarang dana kalau terima transfer an ambil buat pajak arti sama aja kayak adminnya,Netral
uang tidakkk masukkk kak padahal udahh bagus up,Positif
kasih bintang karna dana tidak fitur dana cicil dong,Netral
donload tidak buat masuk,Netral
sangat kecewa aplikasih nya susuh di bukak,Netral
payah dana tidak buka langsung keluar sendiri di suruh screenshoot keluh mau screenshoot gimana dana nya tidak di buka langsung keluar sendiri,Netral
mohon baik laku beli mas saya transfer tpi di aplikasi gagal tapi uang uang saya tidak,Negatif
akhir akhir transaksi dana tidak baca,Netral
benar aplikasi nya bagus cuma ko beberapa hari aplikasi nya tidak buka pliss butuh banget baik demi nyaman guna terimakasih,Positif
laku potong ada konfirmasi,Negatif
aplikasi jadi lambat gin lagi beberapa kali malah keluar otomatis terus kacau,Negatif
dana cicil dana instan kaga muncul muncul pemakean dah taun taun pdahal transaksi dah cocok pake dana tapi dana cicil kaga muncul dana isntan nya,Positif
fitur dana cicil tidak muncul padahal update belum muncul,Netral
aplikasi selalu kelyar sendri kli mau guna di uninstall llu pasang coba baik,Netral
belum tuju ditf dulu,Netral
lumayan,Netral
gabisa masuk gimana cerita jaring sibuk jaring masalah jaring masalah aplikasi pake lain bagus gilir dana jaring masalah,Netral
dana instan tidak,Netral
tiap hari transaksi tapi dana cicil tidak acc aneh,Netral
aplikasi tidak jelas verif muka sama pin aja suruh masuk kode otp padahal no sim tidak aktif,Netral
hay dana app lalau rugi penguna bisa baik app tolong masuk cukup pin muk tidak usah kirim kode otp nomor tidak aktip gara app g masuk gitu mas uang ini d lapor komimpo sudah gitu banyak penguna hilang uang lemah kam nya bener d laporin kalau gin terus sangat rugi penguna utama saya,Negatif
knpa ahir ahir dana susah buka sering keluar sendiri,Negatif
sering jadi tidak buka aplikasi dana,Netral
jossss,Netral
makin enggak jelas aja afk fitur nya enggk lengkap kocak,Netral
akun dana tak buka sisa uang lumayan besar kalau buat coba dm k ana tapi tak solusi email sama no akun dana hilang lama sekali kalau tau tak kantor nya tak simpan nya dana sesal sisih uang di dana,Negatif
sering transaksi tapi dana cicil tidak keluar,Netral
tidak pinjam uang,Netral
uang bisnis tidak di cair,Netral
mudah aman,Positif
buruk bngt skrang mah aplikasi gagu trs g di buka tiba keluar sndri cuma mentok logo,Netral
sering ganggu dana sekarang min,Netral
tidak jelas tidak masuk akun utama terus ganti nomor baru tidak salah jaring terus pdahal jaring lancar,Positif
makin kesini aplikasi makin tidak jelas di upgrade tapi masik tetap legin kluar sendiri mau masuk mental masak mau masuk apus aplikasi trus download baru masuk baik cepat nya aplikasi kalian,Positif
semangkin update mlah sering eror,Netral
kapan sih di kasih fitur dana cicil tiap hari make dana tpi dana tidak expeknya sama sekali,Netral
transfer bulan lebih tidak guna beli online shopee,Netral
limit uang dana cicil tidak dipake,Netral
buat paket internet mahal,Negatif
dana kok tidak ya pake kode otp asa kata sandi sama vermuk bener knapa harus arahin kode otp gmna uang sya jadi pendem di dana jt,Positif
banyak transaksi bobol,Netral
aplikasi dana tidak bua baik masalah tidak masuk halamn dana terimakasih,Negatif
pindah akun tidak ada proses lama ribet ganti nomor lama sudah premium nomor baru premium,Netral
pernah isi ulang seabank dana notifnya masuk tp di cek tidak saldo,Positif
aplikasi sering banget ngebug tanya fitur bantu puter puter trs pertnyaan nya alihin customer servis nungguin nya lama banget solusi bantu pecusss,Netral
dengan aplikasi biar buka tidak mau biasa tidak pernah mau transfer butuh ko cuma muncul trs lg,Netral
dana tidak buka situ uang soal mau krim uang,Netral
makin banyak x kendala dana gbisa ngirim lah yang g di buka lah tiba keluar pas transaksi,Negatif
aplikasi kok tidak buka mau buka tiba keluar sendiri kemaren hari mulai pagi malam tidak bisa buka,Positif
applikasi kagak jelas tidak smua sama isi applikasi dana,Netral
banyak rusak,Negatif
uang hilang sendiri terus pakai dana,Negatif
ka ko dana ak g d buka,Netral
kok tidak guna dana sekarang makin sulit aja tapi minta upgret terus di baru min,Positif
tidak masuk dana lama hari selalu stuck logo awal blank warna putih update versi baru padahal jaring internet cukup stabil versi lebih lama tidak pernah alami kendala ini,Negatif
kok tidak download aplikasi dana,Positif
sekarang aplikasi dana sulit buka mohon bantu nya,Netral
paling j e l e k,Netral
di uppdet malah tidak di buka aplikasi dana nya padahal jaring bagus,Positif
deskripsi fitur baru dana tuh gmna sih padahal situ saldo rb tapi tidak bsa tarik why mana klau salah transaksi tidak ngebantuin cari solusi,Netral
saran hilang minta kode otp karna beberapa masalah misal nomor hp tidak aktif cukup pakai pin wajah itu cukup bukan,Negatif
di baru ya selalu masuk ulang jadi bikin kesel sama ribet kalau kayak gin makin buruk dana,Negatif
bagus,Positif
mudah,Positif
kasih bintang satu dulu limit dana cicil terus muncul tapi tidak pakai tanggap keluh bahkan kirim email tidak tanggap sekarang,Netral
dana nya lama masuk pas mau lihat uang,Netral
buruk tidak masuk akun padahal verifikasi wajah sandi benar,Negatif
benar benar aplikasi tipu uang hilang karna transaksi tidak kenal,Negatif
ko buka susah kluar sndiri,Negatif
sangat sebal tidak pernah punya cicil dana tapi malah uang dana potong tahu bingung aplikasi dana rasa tidak mah laku cicil malah saya kena cicil di aplikasi saya mau uninstal aplikasi dana sangat kecewa,Netral
knapa tidak buka aplikasi dana dan tulis dana henti,Netral
aplikasi dana nya tidak di buka bikin kesel jadi,Netral
yth dana rekomendasi mohon otp masuk lewat email terima kode otp lebih baik,Netral
dana cicil tidak di guna,Netral
aplikasi aneh pas mau ngejual uang emas malah rusak beberapa uang emas kurang uang rupiah tidak tambah aneh banget curi uang guna,Negatif
sekarang aplikasi dana sering potong sendiri uang dana guna pin bayar google tidak jls padahal sama sekali tidak pernah langgan google,Netral
isi uang bisa selalu notif jaring tidak stabil padahal buka sosmed lancar,Positif
nomor tidak aktif tidak terima otp,Netral
hallo dana transfer uang belum masuk rekening dana padahal mbangkingnya terang sukses tapi uang dana belum uang masuk,Netral
mau pindah akun baru tidak malah suruh buat hapus aset dana yang lama gimana mau hapus nya masuk aja udh tidak mau masuk pake verifikasi kode lewat wa tidak kayak gopay tinggal scan wajah aja langsung masuk tidak mau pake dana sih,Netral
aplikasi dana skrg tidak jelas ngeleg kluar aplikasi tiba tiba transaksi tidak mlh kluar aplikasi,Netral
butuh bantu buka pin lupa tapi saat ngk kirim kode otp janji sms janji email saat tidak dah telpon habis pulsa la duit saya perlu,Netral
mau masuk aplikasi dana malah langsung keluar sendiri,Netral
sering gagal kirim buruk banget,Negatif
kaga di buka aplikasi nya,Netral
aplikasi nya selalu tidak buka dwonload ulang bisa di buka,Netral
liat hasil kirim yang kirim tidak,Netral
akhir akhir selalu susah kalau mau buka aplikasi dana mau buka instal ulang,Negatif
cape mau ganti nomer hilqng tidak aktif bulan chat pn susah malas pakai ewalet dana lgi,Negatif
sekarang susah guna buat ngisi kuota aja tidak terus,Negatif
update ko jdi buruk tidak ke buka mentok di logo padahal jaring bagus sinyal bagus gimana nih mau transaksi tidak,Positif
sering tidak buka,Netral
banyak rusak nya,Negatif
sar kan jangan pake dana uang sering nyangkut tidak masuk dana waktu bagus up transfer,Positif
tidak buka aktivitas dana,Netral
ewallet dana sekarang guna umur tahun bawah kalian lulus,Netral
jujurr yaaa kenapaa uang sayaa jadiii andaa ambil semua sii rb padahal yaa tidak beli apa lho dii play store dana gj bngt anjirr kembali uang,Netral
buruk busuk,Negatif
eror apa gimana si tidak masuk apus dulu baru di instal baru masuk yang eror dana nya apa hp gua nya min oiiiiiii,Netral
tidak buka pkai data,Netral
kendala cek aktivitas uang di baik sangat jengkel lama apa saya tukang konter,Negatif
kesiniin kadang susah d buka padahal d update,Negatif
buruk tidak buka,Negatif
kok aplikasi ny tidak bsa d buka mentok d logo kluar lg minta solusi ny,Positif
aplikasi buruk kadang nge rusak ambil,Negatif
dana cicil tidak sedia salah lambat sudah tunggu hari tapi belum pungsi biasa,Negatif
ribet,Netral
mau bagus up tidak terang no tidak temu kan lucu dengar nya,Positif
loading nya lama bos mohon tingkat cepat keamananya,Positif
ana live chat tidak bantu tidak nomor hp tidak aktif karna hilang lupa pin dana belum premium uang ada dalam nya hanya uang kembali tapi fitur ana tidak bantu malah buat emosi live chat antri lama gaguna lapor sampai sekarang tidak tanggap,Netral
untuk android bawah ikan akses aplikasi ver sesuai hp sering tutup paksa,Negatif
d prbaiki lg sola nya susah d buka nya g kya dulu gmpang ini mh mski d hpus dlu trs donlod lgi bru d buka tpi ny gitu lg cpe mski hpus donload trus,Negatif
oi uang hilang mna tidak masuk yang kirim dasar aplikasi tolol,Negatif
muncul dana cicil tapi tidak di guna aneh,Netral
bagus,Positif
aplikasi sulit buka jadi apus downlad baru di buka ayo d baik i min aneh bnget selesai updat gin,Netral
dana transfer gopay mala g masuk kok si mala angus gitu aja uang saya,Positif
aplikasi macam apa kata tempat simpan uang aman tapi aja sering bobol uang tiba tiba hilang percuma pakek dana protection embel embel verifikasi wajah kalok sering uang hilang bukan soal nominal apa berapa banyak orang kena imbas perkara uang hilang kalau tidak jamin aman mending gausah bikin aplikasi cam kan,Positif
wah bagus sekali,Positif
dana eror apa gimana update x tetap tidak tarik tunai alfamart,Netral
kenapa sih rusak padahal niat nya buat bagus up game gabisa rusak mulu,Netral
sekian lama guna dana tidak fitur dana cicil padahal aktif trus transaksi,Netral
please lah dana di tipu masa uang nya tidak balik jadi malas make dana kalau gin,Netral
duit tidak langsung banyak kaya orang orang jadi tidak bagus up epep,Positif
ngebug buruk,Negatif
tiap kali mau buka dana mulu,Netral
ko sesalu koneksi putus nih padahal data sinyal kuat,Netral
akhir akhir sangat buruk kali buka loading mulu lama banget capek dana,Negatif
makin kesini tidak jelas peraturanya wajib pake nomer telpon log ters yang nomer tidak aktip gmna,Netral
aplikasi tolol banyak rusak nya gabisa ngirim duit,Negatif
uang potong saja buruk mnding pake app,Negatif
tidak dana cicil nya,Netral
ko dana tidak ke buka knpa sebblum nya lancar lancar aja tpi sekarang ko tidak ke buka,Positif
sudah lunas bayar dana cicil terus sekarang limit tapi pas mau guna limit tidak sedia aneh,Netral
bagus,Positif
buat belum pakai aplikasi harap jangan download karna uang hilang semua rp cukup jak kena janga yang kerja siang malam istri saya lahir kan tapi malah buat begini sama ubah dana,Negatif
dana hari tidak buka eror trus kecewa jadi di kasih bintang,Netral
aju kredit nya susah kali padahal ni aplikasi sering pakai,Negatif
makin lamaa pake makin rusak aja ni dana,Negatif
uang potong otomatis tuju tanpa minta sandi akun,Netral
aplikasi nya baru download ulang karna belum nya kena restart hp tapi tiap buka aplikasi nya mental ya tidak klik transaksi apa mohon masuk nya bisa ini terimakasih,Positif
aplikasi buruk selalu tidak buka padahal sinyal bagus saran baik layan biar di kasih bintang,Netral
krnapa gabisa narik uang dana bisnis,Netral
banyak ganggu hari aja kali malah tidak di buka sma skali,Netral
tiba tiba tangguh blokir pihak padahal saldo nya pemberitahuan ini uang tidak kecil loh ilang dana aplikasi masalah hati hati naro uang dana apa buat nabung tidak rekomendasi banyak hilang uang dana,Negatif
anjjjj aplikasi apa tiba uang rangin gin buat bayar uji coba langgan aplikasi,Netral
susah buat masuk mau masuk keluar terus layar cuma putih,Negatif
tidak guna fitur scan barcode,Netral
berat lodingnya dana,Netral
mau ganti no karna no hp lama hilang saya ngk masuk nomor lama daftar pakai nomor baru ktp daftar mohon bantu nya,Negatif
habis update tidak di buka di bantu,Netral
betul atuh,Netral
buruk jt ilang,Netral
akhir akhir aps susah buka,Negatif
tidak masuk woy loding terus,Netral
aplikasi aneh layan nya slow tanggap kalau masalah akun nya susah benerin,Negatif
saldo dana bisnin suka hilang tiba,Netral
aplikasi tidak jelas padahal update uang brizzi tapi tidak masuk padahal transaksi hasil mau sampai keluh layan nya tapi syarat ribet padahal ada screenshotannya,Netral
fitur sebenernya oke tapi apa guna kalau sistem aman lembut tisu basah gampang banget rombak hacker tolong aman ditingkatin jangan cuma promo doang digedein ngeri tiap kali mau bagus up asa main judi besok uang ada sudah pindah tangan baik tinggal user nih,Positif
ketika mau buka apl selalu keluar sendiri dah heran gua,Netral
masa punya hutang rb gara yang sabotase akun buat beli pulsa provider telkomsel padahal sendiri tidak prnah pake telkomsel suami sama anak tidak prnah pake telkomsel kaya buron d telfonin mulu langsung bayar anggap aja sedekah sejak itu ogah bgtt pake dana lg,Netral
di buka selalu mental,Netral
kadang gagal kadang kaga,Negatif
mau beli pulsa malah pemberitahuan koneksi tidak stabil padahal jaring bagus,Positif
aplikasi sekarang kok jadi bulan bolak balik hapus uninstal aplikasi kalau baru diinstal aplikasi lancar masuk hari tidak guna mau masuk ke aplikasi langsung tidak masuk sama sekali aplikasi ini sangat sangat sangat,Positif
kostumer service nya eror,Netral
tidak transfer qris sih dana mau qris serik keluar sendiri aplikasi kalau mau transfer lama tidak buka menu isi nomor rekening bagaimna solusi uang rb tidak tranfer mau tukar uang teman tidak di transfer solusi,Netral
limit dana cicil gabisa pakai,Netral
bagus,Positif
pas diupdate malah gabisa buka payah,Netral
dana emas jam jumat tanggal januari malam tadi pas tarik kok ganggu padahal saya tarik kok samaa aja tidak uang dana tidak uang emas tidak bukti transaksi nya sampe sekarang belum,Positif
akhir akhir dana gabisa buka terus stack logo terus gatau masa iya di uninstal dulu trs instal baru di buka berapa kali kaya gitu uninstal trs instal waktu awal awal instal tidak gin eh sekarang malah kaya gin gimana si,Netral
mudah cepat aman,Positif
dana cicil tidak,Netral
bagus,Positif
bagai mana masuk akun dana tapi nomor telepon tidak aktif,Netral
loading bnget mw mbuka aplikasi y,Netral
tiba jadi g suka gara beli mas g seberaoa sih rb doang tapi malah ngilang uang g nilai emas g malas kali apl ni,Positif
terlalu banyak verifikasi wajah,Netral
kenpa kalau pencet emas tidak lgsg masuk tidak kaya pilih lain lambat emas,Negatif
terlalu sering kendala,Negatif
dana cicil tidak guna,Netral
gabisa pakai applnya,Netral
akhir akhir tidak buka aplikasi dana baik,Netral
update kok susah masuk aplikasi padahal jaring lancar,Positif
aneh tidak pernah aktif fitur dana instan nya padahal dah premium tidak pinjam lembaga transaksi juga aktif tetep ge tidak aktif dana instant nya pokok nya buruk ama dana dah,Positif
awal tidak guna beli pulsa lalu sekarang tidak buka padahal jaring internet di sini gx buruk coba pake wi fi kuota sendiri nyoba hospot orang ttp susah di buka jadi benah kalau baik saya kasih bintang,Negatif
dana tidak di buka,Netral
kecewa tranfer uang hasil tapi tidak masuk rekening makin tidak jelas aplikasi dana nama uang jelas di curi,Positif
aplikasi sekarang klau buka lma masuk,Netral
knpa dana caption tidak internet,Netral
susah bka apliksinya lambat,Negatif
aplikasi sangat rugi jangan pakai aplikasi tipu uang kurang konfirmasi ktika bagus uda flazz status nya hasil tapi uang tidak masuk flazz tanggal januari hari dana tidak itikad baik,Negatif
tidak di buka dana,Netral
duit hilang terus karna teransaksi google tak tak tau arah mana ndak apapain padahal bikin transaksi gogle sendiri jangan download,Negatif
tidak pakai aplikasi wifi gimana mau masuk kalau masa iya mau pake aplikasi uninstal dulu lalu instal ulang instal ulang malah tidak masuk lebih baik bayar lebih aplikasi dengan layan muas masyarakat beri solusi clear cache lalu uninstal aplikasi dana trus restart baik jangan ikut tidak masuk meski laku uang sisa bisa salah guna oknum,Positif
akun dana tidak di buka,Netral
mau ubah nama dana bisnis aja sulit hubung layan tidak guna tetep sulit,Netral
tidak masuk akun dana karna nomor tidak aktif hilang padahal pakai kata sandi verifikasi muka tetap minta kode otp bagaimana min,Negatif
aplikasi busuk,Netral
ko sya mau buka dana sya mental trus tidak masuk,Netral
buat buka aktifitas sering eror kesel kalau pas mau minta bukti transfer lihat aktivitas eror terus cukup aja keluh kesah ku pakai dana lain aman,Positif
baik,Netral
dana pikturnya aja bagus tidak sesuay nyata masuk kata pake pin ama wajah doang nyata pake kode otp cewa harus nya jangan sulit apa jawab aman ada ke susah kasi no nya ilang hp nya hilang gimana sih mikirin membernya dong gin pake dana bajinqan lah buruk,Negatif
aplikasi dana close close sendiri,Netral
aplikasi dasar tidak solusi member butuh bantu heran biasa akun dana masuk tidak perlu pakai kode verifikasi otp sekali isi uang pakai veripikasi kode otp mana nomor hp udh tidak aktif lagi jadi tidak bisa masuk saya,Netral
sekang susah banget buka aplikasi dana gx ky dlu gmpng skrng ko mlh gx bz d buka hapus dlu instal lg buru buka tu jg cma satu hari,Negatif
buat dana bisnis tidak di tuju barkode tidak di cetak pindah aplikasi aj,Netral
eror masuk,Netral
sangat benci dngn aplikasi saya mau hapus akun di sulit,Netral
ksh bntng satu ja minggu tidak di bka untung bru is uang sedikit,Netral
habis updet malah tidak masuk,Netral
ni app gmn si fitur tarim tunai rusak pas click loading bentar selesai loading ui nya tidak keluar beberapa hari gin terus uang jadi tidak di tarik,Negatif
selalu masalah kyc tidak foto ktp yang,Negatif
uang hilang sini,Negatif
enk bngt pke ni aplikasi tp jujur dri buln kmren smpe skrng tgl buln dah x uninstal krna g bsa d buka memo aman jringn bgus coba ps awal tu pgi saya buka dana smpe ktdran jam ps bngun bom buka mlah tampil gelap kesel g kalau gd duitny g bkl w buka,Positif
aplikasi tidak buka kluar sndiri,Netral
update jan aplikasi rusak bagi bagus up for customer masukin nominal nama no customer tidak muncul mohon segera baik,Netral
ya sekarang dana jadi susah masuk selalu jaring masalah terus dong dibenerin,Negatif
tidak masuk,Netral
kenpa dana tidak d guna sd hari,Netral
tidak di bukak padahal udh update di baik tugas,Netral
apa ribet kali ups tidak lanjut poto beberapa kali wajah kedip jelas akun punya bagus tidak di guna ribet,Positif
layan komplain lambat,Negatif
layan customer nya kurang pada andal fitur ana assisten digital seringkali jawab nya tidak muas kurang bantu,Positif
buruk dana kan tabung emas tapi pas jual emas nya tidak bayar hari tunggu uang jual emas nya di kembali tapi dana tidak bertanggungjawab pun pihak emas treasury nya sesal pakai dana buat uang hilang,Negatif
gimana cara masuk ny no daftar tidak aktif kenapa sulit si aplikasi dana sekarang pdahal guna verifikasi wajah pin aj sudah cukup knpa pke kode otp segala dah masalahny akun msih ad uang sya dsitu kalau bgini jadi kapok costumer kalau ribet bgini tlong lah layan jangan sulit pngguna,Netral
tidak buka dana saya,Netral
males tidak verifikasi akun dana,Netral
sangat baik,Netral
mau bayar tokped pake uang dana tidak harus verivikasi dulu tp otp kirim lewat wa sedang nomer dana kan tidak daftar wa payah,Positif
kasih bintang akun dana verikasi otp mana nomor sudah tidak aktif ada uang dalam mohon bantu pihak dana bantu kembali akun dana,Positif
kok tiba tiba tidak buka gimana padahal hp tidak root tulis root gimana sih,Positif
di update tidak masuk koneksi internet putus padahal sinyal bagus stabil dong gimana solusi gimana mau transaksi kalau kayak gin,Positif
bagus,Positif
kenapa telah update jadi tidak masuk akun,Netral
kenapa dana tidak di buka pdahal di update mulu aplikasi nya saran dong mana uang di dana semua,Netral
bagus,Positif
maaf kasih rating untuk transaksi gagal tidak lanjut janji hari uang dana kembali tapi sekarang hari belum pasti ini jadi di akun dana anak uang belum kembali transaksi gagal,Negatif
tanggal januari jual emas rp jual emas nya hasil uang emas kurang di riwayat transaksi tidak hasil jual sekarang belum masuk uang utama kata garansi uang tapi sampai sekarang belum masuk ke uang utama,Netral
aplikasi rusak,Negatif
kakak transfer uang dana ribu transaksi sukses tpi uang tetap coba pusat bantu hasil tidak muas jdi sesal pke aplikasi dah,Netral
di update tidak ke buka,Netral
lambat tiba tiba dana cicil tidak di hapus,Negatif
tidak baik,Netral
kak asal masuk aplikasi dana ups jaring tidak stabil coba ulang tapi jaring full pakai wifi mohon perbaikin min,Netral
jaring masalah melulu,Negatif
mau aplikasi sekarang loading lama lambat di baik sistem nyah,Negatif
kaga jelas masa beli pulsa kaga masuk masuk,Netral
ini aplikasi dana eror dlu aman pakai tpi sekarang sering root kadang tidak masuk jdi mles pakai dana tlong lah bgus kan sedikit masih punya sisa uang meski perak,Positif
aplikasi sedot uang uang hangus jt,Netral
x hilang uang dana,Negatif
aplikasi buruk tidak transfer,Negatif
saya tidak masuk mohon di bantu terima kasih,Netral
baru buka akun dana terus isi uang tp tidak buat transfer bener tidak recommend banget,Netral
buruk banget uang selalu potong smpai ribu uhhhhh buruk,Negatif
niat narik rb emas tp aplikasi loading mlu posisi udh msukin nominal uang jd keluar aplikasi bersiin dlu pas msuk lg uang emas udh potong tp gada uang msuk gada riwayat transaksi jd trust issue mau pke mna chat layan cuma bot jawab tamplate hati hati deh buat mau pake pdhl duit sgtu aja layang aplgi gede,Netral
tarik tunai sekarang makin tidak karena update dana,Netral
tidak jelas skrng mala jaring,Netral
ngelag trus ada uang ny jd males make nya,Netral
aplikasi nya berat banget sekarang di buka lambat banget terkadang enggak di buka,Negatif
kasih bintang karna mau dana premiun tidak masuk alas ktp edit padahal sesuai alamat,Netral
tiap transfer bolak balik rek sama jeda waktu beberapa detik menit biaya adm ngeri banget riba nya,Netral
dana cicil belum kenapa yaa,Netral
tidak buka sering keluar pas di buka bilang bersih pas di sih tetep tidak masuk benerin,Netral
ya dana cuma sekali buka itu stack logo kalau mau buka ngehapus aplikasi dulu baru masuk itu sama satu kali buka aja ya,Netral
beli kuota sore sampe besok pagi nya belum masuk cek nomer nya benar status transaksi sukses tapi tidak masuk kuota nya saya tanya layan nya malah suruh ulang isi ulang nya terus gimana uang kemarin kan ituh status nya sukses aplikasi dana nya,Positif
sampe sekarang tidak fitur dana cicil,Netral
oi gimana nih dana make aplikasi tahun tahun malah tidak buka sekarang malah saldo bener lah duit mau dipake jadi buruk gua sama aplikasi lu,Negatif
hapus dana premium karna kartu di pakai buat dana tidak aktif,Netral
lah pihak dana kalau bayar konfirmasi dulu kek asal main potong uang aja,Netral
kgk masuk aplikasi semenjak update baru padahal jarak modem indihome deket sama,Netral
tipu,Negatif
sangat mengispirasi,Netral
aplikasi curi laku beli batal sistem tapi uang potong tidak di kembali,Netral
dana bisnis uang kmrn proses bagai dagang sangat membutuhkn uang hasil bayar qris sampe ini uang g ambil jangan jadi maling dong,Negatif
tidak masuk dana selalu,Netral
jangan download aplikasi curi uang isi paket pakai bayar lalu transaksi gagal uang tetap ambil hubung pihak dana chat ana malah kata uang saya tidak potong sekian jadi ribu sekian tidak potong aplikasi korup curi tidak bantu sama sekali jadi masalah teman ingin download mending aplikasi ovo gopay shopee pay aja aplikasi sudah tidak beres rampok aplikasi antara judi,Negatif
dana tidak buka selalu keluar dri sendiri kalau masuk aplikasi nya,Netral
uang hasil jual emas tidak masuk tidak riwayat transaksi uang di emas tidak sudah tunggu hari tidak masuk dan aplikasi hanya tanya ana tidak beri solusi,Netral
nyesel njir bagus up uang sini saldo tidak buat beli ap ap,Positif
dana habis update malah gabisa buka hapus cache hapus data instal ulang restart ulang hp tetep gabisa tolong segera di baik,Netral
tidak buka mental terus nih,Netral
aplikasi tipu uang selalu kurang jumlah besar jangan guna aplikasi karna developer aplikasi maling kalau mau aman pake aplikasi gopay aja tidak usah make aplikasi binatang,Negatif
belum dapat fitur dana cicil lain kenapa saya tidak,Netral
aplikasi sangat tidak profesional tanggung jawab akun tangguh dalam nya sisa uang memang tidak berapa tapi anak kost anak rantau sangat bearti kembali uang kalau memang mau tangguh akun saya ini apa tidak ada kembali sama sekali moga uang berkah,Netral
hp hilang padahal tabung emas dana pas beli hp baru terus masuk dana pake no baru terus bikin premium pake no baru tapi tabung emas hilang chat layan tidak tanggap aplikasi bosokkk,Netral
dong baik tiap mau masuk malah keluar sendiri trs download ulang baru masuk nyebelin banget kalau lg buru,Netral
napa jadi eror si dana nya,Netral
dana ku sering stack beground tiap kali mau masuk download ulang trus san,Netral
ngk di buka,Netral
bantu masuk akun nomor hape tidak aktif,Netral
hapus akun gabisa trus,Netral
banyak iklan,Netral
aplikasi tidak jelas paket sinyal bagus tiap buka jaringn tidak,Positif
aplikasi rusak tidak laku transaksi malah potong saldo,Negatif
dong jangan sulit orang dana suda cocok pin verifikasi dana tidak usa lg minta otp bos,Positif
buruk karna sering jadi gaguang tidak transaksi,Negatif
dana udh tidak aman duit sering ilng pdhal g kait aplikasi apa,Positif
biar bintang bicara,Netral
tidak bagus dah brtaun taun pake tidak dana cicil buruk,Netral
kok tidak buka aplikasi dana ku,Positif
aplikasi tolol,Negatif
uang masuk besar tapi ko tidak ulang kah uang transfer bank tapi tidak ada di dana itu uang nya,Netral
aplikasi di perhati masuk minta poto selalu gagal jangan bikin repot guna nya,Negatif
hilang otp ny bikin ribet buat nomor udh hilang,Negatif
bantu kak kartu nomor dana hilang hp ganti baru sama lupa email gimna cara supaya masuk masuk dana saya lagi,Negatif
tidak aktifin pitur dana cicil,Netral
kurang meemuaskan sekarang,Netral
bgus,Netral
makin kesini aplikasi makin bikin susah bagus up aplikasi tidak di buka,Netral
halaman tiba tiba tidak munculll ya,Positif
ingin uang kembali beli uang kartu elektronik yang saat belum masuk tanggap ana ecek uang saya laku bisa perhati kendala konsumen,Negatif
skrng ko susah d buka,Negatif
belum dana cicil nya padahal hampir tahun pakai dana,Netral
ngestuck loading verifikasi wajah pin,Netral
telat masuk ya dana,Netral
aplikasi apasih tiap mau buka ngebung keluar sendiri,Netral
tidak kasi bintang uang uang hilang heran dana bisa lolos pihak tidak tanggung jawab ambil uang uang padahal akun sudah nyala aman mohon uang uang di kembali tidak mau tau baru kali jadi kalau uang hilang baru tidak laku tindak lanjut dasar dana tidak tanggung jawab,Netral
qplikasi buru duit ku hilang semua,Negatif
minta sara di akun prem dana tidak fitur dana cicil nya yah,Netral
makin kesini makin tidak nyaman pakai kadang bagus up masuk lama ber jam lambat,Positif
jangan yang pernah maka dana soal nya dana makin kemari makin ribet tidak jelas aplikasi tolol,Negatif
tidak msuk beranda menu aplikasi selalu mental tidak masuk baru download ulang tetap tidak bagaimana cara bisa pakai,Netral
kasih rating karna dana verifikasi otp nomor mati masih sisa uang dalam,Netral
dana cicil tidak muncul,Netral
min knpa dana sya tidak ke buka sih smakin ksini aplikasi dana makin tambah eror,Netral
dana gimana si kalau uang nya masuk minta otp kalau ngk uang ngk minta otp akal akal,Netral
tidak tau skr kok lambat banget nih aplikasi stiap kali buka cuma tulis dana aja g brubah sama skali suruh nunggu smpek kpn sumpah loadingnya lamaaaaaaaaaaaaaaaaaaa banget stiap mau buka aplikasi hrs uninstall dulu trs didownload lg baru buka pun cuma tahan hr itu rusak lg capek deh,Negatif
suruh upgrade dana premium tapi di coba gagal ulang kali,Negatif
jangan download aplikasi mereka kerja sama google play curi uang padahal tidak pernah bagus up apa itu tiba potong uang,Positif
jangan donwload dana bagus up uang brizzi rp lalu dana tpi ehh uang ku dana kurang di brizzi tidak uang msuk diupdate aktif aplikasi dana bohong besar bkin rugi,Netral
hari dana tidak di buka force close terus ini,Netral
bantu beku dana yang lama tidak aktif terimakasih,Netral
bagus,Positif
dana tidak muncul fitur dana cicil nya,Netral
mental terus aplikasi nya,Netral
loading sekarang lama aplikasi y tidak di buka,Netral
sering tidak dbuka dang d instal ulang mohon masuk arah nya,Positif
kasih dulu soal banyak fitur belum muncul,Netral
susah banget mau masuk aplikasi masa instal ulang dulu tiap mau masuk layan buruk ana gaada guna,Negatif
akun kena bobol tapi sulusi tugas tidak dan tidak tanggung jawab,Netral
sulit masuk aplikasi,Netral
cuma mau narik dana bisnis nunggu hari padahal narik dana dana dasar payah,Netral
lumayan,Netral
uang sedot konfirmasi dulu padahal semua saya pasword buat transaksi,Netral
banyak ubah update,Netral
uang potong sebab tidak aju refund,Netral
gimana sih kok tidak masuk tranferan dri m bangking dana jam sore sampe sekarang belum masuk chat tugas bukti kurang jelas padahal jelas bngt nominal tuju tgl jam no seringa pampang jelas tidak kirim foto di ulas,Positif
tambah fitur refund dana sama hapus dana gols,Netral
tidak bijak sana,Netral
dana sekarang eror ngeselin mau masuk susah pihak dana di baik,Negatif
uang dikit tambahin kek,Netral
proses sangat cepat,Positif
bantu masuk akun lama no aktiv email tidak aktiv kede otp kirim email lah buat masuk masuk no hp sama pin cukup tidak usah kirim otp segala email sudah tidak aktiv kalau masuk kasih bintang,Positif
hari aplikasi tidak di bu ka koneksi internet gagal padahl game streaming lancar,Netral
oi masuk lama banget malah tidak gimana sii tolol,Negatif
buruk banget sering kluar sndri ppdhl mo byr tagih bagus up buruk banget aksesny skrg,Negatif
buruk aplikasi tidak,Negatif
aplikasi baguss tapi pihak dana kirim kode verifikasi lewat gmail google tidak whatsapp sms jika mohon segera buat saya masuk akun dana nomor tidak aktif hilang,Netral
aplikasi aneh banget gaada langgan aplikasi apa apa tiba tiba uang ilang minta bantu ana malah tidak bantu sama sekali,Netral
okay,Positif
sangat buruk di pakai bagus up kartu elektronik tidak masuk tanggap komplain sangat lambat,Negatif
dulu mau masuk cuman pin verivikasi wajah masuk sekarang pake notipikasi wa gimana kalau no ilang karna maling sangat buruk harus cukup pakai verivikasi wajah aplikasi dana sekarang malah jadi maling blok dana resmi,Negatif
bagus,Positif
kasih bintang makin sini malah makin buruk masa mau masuk tiba tiba aja keluar sendiri pencet gitu uninstall lalu di install gitu selalu aja terus terus kagak ujung titik terang nya gitu nanti keluar sendiri padahal sudah sering di pake buat transfer sama masukin dana tunai dalam aplikasi tapi tetap aja itu di bales harus bagaimana tidak keluar keluar aplikasi,Negatif
bintang satu dulu deh dana suka keluar sendiri abis hapus donlod masih aja suka keluar sendiri,Positif
buruk sekali udh tidak dibukak aplikasi nya nunggu jam blum juga makin lama dana tidak jelas,Negatif
ngebug dana ku su,Negatif
kenapa akun dana tidak masuk,Netral
nge transfer merchant gamasuk nominal k hadeh dana,Netral
uang hilang aplikasi tidak tanggung jawab,Negatif
aplikasi ny awal ny bagus y tapi sekarang tidak d bukak kadang timbul putih aj d layar hp dong d baru soal ny sayang kalau d hapus karna sangat mbantu,Positif
aplikasi kasih bagus cuma sayang pas bagi menu jual beli emas nya tidak ketik sya tidk beli jual emas di aplikasi dana,Positif
sering transaksi verifikasi pribadi terus kalau aju refund malah balas sama bot solusi kalau bikin lapor,Netral
eror terus tidak transfer mau scan pakai gambar edit gambar malah hitam eror,Netral
kak kok cairin emas dana besar rp kok belum masuk padahal emas sudah kurang,Positif
buruk mau bayar qris masa ganggu terus,Negatif
gimana sih kok bagus up lama banget terima nya min k loh buat makan hari uang segitu susah nyarinya,Positif
tidak di bukak jirr haru donlud ulang mau tv,Netral
bintang satu uang gua potong tiba buruk toioi bet tal banyak bet kasus uang dana potong google dana tindak lanjut minta pertanggungjawaban atas dana potong dana karna potong google menta laku transaksi apa dana laku tuju bayar google tuju saya,Netral
makin lama makin tidak jelas ni aplikasi dana tidak di buka lihat ulas ngeluh ambil lg bintang,Netral
dana cicil nya ngk sportif,Netral
awal dana baik aja tapi dari kemarin coba masuk apknya nggaa ya jadi baik,Netral
aplikasi jadi buruk tidak d buka d klik cuma masuk iklan itu op tidak buka,Negatif
rusak susah masuk,Negatif
uang ngurang sndiri pdhl g pernah transaksi tiba tiba tarik hdeeh,Netral
tambahin fitur ganti data ktp gaada fitur resmi masalah,Negatif
ngebug mulu mental mulu suram aplikasi,Negatif
signal kuat tapi tidak masuk,Netral
plis allah dana sering hilang uang gimana dana baik dong jaga aman nya allah,Netral
dana dari jadi gimna cerita nya kok gitu yaa,Positif
pihak dana mohon verifikasi cukup wajah tidak masuk harus kode otp kartu sudah hilang dana sekarang sangat sangat buruk uang saya hilang verifikasi tidak cukup sama wajah dana sekarang sangat buruk,Negatif
beli voucher xxi cafe tp tidak guna outlet tidak kerja sama dana komplain k layan tp tidak guna bicara robot pihak dana jaman uda susah orang nyari promo biar pering keluar tapi klian malah jebak orang jual yang tidak guna itu kalian lepas tangan,Positif
kurang bagus aplikasi dana punya ku bom dana instan nya,Positif
susah buat transaksi suruh untukperbarui data terus tp klik loading tidak buka buka halaman padahal isi dana,Netral
aplikasi mental terus,Netral
aplikasi sangat buruk mau transfer uang dana lewat scan qr malah upgrade dana premium padahal dulu transfer harus upgrade buruk sekali,Negatif
kok bisa buka aplikasi dana punya,Positif
kan abis ganti nomer trus nomer lama mau pake tapi proteksi proteksi nya sampe kapan trus nomernya bisa dipake kan btw udh bulan lebih proteksi jadi sementara pake aplikasi biru belah moga jawab,Netral
prepikasih wajah no pin tapi susah masuk akun dana cuman no tidak aktip pedahal dalem dana duit yah samape sekarang dana tidak buka,Negatif
fitur emas tidak di akses hanam lah,Netral
susah,Negatif
aplikasi dana makin canggih tapi makin kesini makin tidak buka di uninstal ulang terus macam kaya aplikasi dana berat di buka tiap di buka selalu lagi,Netral
lah dana tidak mau masuk aneh bisa mental sendiri padahal internet bagus,Positif
sangat bantu rim uang lainlain,Positif
sering eror di unstal ulang terus mau buka dana karna ngestuk,Netral
baru malah susah di buka,Negatif
moga aman aplikasi lebih kuat di ketat jadi lebih aman orang usaha bobol rekening dana,Positif
aplikasi tidak aman tidak tanggung jawab uang tiba sedot google play ngasih tau ngasih saran buat verifikasi dulu,Positif
dana aplikasi paling ribet kartu hilang tidak masuk mana ada uang nya suruh beli nomor baru buat transfer akun percuma tangan lama sampe bulan eeee bu,Negatif
dana sekarang sering baik eek,Netral
tetep msh sma,Netral
buruk masa bisa uang ambil orang atas nama dana,Negatif
terkadang file kita download tidak ke baca aplikasi hrus nya tingkat si,Netral
apknya sekarang uda ubah sekarang gilriran mau buka lama banget trus af tulis dana henti selalu bugitu,Negatif
knfa dana kalau masuk tiba tiba langsung logout kalau mau apa apa copot dulu pasang trus di install,Netral
mau kirim sama dana minta upgrade tp stelah selesai upgrade tetap tidak,Netral
dana mental gajelas terus,Netral
aplikasi nya sih kali masuk aplikasi selalu keluar di benerin ni aplikasi,Netral
aplikasi busuk sangat kecewa sering masalah,Negatif
aplikasi tidak jelas,Netral
dana b tiba tiba transfer sendiri google saran tidak ush nyimpen duit dana langsung bri aja gopay gopay coins bri sangat aman tidak kaya dana,Positif
buruk sekali akun di beku tanggap buruk,Negatif
tidak pernah langgan aplikasi tpi selalu tarik tiap bulan tidak pemberitahuan harus seperti wajib pakai nomor pin tuju dri guna tpi langsung kurang uang tidak laku batal mohon baik,Netral
buruk baanget dompet digital tiap kali d buka keluar sendiri rusak tidak d pake tidak transaksi mohon d baik jngan d abai kan masalah ini mending cari dompet digital saja lebih bagus terima kasih,Negatif
aplikasi sangat mudah guna tapi telah di apgret tiba tiba tidak di buka aplikasi,Positif
uang selalu hilang trs dana nyesel pke dana,Negatif
anjj suruh whatsapp pencet tombol selesai malah halaman utama gj aplikasi nya,Positif
kurang muas chat jawab muter muter,Netral
isi uang uang sayang hilang mohon bantu,Negatif
aplikasi kocak tidak masuk sering eror masalah sering tidak masuk loding ny lma bnget jaring bhus tidak masuk,Negatif
saya tidak masuk akun dana padahal ada uang dalam lah jngan sulit,Netral
tidak bsa masuk lupa pin trus gmana yaa,Netral
dana cicil tidak muncul padahal guna lama sampe sekarang fitur dana cicil akun tidak,Netral
dana knpa gagal masuk alias tidak bsa buka,Negatif
aplikasi tidak buka,Netral
paling malas sering ganggu kalau mau transfer applikasi tidak becus gitu,Netral
lambat bikin susah ngirim lama ngeleg yh,Negatif
ya tidak masuk aplikasi nya,Netral
tiap mau buka dana tidak buka mulu di unistal ajah ribet dana bersih riwayat jug susah,Negatif
dana buruk dh beli voucher game roblox tapi tetap tidak sudah hari nih rugi k,Negatif
masuk nya pke kode otp pdhal susah no hilng,Negatif
aplikasi buruk banget uang beku alas jelas bolak balik lapor jawab tetap sama ada selesai sedikit hingga hari inti tangan masalah sangat lamban sangat buruk bahkan lapor di tutup selesai sedikit,Negatif
bagus,Positif
bikin kesel dhl aplikasi nya sangat mudah d guna tapi pas buka lambat stiap mu buka gua hapus trus donlowud trus,Netral
sepupu transfer dana sudah hasil tapi uang dana tidak tambah,Netral
update melulu makin kesini makin lama masuk aplikasi buruk,Negatif
dana makin jengkel padahal sinyal tapi tidak ke buka tim developer gmn nih atas rusak nya uang hilang gara dana,Negatif
aplikasi entut,Netral
di upgrade premium tapi suruh update trus gabisa transfer,Netral
susah kalau masuk akun dana padahal semua benar tpi aja mintak kode wa butuh jelas dong terimakasih,Negatif
cara blok permanehn gim dana,Positif
semua fitur nya bagus tapi syang mutasi nya rusak ngak lihat aktivasi transfer aja karna ngestuk awal bulan desember ini udh bulan februari mohon segera baik jadi bingung kadang lupa keluar nya apa aja,Netral
kecewa dana cicil tidak di aktifasi terus hilang sendiri oarah,Negatif
guna transaksi dana taun tapi fitur dana cicil tidak pernah muncul buruk berat bos,Negatif
bagus,Positif
knpp yaa dana suka keluar trss haruss hapuss dulu trss download biar di buka lagi anjayy jadi lagi bngke,Positif
uptade kali ngesil banget mau masuk verifikasi dulu mana lama pass kirim pesan balesnya lama banget jam tunggu,Netral
aplikasi aneh masa lupa pin trus masuk fitur lupa pin suruh verifikasi wajah tapi gagal trus padahal wajah gin gin aja coba masuk fitur asisten ana ketik lupa pin trus minta nama lengkap minta no hp nanya nomor nya aktif apa trus saranin buat reset pin mandiri pencet lupa pin kan aneh kayak muter muter,Negatif
suka keluar sendiri pas buka aplikasi,Positif
gmn ni ko mau kirim e wallet gbs mo transfer k bank gbs ni apa jdinya susah ni mau belanja di baik thnks,Negatif
lah stabil pusat bantu aplikasi dana mau cabut setatus premium tapi gagal terus terus di baik tambah fiturnya,Negatif
dana sekarang susah buka eror teruss,Negatif
uang emas gua hilang padahal tidak jual,Negatif
aplikasi jarang buka suka stay lama tidak masuk,Positif
kode otp hilang tidak masuk akun no hp hilang tidak pakai cat ana tidak bantu help dana sama tidak solusi padahal pin sama wajah benar mohon perhati pihak dana terima kasih,Netral
min ini aplikasi dana nya pas buka muncul logo dana terus tidak masuk masuk akun sekarang aplikasi dana malah gabisa unduh ini,Netral
anh buka capcut tidak dana potong,Netral
dana tidak masuk kluar sndiri trus,Netral
fitur kocak aneh uang tidak masuk terima akun dana aplikasi gajelas mending pindah aplikasi kocak bener,Netral
sekarang aplikasi susah buka,Negatif
sulit tari dana bisnis,Netral
kurang muas hp tidak tarik,Netral
dana cicil ku bom keluar jadi rating bintang,Netral
tidak masuk dana saya eror baik,Netral
lama pake dana tidak yang nama tiba tiba uang ilang eh baru kali tiba tiba ilang cek riwayat goggle cek di goggle tidak juga padahal di cek preferensi perangkat segala macem aman tapi aja ilang gimana coba buruk sih,Netral
kopok,Positif
lupa pin malah suruh selesai,Netral
apliksasi sering tidak di buka baik pedahal versi baru,Netral
dana tiap hari sekali kok tidak buka klu mau buka instal gmana yaaa ni aja mau buka tidak instal lagi tolong dong dana gmna cara min,Positif
lah baik sistem nya baru kemarin transaksi juta minggu baru masuk sekarang bagus up e wallet nggak masuk ampun dah,Positif
knapa sih sekarang susah buat masuk apliksi y ayo dong salah y dimna masa selalu uninstal trus donload lgi mulu biar kerja lgi aplikasi dana y chat ana tpi gx bantu gx solusi,Negatif
dlu pakai dana thun tpi dana cicil tidak buruk,Negatif
tiba aja uang kurang kata langgan pdhl punya apknya aja tidak nyimpen uang sini tidak aman,Positif
dev rusak ada jadi forcloes masuk aplikasi baik,Negatif
ngak ribet,Netral
apa dana tiba tiba tangguh kan gajls bnget sumpah dana padahal transksi tidak macem macem maap balik buka akun dana atas nama seno uang situ tidak sedikit,Netral
makin gaberes masa gua donwload hapus trus aplikasi dana dana tidak buka padahal udh update mau isi ulang game bayar dana tolong minn tidak buka,Positif
hapus fitur dana cicil bikin lag,Netral
dana rb belum kirim gila,Netral
sulit buka beda yang nya,Netral
kok dana tidak di buka,Positif
jual emas uang nambah haduh gimana ini,Netral
aplikasi nya y buka dana mesti keluar aplikasi lalu muncul tulis dana henti,Netral
ada dana uwang ku aman,Positif
males banget sekarang pake dana aplikasi nya makin berat banding e walet tolong lebih sederhana att tidak buat versi lite nya,Netral
update tahun bukan makin bagus malah performa nya turun malah nge bag fitur fitur tidak muncul dana,Positif
sering putus sendiri sering henti close sndri,Netral
akun dana tidak terima tranferan,Netral
jangan instal aplikasi dana x bagus up e toll brizzi tp salsldo saya tetap tidak masuk meski aktif uang tetap tdl isi padahal status hasil isi uang brizzi,Positif
banyak rusak,Negatif
uang hilang udh tiga kali mana bijak kalian gnk becus aplikasi dana nihhhh,Negatif
dana kena tipu minta kembali dana aja butuh waktu hari belum jelas dibalikin apa tidak duit,Netral
opsi dana cicil nya tidak guna buat beli paket buruk banget si dana,Negatif
sangat bantu sangat bagus layan nya,Positif
aju klaim kembali dana karna akun bajak orang tapi kok main sekali yah jawab customer ana nya aplikasi rugi orang yang tidak kembali duit orang padahal sudah ikut asuransi tapi sepele,Netral
minus banget soal csnya tidak banget,Netral
tidak di buka,Netral
aplikasi gagal masalah masuk,Negatif
gimana tidak ganti pasword saya lupa pasword,Netral
saya update dana lama tidak masalah dana sebut tapi tidak muncul dana cicil,Negatif
sekarang aplikasi dana buruk susah masuk di guna,Negatif
bintang cuz cuman sedang teman dapat mohon maaf besar besar,Netral
dana g biss d buka,Netral
hati jangan simpan uang dana karna bnyak kasus uang tiba hilang,Negatif
aman nya sangat kurang tidak pertanggungjawaban mohon pertanggungjawabannya tinggkatkan aman sangat buruk aplikasi dana,Netral
dana sering g buka padahal uda update lho,Netral
susah kali masuk nya padahal dimasukin pin verifikasi wajah udh tapi aja tidak masuk mau minyak kode otp tapi nomor dana nya tidak aktif lama yang bantu saya mau masuk dana tidak ya,Negatif
dana skarng payah kalau mau masuk g bsa suka kluar sndiri kalau d hapus dlu trus d instal lg bru bsa masa tiap mau d pake d hapus dlu d dowload lg,Positif
kenapa dana padahal ada pemberitahuan kalau premium tapi tetap tidak guna semua fitur fitur premium hanya tampil layar sudah premium,Netral
bagus lah,Positif
dana cicil bayar tapi bisa di pake,Netral
kerja buruk masa bayar pagi sampe pagi masih proses status pokok buruk banyak rusak uang hilang tidak jelas tidak bukti transaksi nya,Negatif
tidak di buka,Netral
tidak laku transaksi tiba uang di potong nga jelas,Netral
aplikasi busuukkkk,Netral
sudah lama pakai dana tapi sekarg susah loading tdh buka halaman,Netral
gaush donwload uang hilang trus,Negatif
dana tdak trima kode otp aduhh payah sekali stlah update,Netral
sekarang susah masuk aplikasi coba baik,Negatif
tidak aman simpan uang,Positif
liat riwayat transaksi baru sering ngebug di tampil histori beberapa jam lalu baru baru malah lambat muncul,Negatif
mau reset pin lupa tapi pas pakai fitur lupa pin ke wa malah suruh masuk ulang terus verifikasi bukan kasih otp duh pusing pulsa ada ribu telkomsel nomor aktif tetap,Netral
ko aplikasi kga keluarga,Netral
pas mau isi ulang gabisa ngirim malah stuck logo danaa udh hapus cahce download ulang masig aja tetep gabisaa di baik pakai dana lebih enak gampang,Positif
sih susah sekali pakai kalau kantor offline kata lewat aplikasi lewat aplikasij nyata susah selalu kata jadi salah mau nambah pinjam sedang tinggi sekramg turun nilai susah mau apa sih tring,Netral
pindah aju hapus ktp akun dana premium sangat sulit tidak tanggap,Netral
sering tidak buka aplikasi,Netral
matap,Netral
kok masuk buat masuk nya jadi lama kayak gabisa masuk halaman beranda nya,Positif
jaring putus,Netral
kemaren dana ku tidak d bukak mana isi uang tak cobak hapus lalu update bru lodingya lama banget,Netral
makin update makin buruk aplikasi tidak pernah guna update aplikasi update data hasil nihil isi trouble semua aplikasi tidak becus,Netral
cepat,Positif
knapa dana tidak ad aplikasi dana cicil,Netral
ganti no hp sulit kirim kirim sudah tahun no antri mulu dapat tidak penyelesain sama sekali,Netral
dana cicil tidak guna harus muncul sukur lah dana cicil di beku,Netral
tiap mau masuk dana pakai hp kode otp masuk via sms whatsapp harus pilih misal bisa masuk via email jadi susah mau masuk nomor dana lantar nomor hp sudah hilang,Negatif
dana gimana sih uang hilang semua tadi kok sekarang tidak ada hilang sih uang tolong baik gimana uang kembali sudah capek capek kerja malah hilang semua uang,Netral
tidak masuk aplikasi dana nya masa diem dan lagi menu layar utama di baik,Netral
chat bot ana tidak di akses makin buruk aplikasi,Negatif
kan uang yang kalian curi tanggal,Netral
bayar tepat waktu dana instan cair gagal terus sistem kendala di perbaikin sistem nya min,Negatif
tidak di buka,Netral
asisten dana nya tidak bantu sama sekali,Positif
jaring sering eror,Netral
jadi transaksi curiga akun dana ibu buat saldo hilang hubung ana tapi tidak beri solusi dan dm ig twitter jg tidak tanggap,Negatif
gimana sih coba investasi emas lgi kemarin tarik semua malah minus rb investasi emas baru kalaupun emas lgi turun kasih info guna kalau yang mau investasi emas,Netral
jangan pernah percaya jangan download dana aplikasi tidak aman banyak tipu,Netral
eror,Netral
tagih dana cicil bayar di aplikasi notif lambat dana cicil tidak guna bolak balik chat layan tapi tidak ada hasil,Negatif
aplikasi buruk ganggu isi judol,Negatif
makin kesini makin lambat kalau buka nunggu beberapa menit kdng klr bkn nya lngsung masuk aplikasi nya ayok donk baru,Netral
live chatnya tidak bagus ini tambah no wa buat layan nya kami tdak layan robot di bantu percuma krna ai tidak masuk kita maksud,Positif
limit sedia dana cicil tidak guna sama sekali,Netral
ap tidak solusi atau tugas dana bisa d hubung,Netral
okey,Positif
makin lama makin tidak jelas sekarang tidak muat halaman bagus up kesel bener,Positif
kurang cepat,Positif
kok malah tidak buka,Positif
transaksi lancar lebih mudah,Positif
kurang suka sih soal uang cuma kasih minimal jt lah,Positif
sangat bantu,Positif
mohon maaf sekarang sya ngasih rating buruk karna sya buruk sya bayar pia qr dri uang potong tapi pihak terima uang minggu tidak masuk,Negatif
aman dana sangat buruk hilang uang banyak x aplikasi dana sudah di laporin bukan nya mgebantu malah makin pusing,Negatif
muter mulu,Netral
bagus,Positif
aplikasi bagus transaksi mudah tapi dong kalok kendala cepat tangan penangananya lama males banget costumer service nya pecat ajaa,Positif
sering sekali susah buka aplikasi,Negatif
kok sering buka keluar sendiri padahal jaring bagus memori aman ribet bngt hapus instal yang tau bole kasi tau,Positif
kadang kalau lama tidak buka app nya tuh suka lama kayak loading nya lama banget,Positif
aplikasi ampas najis mau transfer aja premium maksa banget dah lu kalau aplikasi rupa kaya dana trus transfer gaperlu premium saya uninstall ni aplikasi ampas najis,Netral
isi uang bca tidak masuk masuk lebih jam buat lapor tapi puter puter suruh isi nomor ref tapi salah melulu padahal sudah bener no ref nya sangan sangat pusing puter puter terus,Netral
beli emas dana jt an trus pas jual jual selsai tapi uang tidak sudah laku lapir dana care tapi tetep aja uang saya tidak sampai sekarang sedih banget walaupun kalian uang tidak banyak tapi turut saya uang tidak sedikit,Netral
erorr teruss mu masuk logout sendiri,Netral
ngelag terus,Netral
buka dana lama benar fitur nya kadang keluar sendiri di baik,Netral
di baik mau tarik uang emas k gagal tidak masuk tapi uang emas jg kurang hari tidak masuk,Negatif
kenapa saya mau isi uang tapi tiba tiba eror,Netral
lamabat da pemberitahuan kdang tidak,Netral
makin kesini makin ribet dana mau masuk aja susah nya minta ampun varmuk masukin pin harus nunggu kode otp no tidak aktif gimana masuk nya aneh dana sekarang,Negatif
skrg kalau bagus up maks cuma alfa kalau lebih dri x kena potong gmn min benahin min biar bintang ny nambh,Netral
kali uninstal tetep suka keluar sendiri tambah buruk ni aplikasi nya,Netral
t i tiba tiba duit angus mana k,Netral
komplain duit tidak proses padahal transfer dana rekening dana udh hasil bank belum cari tau bank dana dari dana tidak tanggap nih hari tunggu nominal sii tidak terlalu gede banget tapi butuh duit,Netral
dana cicil tidk di guna padahal sudh lunas,Netral
tidak jelas udh nunggu hari pindah akun tidak juga,Netral
sekarang susah mbuka sering fc trus,Negatif
sangat buruk kirim uang no dana tidak daftar ko uang potong tidak refund system macam apa payah,Negatif
buruk sama aplikasi dana sekarang masa maka dana cicil k bayar jadi k kata bebas bunga kalau bayar langsung lunas semua tapi nyata nya tidak,Negatif
aplikasi sangat sebal sedang bayar malah scan fitur muka bayar jadi batal promo kali pakai bayar hilang saja,Negatif
aplikasi tidak jelas uang gua tidak angin tidak hujan potong google buan bayar yang gua tidak tau apa item apa instrumen tun tidak jelas mulai rusak ni aplikasi balikin uang gua woy,Negatif
aplikasi sangat buruk kalian mau pake aplikasi mending jangan deh soal banyak fitur tidak jelas kata aman ko uang sering ilang mana besar ilangnya poko kalian mau pake aplikasi jangan poko tidak aman jangan kalian jadi korban uang sudah juta ilang dana,Positif
tidak guna di hp versi,Netral
sejak dana cicil tidak guna aplikasi lagi,Netral
tidak mengunakan dana cicil maaf bintang dlu,Netral
rasa tidak pernah ambil dana cicil tapi knpaa tagih beri jelas,Netral
bagus mudah transaksi mohon aplikasi mulai buka jg lama jeda,Positif
pinjam instan lama cair,Netral
kartu udh tidak apilakasi dana tidak buka dana henti,Netral
kapok pake dana lebih thn guna dana kali saya hilang uang akibat hack orng tidak kenal sistem aman nya kurang mulai skrng stop pake dana,Positif
aplikasi banyak rusak nya jaring bagus malah tulis network rusak kali jadi gin terus,Netral
kenapa dana tidak di buka emas,Netral
bulan nunggu pindah akun kagak mulu pikir gua pke ktp asli tau akun nya duit verifikasi wajah sama ktp apa bodoh,Netral
akhir akhir susah bangett buat buka apknya padahal di update versi baru kadang masuk tapi keluar keluar sendiri padahal device tidak eror,Negatif
tidak masuk bulan kemarin tidak masuk suruh chat ana tapi server sedang pelihara terus gimana mau chat nya kalau gitu,Netral
ayo ramai kasih b layan ana sangat buruk bulan lebih aju dana cicil belum di acc padahal belum pernah pinjam kalau dana cicil sudah aktif kasih b kalau belum lama b layan mu buruk sangat buruk,Netral
hi tugas ya akhir dana susah sekali buka padahal belum lancar ajh tuh mohon solusi,Netral
tidak dana cicil punya tk kasih bintang kalau nanti tk kasih bintang,Netral
tidak muncul dana cicil,Netral
dana kok tidak di buka malah keluar sendiri,Positif
stelah apdet tidak masuk mantul mulu,Netral
tidak buka aktivitas,Netral
skrng dana kalau buka jadi lama banget biasa jg tidak lamaa baik,Netral
dana eror terus tidak masuk takut angus uang nya,Netral
aplikasi dana ngebug sama sekali tidak scan qris buk aktivitas mutasi tidak buka lain paksa uninstall,Negatif
kasi bintang karna pas mau investasi emas hari rusak padahal hari februari tapi emas februari baik dana,Negatif
telah update jadi sering keluar sendiri,Netral
harga emas nya update min masa akhir update tgl januari sudah tanggal february lo,Netral
dana cicil tidak guna karna tidak fitur akses,Positif
sisa dana cicil tidak di guna,Netral
transaksi ratus juta premium update trs dana cicil tidak,Netral
oke,Positif
sering eror selalu stuck loading awal instal ulang tiap hari,Netral
tetap tidak di buka aplikasi keluar sendiri tidak buka dana knpa yaa,Netral
sudah premium dana transaksi banyak tapi knpa tidak pinjam dana akun,Positif
gmna uang tiba tiba kurang padahal tidak make sama sekali notif berlagganan google tapi tidak rasa langgan apa mohon bantu min,Netral
dana cicil tidak muncul,Netral
dana sering bngt ngilangin duit orang duit kenal maksud baru jadi saya hari tadi siang cek uang dana ada lebih eh pas malam barusan cek sisa an doang tidak tau padahal tidak pake buat apa riwayat akhir transaksi tanggal,Netral
hilang uang x maling app dana tidak tanggung jawab nya aman pakai gopay,Negatif
dana cicil sedia tapi tidak d guna padahal guna aktif jd mending pakai app belah tidak ribet,Netral
uang hilang dana cicil tidak pakai uang hilang stiap bulan rb rb kemarin rb kata dana paling aman mudah sudah adu ana jawab muter kaya taiii nyesel nyimpen duit di aplikasi dana,Positif
aplikasi sering eror tidak masuk,Netral
mulai ribet aplikasi apa minta update dapat hasil tahun jelas kan,Netral
belakang di hpku tidak buka aplikasi update akhir mohon segera bantu atas ini,Netral
juga tidak muncul,Netral
awal pakai dana cicil eh sekarang limit sedia tapi tidak guna padahal tagih lunas waktu heran gausah di sedia kalau tidak di guna buat pajang doang mungkin lapor tetep tidak tangan aneh makin kesini dana baik,Netral
transfer gopay malah tidak upgrade premium tetap tidak plerrrr emng ni e walet,Netral
uang di transfer dana belum masuk,Netral
stop ganggu,Positif
bintang nya segitu dulu kalau udh make dana cicil kasih bintang poko puas lebih nikmat,Positif
knpa dah kok kaga bsa pakai krna muncul lapor apa tolong jelas biasa aman aja lah kok tumben kaga bsa buat kirim,Positif
sengaja kasih bintang sangat buruk dg lynan dana cicil limit tiba tidak guna tagih sudah lunas bl lalu aplikasi parahhh,Negatif
bagus,Positif
aplikasi lambat masa mau masuk dana uninstall sih terus pas masuk suruh pake otp kenapa tidak email soal whatsapp itu mati jadi tidak nerima kode otp,Negatif
menyenagkan lebih mudah,Positif
dukugan aplikasi,Netral
mending alih gopay sini ngk bayar dana kalau rb pakai brimo minimal padahal gopay bisa aja,Netral
kasih bintang g di buka,Netral
ko sering tidak di buka,Netral
kasih bintang karna aplikasi nya tidak lambat bagus enak transaksi kasih bintang tiap mau bukak dana selalu layar nya putih masa mau buka dana instal uninstal terus verifikasi aplikasi tidak buka aplikasi t udh sekian x nya instal unistal aplikasi nya bjelek sekarang mending alih g pe,Negatif
saya klok masuk aplikasi selalu mentall,Positif
kenapah tidak ke buka apikasi dana nya,Netral
dana ganguan yah,Netral
bagus,Positif
aplikasi buruk sekali limit tidak di pake,Negatif
emas digital rugi bayar tidak di laku,Negatif
gimanaaa sudah kali rugi pertama uang ke sedot laku bayar aplikasi di google play banyak rb laluuu sekarang kena rb laku bayar aplikasi premium kaloo begini trusss uninstall ajaa lahh betmud,Negatif
bantu sekali sih aplikas ini tapi sayang buka selalu lambat donlod ulang baru,Netral
update aplikasi nya keluar sndiri loading masuk nya sangat lama dana cicil nya tidak laku padahal limit full sayarat penuh,Netral
buruk,Negatif
bguss,Netral
dh hampir sminggu tidak buka udh clear cache smpe restart hp hapus sempet hapus trus download lg kbuka tp pas mau gunain tidak kbuka lg smpe skrg gmn si pdahl dh nyaman pke malah di bikin buruk,Positif
cepat lanncar,Positif
tidak guna beta,Netral
sering eror tihati server sibuk,Netral
dana tidak di buka yh benerin,Netral
rusak jaring tidak ngotak,Negatif
tidak di download di update,Netral
moga lebih cepat transaksi jangan yang ngambil akun curi akun,Positif
baik ngelagnya dikit dikit ngelag gapake wifi ngelag padahal jaring full tempat bagus bikin emosi aja,Positif
dana cicil tiba hilang sendiri di download dan tidak aktivasi payah,Negatif
kok buka aplikasi dana sering rusak malah keluar terus padahal jaring bagus sampe tiap hari hapus aplikasi dana dwnload ulang akhir nya fitur dana cicil ilang karna sering uninstal stiap hari,Positif
percuma minta data banyak kalau keman buruk cuihh saran gaes jangan nyimpen uang dana banyak rentan rampas kocak,Negatif
kembali mulu,Netral
knpa tidak scan gmna mau transfer,Netral
knapa tidak fungsi prangkat,Netral
dana cicil nya tidak muncul muncul padahal guna lama lah,Netral
tidak nyaman dulu terlalu berat aplikasi,Positif
sering elor kg di buka aplikasi nya,Netral
bagus,Positif
sekarang makin lama buka makin baik malah makin lambat banyak fitur malah abai fitur penting fitur aktifitas transaksi tidak akses gimana mau nunjukin bukti pembayayaran kalau bukti transaksi tidak buka harus bukti transaksi mudah akses bukan malah tambah fitur tidak dana cicil lah uang kelurgalah tidak,Netral
knpa tidak masuk aplikasi dana kemarin bagus tp skrg buruk,Netral
bagus,Positif
makin buruk tidak di ajk buru buru sering tidak di buka,Negatif
untuk nabung,Netral
coba d baik lgi dana buka dana malah balik ke beranda benerin cobaa,Netral
aplikasi bodoh gampang eror mau setting aman aja tidak bisa ribet banget sih mau nyalain fitur harus pasang pin mana itu aplikasi nya suka force close,Positif
tidak buka ya,Netral
beri lebih banyak free transfer ke rekening tiap bulan jangan cuma x thanks,Netral
vermuk gagal terus narik uang tiap akhir bulan terang dengan orang sama lawong sama emang kok gimana sih,Netral
kirim kan uang akun dana lain tapi uang nya tida dan tida juga akun jadi jang nya mana masuk aplikasi dana nya hahha gitu komplen mnga dana sha refund aplikasi tidak balikin kan anehh kasih bintang satu karna memang layak kasih bintang satu,Netral
aplikasi sangat burukkk sering jadi hilang uang,Negatif
makin aneh aja ni aplikasi hari di buka besok tidak buka harus instal ulang kalau mau transaksi,Positif
kok akun dengan akun istri beda yah harga emas nya beda trus tidak rubah dieum aja,Positif
kurang puas dana playlater tidak,Positif
kenapa dana habis update tidak buka,Netral
kenapa tidak sedia dana cicil akun,Netral
pake dana tahun tahun bahkan sering sampe limit jt kali kali aneh nya tidak fitur dana cicil chat customer service nya jawab coba tiap bulan tapi nyata tidak keluar fitur dana cicil nya sangat buruk aplikasi dana,Negatif
aplikasi gajelas ganggu mulu mau transfer gbs banyak sedang transaksi padahal jam jam sama aja gembel,Netral
layan layan sangat buruk,Negatif
knapa aplikasi dana tidak di buka,Netral
dana sekarang makin pake makin ribet loginnya lama eh suruh masuk kode otp sudah gitu kode otpnya tidak dikirimin pake lewat wa ato sms sama aja bikin kesal aja nih aplikasi hal perlu banget buat bayar itu malah bikin repot,Netral
tidak premium tidak buat ap aplikasi buruk,Negatif
tidak di buka keluar sendiri keluar sendiri,Netral
diuninstall instal lg kali masih aja nggk masuk dana,Netral
belum konfirmasi pim pihak dana paksa masuk pin kali perlu tidak masuk akun dana walaupun coba verifikasi whatsapp mohon urus usut demikian rupa tidak jadi yang khawatir tunggu tanggal februari mohon segera ini sangkut paut kan uang saya walaupun tak berapa mohon sangat,Netral
buruk banget uang tidak kirim aneh bet dana,Negatif
jujur kurang suka aplikasi karena tidak dapat kan fitur dana cicil,Positif
pindah akun lama satu tahun awal smpe skrg dana asisten tidak selesai masalah malah bikin emosi,Negatif
kenapa dana tidak masuk pakai muka sama pin kok mintak kode otp soal nya kartu nya tidak lgi bantu,Positif
susah banget buka baru minggu upgrade,Negatif
tidak masuk padahal jaring bagus tapi gitu trs ya dana lumayan,Positif
aplikasi hama,Netral
susah buka elor terus,Negatif
di update tidak di buka mental terus,Netral
knpa dana cicil tidak mohon aktif kan dana cicil kak,Netral
dana tidak buka,Netral
aktivitas tidak bekas bayar nya kok gitu,Positif
tidak pertanggungjawaban nya uang hilang jt plus emas hilang tidak solusi nya aplikasih dana kurang bagus mohon maaf kasih bintang,Netral
sayah mau premium in dana malah ngstak,Netral
dana cicil nya tidak muncul di update gimana dana dulu mah sekarang mah tidak,Netral
premium selalu gagal ktp buram ktp umur hidup rata ktp buram ktp lama,Negatif
bagus,Positif
aplikasi nya tidak mau buka,Netral
susah buka,Negatif
buat rekan hati sekarang simpan uang rekening dana karna uang hilang kapan dengan transaksi tidak tahu,Negatif
kasih bintang akun dana verifikasi otp mana nomor sudah tidak aktif dana ribu dalam kalau normal kasih bintang,Netral
aplikasi buruk beberapa kali masuk aplikasi dana malah sering keluar mulu mending hapus aja deh nih aplikasi sampah play store,Negatif
bagus,Positif
akhir akhir kenapa kadang tidak di buka aplikasi,Netral
bagus fungsi banget,Positif
aplikasi gblkk,Netral
tidak di transfer bank koneksi buruk melulu,Negatif
gitu lah,Netral
jadi mental mulu tidak buka di hp,Netral
aplikasi dana punya kok tidak di buka ada saldo lg aduhhh,Positif
sangat jengkel pindah no lama no baru butuh waktu bulan,Netral
dana lambat lama baru buka padahal pake wifi,Negatif
dana aplikasi ewallet buruk ter hancur indonesia tidak tanggung jawab atas nasabah costumer service keluh tanggap bot ai tidak dana aplikasi curi scammer aman cuma jokes semata pokok gausah simpan duit di dana pihak dana sering laku cuci uang nasabah terlogout otomatis tiba tidak masuk,Positif
baru kali make dana transfer bank status hasil tapi duit gamasukk minggu lalu lapor ktanya suruh nunggu sekarang tidak masuk duit gatau ilang,Netral
kk kenpa sayah tip buka dana tiba g di buka,Netral
uang hasil jual emas emas belum masuk hari sampe sekarang riwayat belum padahal uang emas uda gaada kasih solusi,Netral
payah bulan bulan minta ganti nomer hpnya tapi tidak,Netral
akun kena hack sekarang aplikasi tidak buka sama sekali alas verifikasi wajah tidak sesuai heran,Netral
susah buka dana,Negatif
saat tetap tidak masuk aplikasi dana,Netral
duit ilang padahal gwe tidak ngelakuin apa apa trus cari tau nyata tagih google online tapi tidak ngerasa bayar dong balikin ceban tidak papa tiga ratus lebih anjj emang ngntt lahh,Netral
dana makin kesini makin nyusahin uang dana tiba tiba lenyap pura gatau kek orang dongo gilir mau masuk bikin ribet tidak semua orang gmail nya aktif mana ui nya berat banget,Netral
makin kesini aplikasi makin bobrok,Positif
kasih bintang harus verifikasi otp mana diam nomor sudah tidak aktif,Positif
apa aplikasi dana sekarang tidak masuk masuk aplikasi dana,Netral
baik,Netral
bikin fitur agen dana di isi ulang saldo menu agen dana tidak di buka mulu aneh lo tugas baik layan komplain lah minimal live costumer service jawab kendala bukan robot,Netral
aplikasi lama buka sering lambat masuk dana nya gabisa gimana mau ana,Negatif
masuk gag,Netral
skrng eror trs,Netral
jangan mau pakai aplikasi dana uang sering tiba tiba hilang tugas nya tidak becus kerja mending pindah pakai gopay seabank tanggap tugas mua,Negatif
ra mutu,Netral
tidak di buka,Netral
sekarang kalau buka dana susah sekali buka susah terus lama terbukanyh,Negatif
tidak di buka loadingnya kayak nungguin lampu merah jam,Netral
susah buka,Negatif
aplikasi tidak aman,Positif
haiii deff maaf belum ewallet populer tapi sama sekali kompeten sistem lambat cacat ruh kualitas proses transaksi masuk alam buruk saat aplikasi ewallet sorry deff percaya kritik tanggap paling bijak evaluasi tidak ada aplikasi sempurna goodjob dana indonesia,Netral
tidak sedia fitur dana cicil saat,Netral
makin kesini makin buruk nih aplikasi masa tiap buka aplikasi di hapus dulu terus instal baru di buka,Negatif
dana tidak di peremium kan,Netral
aplikasi tidak di buka kembali sendiri trus,Netral
bagus,Positif
dana cicil tidak guna padahal bayar bom jatoh tempo,Netral
aju upgrade premium gagal sudah hubung layan tapi proses lama banget tidak transaksi saya harap segera baik layan,Negatif
aplikasih apa masak nunggu lebih menit stuck logo doang ajing emang jaring bagus ram banyak tapi stuck logo aja,Positif
adain dulu dana cicil akun gua baru gua kasih bintang,Netral
lambat,Negatif
males banget gbs transfer kudu dana premium dl mana ribet lg mau foto kk nya malah bikin susah kaga bisa pdhl rumah jg jaring ny bagus kaga lag lag mn abis veruf ktny sistem sibuk ansjwjshjsksks nyebelinn bgtttttttt yakin asli abis un instal ni aplikasi tlng baik,Netral
layan buruk uang potong laku transaksi tidak kirim,Negatif
dong ko akun dana tidak buka padahal premium ko minta kode otp kartu nya tidak aktif soal,Netral
kali harus hapus data kembali mendownloadnya tidak guna biasa didownload kbali baru guna,Netral
baik,Netral
tidak masuk saya,Netral
baik,Netral
laku transaksi qris merchant jam laku tari tunai pihak merchant kemudian tunggu kembali uang aplikasi uang potong tidak masuk pihak qris kait kemudian lapor terima kata kembali uang karena salah teknis jam maintenance hari uang kembali sudah tunggu hari tidak ada mana uang pergi,Netral
aplikasi tidak guna minta kode otp blom jg kasih,Positif
bos dana aplikasi tidak buka nih pass update ngebug baik,Negatif
ni kenpa akun dana tidak di buka aplikasi henti mulu,Netral
di baru buat refresh nya dong,Netral
fitur rekan dana input nominal nama langgan tidak muncul update clear chace tetap nama langgan tidak muncul aplikasi ni makin bnyk kendala,Negatif
saran aja buat dana kalau emang ngirim uang premium tidak masalah cuman kalau ngirim ny pke qr tpi hrus premium ribet sih dong kalau dri qr tidak premium,Negatif
uda lama pake dana tapi dana istan blom muncul,Netral
tanggap tidak bantu tidak ngecek transaksi,Positif
sering uninstal mohon ko reksi,Netral
akhir sering rusak kirim e wallet kdang kadaluarsa aplikasi susah buka ngeblank kasih b dlu,Negatif
terlalu lama loading nya,Netral
pas upgrade tidak kesell,Netral
apa sih dana lama tidak masuk tiba tiba tidak di buka aplikasi nya kan aneh,Netral
pertama launching aplikasi dana nyaman pakai nya selalu pakai bahkan m banking tidak guna fitur dana cicil uang nya ada tetapi tidak di guna langsung tidak respect jadi tidak mau pakai nya mohon maaf dana digital,Positif
tidak masuk jaring bagus bru,Positif
tidak di buka,Netral
ribet,Netral
update terus,Netral
mind dana nya tidak buka karna kode otp,Netral
dana sih tanggap nya lama banget udh kirim masalah lewat email tidak tanggap sama sekali udh hari,Negatif
cuih aplikasi gaguna apa apa tidak ngapa ngapain tiba tiba dana sedot ribu aman tingkat kan dong gaada tanggung jawab hadeh hadeh,Positif
sangat bagus,Positif
jaring bagus tapi tidak masuk slalu mentok logo aplikasi buruk,Positif
akhir akhir masuk aplikasi dana lama banget ampe uninstall abis download begitu aja trs whyy min,Netral
sering buruk krn tidak di buka,Negatif
terlalu banyak masalah,Negatif
aplikasi sering keluar sendiri alas jelas,Netral
mau transaksi susah bener ngulang sampe jam tidak bisa apl apdet versi baru segala macem loding mulu jaring bagus pantesan orang pindah dompet belah,Netral
qris dana tidak di download,Netral
make dana lama tapi baru sekarang dapet masalah huhu kenapa aplikasi gabisa buka waktu uninstall terus download sudah daftar tapi besok keluar masuk sudah beberapa kali kaya gitu bingung banget nyimpen duit situ semua,Netral
makin sini makin buruk ngedadak tidak di buka uang yang nyuri tidak tanggung jawab,Negatif
banyak keluh gapernah tanggap hampir bulan masuk akun sendiri gabisa terus padahal log out device lainha,Netral
saat mau guna koneksi putus aplikasi di update malah rusak,Negatif
moga disingkronisasi hp,Netral
apa kemaren premium sekarang tidak trus duit jebak dana haduhh segera balik uang,Netral
bagus banget sih aplikasihnya tapi sayang kok dana cicil tidak muncul padahal sering apdet tapi tetep tidak muncul,Positif
skrng sering tidak langsung buka jadi mls pakenya,Netral
sangat bantu,Positif
sekarang akun dana banyak kena heker,Netral
aplikasi sampaah kali masalah lapor layan chat bot sama sekali tidak bantu sangat sulit hubung layan sampaaah,Netral
jual emas berapa hari uang tidak masuk emas hilang uang tidak masuk transaksi gada aneh banget nih aplikasi bikin rugi aja,Negatif
aplikasi hama tidak jaga aman akun masa tiba tiba akun keluar mau masukin lgi alas jaring masalah uda coba pake data wifi tetap aja tidak bsa uang jt lenyap gitu aja,Netral
gabisa ganti pin dana hoak cuih,Netral
aplikasi apa sih makin diupdate makin tidak buka payah,Netral
apa coba uda upgrade tetep gabisa tarik tunai alfamart,Netral
bagus up e tol rb hilang hingga hari tidak,Netral
sekarang lambat,Negatif
kenapa si masuk keluar masuk keluar mulu,Netral
transaksi emas gagal tapi uang emas kurang uang dana tidak tambah parah nggak riwayat transaksi layan layan sangat lambat tidak selesai masalah tunggu itikad baik,Negatif
lupa pin terus suruh wa tapi nge wa tidak bales,Netral
kasih bintang mau masuk akun nomer tidak aktif tidak terima kode otp ada uang an minta bantu tidak pernah direspon mohon bantuanya,Netral
kasi bintang karna akun dana verifikasi otp mana kartu nya hilang kalau suda normal kasi bintang,Negatif
upgrade dana premium tidak transaksi,Netral
bagaimana cara hapus pesan,Netral
banyak kendala sering kluar tiba tiba,Negatif
dana kok stak loading ya di tunggu set jam tidak masuk aplikasi,Positif
akun dana ya habis saia isi ulang eh aplikasi dana ku tidak di buka hilang ini uang saia donk,Netral
akir akir dana banyak problem nya akun dana sya tidak basuk selalu minta code otp no hp tidak aktif tidak kayak dulu masuk no hp pin les kayak sekarang ribet baget,Netral
lah sudah download tapi lupa sandi pencet lupa sandi kirim whatsapp verifikasi terus pencet ada link nya heran banget gitu kok jadi kesitu saya lupa pin kok jadi kesitu hadehhh,Positif
dana loading nya susah buka ya nggak bagus up ambil uang maupun isi paket data maupun token listrik keluh langgan perhati trimokasih sblmnnya,Positif
loading lambat,Negatif
karna uang dana belum masuk,Netral
halo dana tidak isi k padahal sudah isi tadi sesuai nomor sendiri,Netral
aplikasi buruk banget banyak banget transaksi ilegal qt tidak pernah ngerasa lakuin chat ana tidak solusi sama sekali gila uang jt ilang gitu aja aplikasi buruk banget buruk banget sumpah,Negatif
ya sering stuck logo aplikasi skrang uninstal dulu baru d buka tiap mau buka kaya gitu,Netral
tidak semua fitur dimunculin terlalu pilih pilih,Netral
aplikasi maling dana keluar tiba tidak sebab,Negatif
kagak masuk dana curi cok padahal yang kasih dana proteksi sudah bagus up sabanyak tapi tidak masuk tapi tidak foto pas bagus upnya mana bisa pls kem baliin dana sudah pake dana tahun loh,Positif
padahal lama pakek dana fitur dana cicil nya tidak payah,Netral
ko tidak masuk dana keluar terus,Netral
tim resolusi hari tunggu juga tidak selesai masalah lapor saya aju layan adu bantu tidak di andal sangat buruk tangan nya,Negatif
dana bisnis masa uang dproses x jam ada aja ning gopay dah anti lambat,Negatif
afk makin lama makin suka rusak,Netral
tidak enak mau bagus up game malah rusak muluk pas mau buat malah tidak bolehin premium aplikasi tidak kayak aplikasi sudah usang,Netral
tidak masuk dana nya,Netral
dana mulai tidak jelas ni lambat trus tidak di buka hapus instal baru buka,Negatif
kadang keluar sendiri,Netral
sangat buruk tim dana tidak selesai masalah akun yang tidak transfer karna akun di beku pihak dana massal cuma begini tetap di sulit akun di suruh bikin tiket lapor terus sampai saat ini tidak selesai nya buruk dana bank indonesia,Negatif
kasih bintang tiga karna dana sering banget loading padahal cache bersihin tapi sering loading pas saya uninstall install tetap sama,Netral
baik aplikasi selalu keluar sendiri,Netral
buat akun bisnis buruk karna tidak tarik uang metode pin karna pakai wajah selalu blank hitam kalau mohon cepat baik nya mohon min,Netral
kurang tanggung jawab,Netral
bisa transaksi sendiri tampa komfirmasi guna,Netral
fitur protectionnya tidak fungsi cuma buat nguras uang aja hapus aja deh fiturnya klaim protectionnya tapi tidak di bales hadeh,Netral
bagus,Positif
sekarang mau buka aplikasi gabisa terus uninstall tetep aja gitu,Netral
dananyaa tidak di buka keluar sendiri kek gitu,Netral
uang suka kurang,Positif
jangan percaya aplikasi dana guys kalau uang kembali uang hilang otomatis banyak san pihak dana tidak kembali aplikasi dana masih kurang soal aman guys jadi tidak usah percaya uang kalau hilang potong otomatis tuju terus mau kembali tipu iklan guys yah terimakasih,Negatif
aplikasi dana hari hari tidak,Netral
wah gimana ni dana napa tidak di buka padahal uang buat biyaya anak di bantu aplikasi biyar buka,Netral
susah buka sering tiba tiba keluar update aplikasi nya smakin berat hp,Negatif
apl nya buruk masak bagus up brimo duit tidak masuk tp uang brimoku udh potong,Positif
buat teman teman semua mau bagi alam jangan guna aplikasi dana pribadi alami hilang uang besar rp uang sebut potong langsung aplikasi dana jelas yang jelas jadi sangat rugi karena saya ingat teman teman lebih hati hati guna aplikasi uang digital,Negatif
buruk bangeut gua bobol rb lebih tau tau ilang aja,Negatif
buka aplikasi suka mental keluar sendri yah,Positif
kadang aplikasi tidak buka,Netral
tidak buka sering bngt bgini tidak sprtti dulu,Netral
ko ngak dana cicil,Netral
susah masuk,Negatif
aplikasi tidak buka,Netral
kenapa kadang suka rusak muncul logo trs tapi tidak buka brandanya trs kadang suka tiba keluar sndiri kadang buka tpi layar putih semua dong baik brp kali aj uninstal,Netral
pihak dana mohon lebih buat nyaman guna nya laku jual emas pending padahal butuh dana cepat saya guna,Positif
apa dana berapa hari gag d buka sangat buruk,Negatif
aplikasi buruk banyak ngebug nya,Negatif
aplikasi dana hp oppo a s mental tidak masuk mohon baik,Netral
dana cicil belum,Netral
aplikasi nya buruk banget karna payah kalok hilang nomor hp mau ganti baru tidak lagi,Negatif
kendala muluu,Negatif
bagus transaksi cepat,Positif
di aplikasi kok tidak muncul fitur dana cicil nya,Positif
sory dana buruk make aplikasi transaksi gelap tidak konfirmasi langsung transfer aplikasi tidak jelas kali nya giniin aman aplikasi rugi dong uang dana curi sedikit sedikit,Negatif
banyak rusak kendala alas,Negatif
dana kenapa tidak buka baca diroot,Netral
tugas bulan kurang jelas sering hilang uang gajelas,Negatif
ko tidak scen qris bos,Netral
minta otp terusssss hilangin tuh otp kalau dana mau rame sandi wajah masak belum cukup bilang aja mau ngrampok,Netral
tidak ganti nomer hp kenapa min,Netral
ganggu mulu dana,Netral
tidak dana instan,Netral
duit nyangkut g jelas,Netral
dong tidak liat mutasi keluar kan jadi bingung kalau transfer orang tapi tidak kirim bukti,Netral
aplikasi sampah kode otp tidak masuk,Negatif
burukk dikit ganggu dikit ganggu konyolll,Negatif
banyak ganggu transfer aja nunggu waktu jam sekarang mau transfer saya suruh nunggu hari asli gajelas nih,Netral
aplikasi jelek panjang masa isi uang malah hilang duit padahal ada bukti kirim uang hasil,Negatif
aplikasi dana sekarang tidak aman,Positif
kedok transfer pending akhir uang hilang,Netral
baru bagus up uang tiba tiba transaksi ilegal bayar google pay verifikasi tahu seijin dan tidak payment langgan satu google pay aktivitas bayar payment langgan google pay tidak tidak tampak aktivitas bayar tampak lihat di dana chad ana tapi belum jalan solusi lempar sana sini harap ada solusi tanggap jadi ini,Positif
tidak masuk akun padahal no aktif lupa sandi kirim kode otp via sms g masuk lewat wa dana otp malah pending tidak kirim gimana mau masuk akun,Netral
dana cicil,Netral
buruk dana sekarang tidak buka,Negatif
akun tiba tiba tidak premium apa pihak aplikasi dana,Netral
eror,Netral
bagus,Positif
uang tahan bulan november sekarang belum masuk jg,Netral
kaga jelas dana orang transaksi satu bulan kali dapet dana cicil gua transaksi tiap hari malah kaga dapet akun premium data lengkap tagih apa kaga malah tidak luar biasa guna dana tahun lama pake dana tidak dapet apa cashback kaga ngasih voucher kaga guna luar biasa tidak apresiasi dana ke,Netral
benar sudah capek bicara ana lain atas nama tugas aplikasi dana fitur dana cicil tak kunjung aktif tahun tahun pakai dana tapi tak kunjung aktif fitur dana cicil tidak bantu sama sekali percuma chat chat ana sudah benar benar muak lama lama desa saya ajak pindah pakai aplikasi belah aja buat transaksi transaksi,Netral
gara dana sering banget ngeslot hahaha hmph,Netral
nomor tidak aktif masuk minta paskey gimana,Netral
tgl januari laku jual emas banyak ribu dana emas saat mau laku jual jadi rusak uang emas kurang trus liat uang tidak uang masuk histori jual tidak hasil jual trus coba jual sisa emas itu chat di dana assistant jg kata sedang pelihara sistem suruh ecek ulang tetap tidak progres jujur saya sangat buruk layan dana,Negatif
jangan pake aplikasi g jls belum konfirmasi tiba byr sendiri,Netral
sebel banget mau tarik tunai aja ke dana premium dulu,Netral
dana makin update makin berat hp ram lama banget buka aplikasi aplikasi bayar enteng biar mudah guna,Positif
saat sedang butuh tidak buka jaring bagus tapi tidak masuk padahal sedang beli tiket kereta api mohon tingkat guna nikmat aplikasi dengan baik,Positif
aplikasi nya kok kurang bagus sekarang tadi menang tarik bayar dana notifikasi hasil cuman pas liat tidak masuk biasa nya langsung masuk sekarang enggak,Positif
heran pdhl tidak mersalah kuota bnyak tp pas buka sllu koneksi internet mu mati nih,Netral
maaf tak kasih soal dulu sih bagus skrg kok buat masuk kok susah mlh tidak sama sekali,Positif
buruk,Negatif
uda hampir satu bulan dana playlater ny blum muncul,Netral
gratis tapi uang biasa tidak masuk kalau habis isi ulang padahal transaksi bagus up hasil tapi belum masuk nomor dana betul tapi tetap tidak masuk bikin uang habis,Positif
baik sistem nya masa mau transaksi aja susah banget super lemottttt eror terus,Negatif
dana cicil tidak guna,Netral
aplikasi paling banyak potong stiap kali uang masuk potong ribu trus jengkel betul ap dana,Negatif
sayang dana cicil tidak di guna lg telat bayar sudah lunas,Netral
jangan download uang rawan hilang,Negatif
aplikasi buruk banget,Negatif
kox susah buka sih lg troble apa gmn,Negatif
program beta prnuh gimana mau dana istan bulan lebih juta transaksi,Netral
nomor telepon nomor whatsapp yang taut akun dana hilang saat masuk akun dana minta kode verifikasi lalu sms whatsapp tetapi nomor telepon nomor whatsapp telah hilang bagaimana cara bisa masuk akun dana tanpa verifikasi,Negatif
dana sampah punya akun dana nomor nya tidak aktif malah minta verifikasi kode sungguh sangat buruk ada saldo orang mungkin tidak masalah tapi saya penting mohon nomor nya tidak aktif ada dana mending langsung transfer saldo hilang karna aplikasi sampah,Negatif
sering ganggu teliti kalau transfer soal suka tidak masuk,Positif
update malah susah masuk ny,Negatif
sumpah sekarang makin tidak bener dana mau masuk aja rusak mulu jadi tidak buka aplikasi nya,Negatif
lama pake aplikasi tapi tidak kasih dana paylater buruk bet mana keluar bulan lebih daei jt,Negatif
aplikasi tidak amanah transfer uang otomatis tahu guna saran hapus aja aplikasi,Positif
tidak di buka aplikasi nya mau apa apa susah,Negatif
duit tiba hilang padahal belum tarik walaupun nominal kecil kadang sering transfer orang random padahal tidak rasa transfer,Negatif
dana makin payah anjirrr sumpah uang ku hilang jadi rp kenapa ngestuk logo bendera pas buka dana ribet uninstall trus install ulang biar tidak ngestuk kek gtu,Negatif
ken narik uang dana goals terus sruh verifikasi wajah malah tidak pdahal ngikutin arah terang oke tapi suruh perbaikin cahaya mulu padahal sudah bagus terang al hasil tidak narik sampe sekarang pdahal butuh banget,Positif
uang dana sedot habis tik tok tuju dana tidak tanggap bantu,Positif
tetiba dana tidak buka padahal buka aplikasi bayar lain,Netral
kenapaaaa dana tidak pencet tarik tunai padahal kali kali mencet nya tpi tidak tolong dana baik lagiiii,Netral
saat dana paylater tidak muncul akun,Netral
masuk aja susah pas masuk blank layar tidak tulis update bukan makin bagus malah banyak rusak klu gin mikir dana jadi transaksi utama ganti cari transaksi transfer digital dana klu gin buruk dana makin buruk aplikasi,Negatif
bagus,Positif
tidak dana cicil,Netral
sering kali rusak apknya,Negatif
baik dana bagus up dana juta tapi tidak masuk rekening indomaret hasil tindak lanjut krna butuh uang nya cepat sengaja bagus up krna setor malah tidak masuk rekening padahal udh sukses,Positif
dana suka motong pemberitauan ati mau transfer dana potong penerimaaaaa,Positif
capek ah bolak balik download dana abis download baru kali pakai uda tidak masuk ana aplikasi dana nyuruh rekam layar masuk dana tidak gimna mau ngirim nya kok paok,Positif
masalah tugas hp ke reset sendiri oppo a bisa investasi tetap ada atas nama mochamad angga ferdinandsyach mohon bantu untuk temu hasil investasi dan akun dana,Negatif
suka mental kalau buka aplikasi,Positif
masuk dana lama tidak masuk masuk ulang kalau gin mah takut tidak aman duit,Positif
verifikasi wajah gagal terus alas muka tidak sama namajuga mahluk hidup muka ubah ubah sesuai umur aneh nih,Negatif
aplikasi gajelas pdhal sering bagus up kesini tapi selalu bnyk kendala mau kirim e wallet aj bnyk tingkah mksa beli sini udh update malah sering keluar sendiri lambat kont,Negatif
kalau tidak sanggup nampung user banyak tutup aja aplikasi,Negatif
aplikasi buruk,Negatif
kasih tiga dulu soal fitur paylater nya ngak,Netral
sering lama masuk ny,Netral
smangat mudah,Positif
dana sangat mengeceeakan sya laku bagus up dri mobile bca dana tapi uang dana tidak hasil padahal inbox bca kata teransaksi has padah bukan uang sedikit d bagus up sudah lapor luhan pihak dana tapi tidak ad tanggap dangat buruk,Netral
buruk banget padahal dulu tiap transfer pakek tidak pernah masalah tapi sekarang transfer jangka waktu sehariii tidak langsung kirim bikin worry bangett,Negatif
mohon bantu gabisa buka akun dana saya padahal gaada baca hrus update segala tapi tetap sajah gabisa buka sama skli,Netral
si nerima transfer uang atas jt tiba tiba akun saya di beku tidak transaksi gajelas banget lama lama aplikasi,Netral
jadi lambat,Negatif
dana sekarang tidak kirim e wallet padahal sangat perlu transaksi,Netral
padahal akun premium tapi tidak di isi uang transfer,Netral
kok begini sih dana duit hilang padahal tidak pernah tuju bayar sebut,Netral
sering transaksi rutin tunggak cicil gada tpi malah tidak di pake limit uang dana cicil nya aneh buruk buruk,Negatif
tangan kendala customer lambat sampe hari hari,Negatif
jellek guna dana cicil sering tidak di guna padahal belum pernah telat jatuh tempo,Netral
pula ni sering jadi ganggu bahkan keluar sendiri aj aplikasi padahal isi uang transfer malah macet tolong baik min soal kepingin simpel malah lebih ribet,Netral
aplikasi sampah tolol gal guna kalau capek jelas tetep ajak tidak bantu minta solusi cara masuk biar ganti nomor lama sudah hilang malah sulit,Negatif
rasa buruk pihak dana uang ada ambil pihak dana tidak ber tanggung jawab,Negatif
sangat tidak saran,Netral
awas pake dana ad saldonyabanyak mulia sekarang terus hari saya tipu sama dana asistenanya ana nya ap ap uang sya tidak di ambil payah dana,Netral
aplikasi nya makin lama makin lambat,Negatif
kurang baik,Netral
suka banget hilang fitur kirim uang e wallet nya nyusahin,Netral
ingin ganti nmr pakai akun lama tidak tidak solusi payah tidak jelas mnta bantu ana tugas tidak trus gmna,Netral
yaa bagus fitur kirim e wallet tidak,Positif
kokngak di buka akun dana ku,Positif
tiap mau masuk unistal terus instal lg baru kenapa yah,Netral
udh tidak jawab muter aja,Netral
dana cicil tidak,Netral
udh hubung ana tpi jawab nya nihil transaksi lancar kok tpi kok susah banget dana cicil dn dana instan transaksi bak bulan atas jt makanya minta dana cicil di dana dri pinjam aplikasi lain bunga nya besar kak di tanggap keluh saya,Positif
halo kak tugas mau nanya fitur tarik tunai hp kok tidak ya tampil loading terus min,Positif
kok tidak buka dana kak,Positif
uang dana lenyap gitu aja ribu benerbener dana sekarang tidak aman mana gaada fitur dana cicil dana payleterr nya padahal sering banget transaksi pakai dana,Positif
ni aplikasi juta manusia pakai tapi kalian tidak teliti guna uang di tuju penguna nya masuk rekening orang saya ingat kan kalian apabila jadi itu tanggung jawab kalian,Netral
dana cicil tidak guna knpa padahal limit nya ad tidak guna,Netral
mkin kesini mkin susah masuk,Negatif
dana eror koneksi jaring tidak stabil coba,Netral
tidak masuk soal hp baru nomor nya tidak aktif tidak dapet kode verifikasi arahin suruh ganti nomor masukin nomor baru malah tidak verifikasi alas ktp di guna,Netral
lumayan,Netral
suka nga ngirim aneh,Positif
buat transaksi sangat bagusss tarik tunai lancar tranfer lancar sangat bagus kaya bca mandiri lain nya saraankan aplikasi harus privasi ketat cuman suka kendala dikit kaya lek,Positif
aplikasi apa masa simpen uang malah hilang aman kurang yakin tolol,Negatif
lupa pin dana tapi sudah minta bantu ana kali kali tetap tidak jalan keluar masalah ini saya mohon sangat pihak dana,Negatif
baik,Netral
bagus sekali,Positif
susah bener buka nya,Negatif
uang tol belum masuk parahh pusat adu tidak tanggap bangsatttt,Negatif
radah susah masuk aplikasi dana copot dulu terus instal ulang baru masuk tlong diperbaikin,Negatif
kadang punya sya tidak masuk hapus download tiap hari,Netral
mau buat lapor aja tidak nyambung layan bot nangani layan bantu busuk,Netral
sering hilang uang,Negatif
sering rusak tidak masuk dana keluar mulu,Negatif
sekarang susah masuk di baru baru tapi itu selang beberapa jam tidak masuk ada apa,Negatif
aplikasi payah sering rusak,Negatif
di instal tidak padahal butuh aplikasi dana,Netral
beda inves emas dana sama emas dunia beda banget anehhh bukan nya naik ngikutin malah turun,Netral
maksa banget sih isi dapat tahun belum kerja mana aplikasi tidak operasi belum isi dapat tahun,Netral
ngk bagus up,Positif
tidak pakai fitur dana cicil padahl dapat limit aneh,Netral
ah gimana sih dana masa transfer masuk potong terus biar uang apa potong pulsa juga harga nya mahal,Negatif
bru nongol dana cicil tambah bintang kalau dana instan paylater tambah bintang karna percuma kalau da fitur tpi gx nikmat nya,Netral
tidak bagus up biasa enak aja beli data dana kok sulit tidak muncul beli data token nya,Positif
maaf trs perbaikin dnk,Netral
buruk aplikasi dana hp anak jambret si jambret pake nomer anak buat bikin akun dana hebat saat genting ini malah lapor chat di chat lama sekali balesnya gilir customer mau nulis balesan agent tinggal cakap maksud apa ini banyak korban nya lohh pake dana aplikasi nya dengan nomer anak,Negatif
halo tugas dana mohon bantu kali mau upgrade dana premium selalu muncul jadi salah buat kyc mohon solusi terimakasih,Netral
tidak dana cicil nya,Netral
fitur kirim e wallet nya hilangin padahal mudah,Netral
di download lama banget,Netral
halo aplikasi tidak di buka kenapaya sering jadi itu,Netral
apa an sya tidak masuk akun sya entah email siapa nyangkut akun sya mau masuk malah d kirim kode otp email bukan email sya gimana dana,Netral
sering macet tidak dibukak padahal update habis di hapus trs dnld baru buka masak iya hapus download mulu kalai mau pakai,Netral
dana mudah akses beli tidak sah tau uang potong ulang kali yo yo voice cha kok dengan mudah nya duit tabung di ambil tampa izin,Positif
bagus,Positif
gilaa emng dana makin lama makin besar adminya bagus up jdi ribu sekarang mulai gratis potong perak sekarang ribu kalau gin terus pindah e walet lah padahal guna setia dana tapi benar benar kecewa memang kalau setia bakal selalu kecewa,Netral
woy baik server luu lama asik delay aja,Netral
sangat buruk masa uang nya sering hilang poko nya buruk bangeett,Negatif
aplikasi tolol tidak mutu banyak kendala,Negatif
dana bisnis cair butuh hari duhhhhhh aplikasi jengkel kalau mau d pake belanja cepat tidak muter lanjur bikin qris kalau begini cara pindah gopay qris,Netral
tidak keluar uang selalu eror kenapa,Netral
kenapa ko uang nya tiba bayar gogle sendiri rb gimana ni pihak dana,Netral
dana cicil tidak di guna,Netral
transfer gopay dana rb tapi uang belum masuk smpe hari layan dana gada solusi nya malah belibet buruk sama aplikasi dana,Negatif
ada rusak sangat ganggu verifikasi wajah selalu gagal padahal kamera jernih tempat terang tapi gagal verifikasi nya ya developer baik bugnya,Negatif
buruk dana paylater n dana cicil g mucul lebih baik pak sheibank bunga,Negatif
uang dana kuras langgan google play aplikasi linkedin padahal tidak pernah laku transaksi sebut mutasi aju refund dana aplikasi dana tidak ada arah sama sekali dana yang sudah di ambil,Netral
maaf tadi g masuk rusak mulu kesel q,Negatif
kkecewa susah bngt d buka kalau dah buka tiba keluar sendri,Negatif
diupdate malah jadi lambat masuk gabisa instal ulang hapus cache restart device tidak ngaruh harus re instal,Negatif
sekarang aplikasi dana mulai kacau kok malah dana cicil tidak saya bagus up gda pmbyaran jual beli kok tba tiba uang ku tarik kata nya bayar dana cicil sangat repot belum teror di telfon stiap hari kata nya dana cicil nunggak aplikasi aneh sekarang mending pindah dompet digital,Positif
lumayan,Netral
update hari sekali sering banget update bikin lambat event tidak penting,Negatif
sekarang tidak krm uang ewallet,Netral
baik,Netral
ko dana apkl nya g buka min,Netral
kok tidak buka lambat banget,Netral
banyak potong,Negatif
bagus sih memudh kan hari tapi suka susah masuk fitur tarik tunai,Positif
dana premium hilang woy,Negatif
kemarin tanggal jan jual emas nila jumlah emas sudah kurang uang belum kirim aneh cek riwayat transaksi tidak,Netral
punya tidak nerima uang padahal sbelumnya aman,Positif
aplikasi tidak guna,Netral
lambat,Negatif
makin lama makin ubah ubah dulu mau ngirim tidak ribet sekarang malah tambah ribet jadi dana premeum dulu baru ngirim benar aplikasi pertama enak karna ribet sekarang malah makin ribet tidak betah kalau buat ribet kayak gin bintang dah,Netral
aplikasi bodoh uang di retas udh buat lapor kata dana tidak kembali,Netral
aplikasi berat ram kecil makin update makin susah akses,Negatif
aplikasi dana dah makin kesini makin kacau ajah masa mau beli pulsa data ajah nggk loading terus coba lah baik,Netral
tidak naik limit dana cicil pun di lunasin tagih nya,Netral
buruk kirim gagal hari uwang hilang,Negatif
sering eror satu harus nya fitur nama masuk no transaksi,Positif
diupdate masuk cukup pakai wajah sama kata sandi aja tidak usah lewat sms whatsapp karna nomor tidak aktif jadi tidak masuk akun sampai sekrang,Netral
tidak daptar akun bisnis,Netral
dana sekarang suka keluar sendiri baru mau buka aplikasi dana tau tau keluar sendiri,Positif
banyak kurang fitur live chat tidak cuma ngandelin chatbot banyak tidak atas kalau cuma ngandelin chatbot harus fitur live chat nya,Netral
uang nya hilang tiba tiba,Negatif
tidak paylateer nya,Netral
dana cicil tidak guna tidak tagih sama sekali,Netral
cek in hari alami problem harus tindak lanjut,Netral
baik dana dana eror,Netral
aplikasi mudah hack orang tanpa yang kirim tingkat aman aplikasi,Positif
server busuk rusak terus,Negatif
minimal x gratis transfer su kaya gopay,Netral
transfer bank mahal sekarang payah gopay ovo murah,Negatif
dana cicil biasa guna malah tidak padahal tgihan sudah lunasin semua,Netral
pernah hilang uang gatau padahal tidak laku transaksi tapai transaksi sendiri aplikasi tolol sengaja tabung malah transasi,Negatif
fiture rekan dana weyy aplikasi system sibuk terus udeh bbrp hari,Netral
ngirim uang pending mulu bangsad lah,Netral
udh lama pakai dana sampe transaksi udh banyak skrng fitur dana cicil belum aktif akun,Netral
kurang bagus,Positif
sekarang di buka aplikasi tidak mau buka jadi sulit ecek apa dana masuk apa engganya,Netral
dana sering ngebug lama sekali masuk aplikasi,Negatif
dana syal kalau mau tarik uang buat aplikasi pake tuju jangan asal tarik apasii tiga kali uang ilang km aplikasi buruk benci banget sama dana,Negatif
sangat muas langgan,Netral
kadang dana ngelek,Netral
tidak guna fitur dana cicil padahal ada dana cicil,Netral
salah satu aplikasi pake transfer terima uang d toko tpi kcewa banget pake aplikasi kemaren org mau ambil uang lalu dana trus sruh kirim k no dana pas d check uang nya udh masuk uang nya saya kasih k si kirim tau selang beberapa menit uang nya kmbali lgi si kirim td rugi dong saya,Netral
aplikasi taiiiii ribett guna otp padahal verivikasi wajah sama pin sudah cukuppp aplikasi taiii ribettt,Netral
bagusss,Positif
sering tidak transfer beri terang perika koneksi internet padahal buka aplikasi nya bisa tolongg baik,Netral
ribet banget uang nyangkut karna uprade premium pdhl ada perlu uang di td dana semua anjay emang,Netral
lah kocak jaring bagus malah masalah jaring,Netral
dana kembali uang yang potong ada nya pemberithuan di mintain pin,Netral
emas dana rusak kok tidak buka di baik yaa dana sering rusak,Netral
kadang aplikasi susah buka,Negatif
akun kena limit februari januari saya tidak guna dana tunggu ada pesan rusak,Negatif
rusak fitur rekan dana nya,Negatif
bingung banget sm dana tb tb tidak kirim e wallet trs tanya layan galama malah ilang fitur kirim e wallet nya tidak nanya ke layan,Netral
knpa pakai aplikasi kena hecker terus,Netral
harus dana premium padahal mau nabung transfer teman,Netral
kenapa guna ngebuka aplikasi dana jadi susah padahal di update versi baru aneh banget kasi yang uang udh banyak tpi nggak bisa di guna rugi jadi,Negatif
mau kirim e wallet selalu muncul sesi kadaluarsa padahal sinyal bagus aplikasi update memang sampah tugas transfer bank terlalu mahal,Negatif
sekarang buruk g masuk,Negatif
sesi kadaluarsa maksud apa min mau trnfer e walet tidak baik,Netral
rawan ktika hilang akun kait no kartu hilang tidak aktif no kartu jadi hilang uang identitas diri verifikasi muka tidak cukup bukti milik akun,Negatif
banyak fitur suka rusak kadang keluar sendiri,Netral
gua hilang duit aplikasi juta tapi pas dilaporin adminnya tele tele mending kalau duit banyak ngak usah simpan mari ngak aman mudah retas aplikasi harus kalau dana premium verivikasi wajah kagak jujur buruk banget pakek aplikasi dana padahal pakek tahun ada mbanking,Netral
ya aplikasi susah buka dana masuk aplikasix susah buka tidak ada ada jg info uang dana masuk,Negatif
tidka transfer e wallet tidk transfer apapaun lapor pihak wajib kalau begigni terus terus,Netral
dana aplikasi nya tidak mikir yah tugas nya tidak pernah mikir tingkatin biar tidak sering ganggu kalau dri potong uang trima masuk transfer mah mikir tapi kualitas aplikasi nya tidak mikirrr tidak berat tidak ganggu,Netral
maaf jd waspada krn alam sahabat tiba tagih paylater pdhl app jrng pakai nyata yang ngebobol akun,Positif
aplikasi dana akhir susah buka padahal udh upgrate malah hari sma sekali tidak bsa buka jam nungguin loading nya tidak bsa masuk mana baru dpt transper an di stel dlu akun,Negatif
gimana sih udh upgrade nyuruh upgrade,Netral
pake lama tapi minggu gabisa transfer e wallet terang nya sesi kadaluarsa min sinyal oke versi sudah baru,Positif
dana susah masuk,Negatif
dana kenapa buka dana kok stuck loading aja padahal mau tarik tunai update ada sama kaya saya tidak,Positif
kok aplikasi y susah buka biru doang tidak masuk,Netral
akun dana sudah hubung aplikasi baru isi uang dan uang barusan isi kena bayar aplikasi yang hubung tanpa tahu saya,Netral
pihak dana tipu ulung,Negatif
aplikasi sering henti sendiri hpaxzzz,Netral
jangan pake app dana tidak aman uang kalian hilang,Netral
aplikasi nya kalau masalah ngak tangan jelas masalah bagus up uang brizzi aja minggu ngak jelas tim dana transaksi hasil tapi saldo ngak masuk brizzinya,Netral
kirim ewalet tidak di guna tapi tidak tanggap,Netral
sering rusak sekarang mah,Negatif
kalau beli pulsa batal mulu,Netral
bagus,Positif
mau beli token listrik tapi kata verivikasi wajah gitu salah terus kek apasih mah pake uang sendiri aja kek susah bet tolongperbaiki,Positif
eror transaksi,Netral
kekmananya kok suruh masukin pin padahal baru make dana trus pas mau lupain pin mencet selesai tetap balik menu awal suruh masukin no hp ulang trus suruh masukin pin,Positif
aplikasi dana sering hilang sendiri ulang kali sering jadi bahkan hampir hari harus mendownload ulang aplikasi verifikasi dan tolong tunjuk nya,Negatif
ngeleg,Netral
baik,Netral
aplikasi sering ganggu bikin emosi aja mau kirim e wallet tapi malah sesi kadaluarsa padahal jaring bagus aplikasi saya baru,Positif
aplikasi dana tiap hari bener uninstal terus instal baru di guna besok uninstal trus instal padahal lengkap semua data aplikasi dana sekarang norak bener,Positif
lambat minta ampun sekarang,Negatif
buka aplikasi dana lama bngt,Netral
mohon sekali pihak dana sudah laku masuk aplikasi dana tidak masuk halaman utama tetap ngestuck luar beberapa kali coba refresh hasil sama mohon perbaikanya,Positif
ngebug aplikasi tiap mau masuk tidak,Negatif
dana kok jual emas uang dana tidak masuk uang emas kurang tapi tidak transaksi bagi riwayat transaksi emas,Positif
pagi transfer dana biasa sana plus uda transfer dana biasa dana plus langsung tidak buka aplikasi dana nya uang masih dalam sana an lebih lah uang saya itu gimana,Netral
tidak usah lah tidak paling,Netral
kenapa transaksi pake kode otp sms kan wa tidak biasa pake pin dong dibenerin kalau kaya gin mending gausah isi uang dah,Netral
habis update malah force close mulu padahal buka lain aman di baik,Positif
koq aneh tiap kali masuk aplikasi selalu ngk pdhal koneksi stabil dulu waktu pertama make aplikasi dana ngk kyak gin hapus aplikasi dlu baru unduh lgi baru masuk aplikasi lah kerja nya baik lgi,Netral
alami kendala saat guna aplikasi dana tiba tiba tidak layan menu terus tiba tiba langsung keluar sendiri kira kira ya,Negatif
aplikasi rusak,Negatif
balikin uang,Netral
aplikasi dana sering mentok logo pas buka aplikasi nya aneh,Positif
jangan pakai aplikasi dana uang di curi sama dana,Netral
mau lojin aja susah banget muter mulu sinyal bagus tpi muter ngebug apa gimana,Negatif
kok ke potong,Positif
byk kasus uang tiba hilang tidak kembali,Negatif
aplikasi apa an platform uang kok buat kirim e wallet aja tidak selalu sesi akhir tidak jelas,Positif
udh ngumpulin lencana a reward buat dpt rb eh pas mau ngambil udh tnggl nya gabisa,Netral
buruk sekali uang hilang pakai ana tidak bantu uang cepek tetap tidak balik,Negatif
yah kendala proses sila coba nanti kode eror,Negatif
kok sekarang jadi ngaco kirim uang kapan masuk kapan mau ganti nomor susah,Netral
aplikasi nya gakbisa masuk,Netral
gaje banget uang nya sedot sendiri,Netral
pliss dana kalau verifikasi lewat wajah ngak usah minta kode otp karna banyak orang makek nomerr dana nomer nya ngak aktip mana ktp pkek di satu akun dana,Netral
tiap pagi kalau mau buka aplikasi dana langsung mental keluar paksa hapus trus download masuk baru aneh kendala hp atau aplikasi dana,Negatif
app nya terlalu banyak iklan buah app bayar buka app bahkan suguh iklan,Netral
rusak aplikasi tidak masuk dana nya jadi di baik,Negatif
tidak saga pake dana bikin rugi hilang trus uang nya lebih baik apilikasi seba lebih aman,Negatif
benar tmpt transfer paling mudah cepat tapi sayang uang tiba tiba hilang ada transaksi apa buruk berat,Negatif
tiba tiba aplikasi investasi emas tidak buka mode bantu dania tidak diaksess,Netral
dana bisnis di verifikasi bulan lalu tapi qris belum di cetak,Netral
tidak buka,Netral
dana sih sesi kadaluarsa terus e walet nya jadi tidak transaksi gara jadi buru mindahin semua uang saya kalau kayak gin truss mending henti aja pake dana tidak nyaman gin jadi mau nabung dana,Positif
turunin lah orng jarang transaksi ada dana cicil ny tp aqun udh kali kali tidak dapet jg d saya butuh dana cicil,Netral
min masukin ribu gitu susah susah rb malah dapet perak tidak asik lu,Negatif
saya tidak punya dana cicil,Netral
dana ku tidak buka,Netral
sudah pakai dana lama tpi tidak dana cicil sama dana instan,Netral
kaco dah bagus up pas mau pake gin tidak buka aplikasi,Positif
bagus,Positif
oke buat transaksi sekarang kok rodo lambat kadang tidak buka,Positif
semua jangan pakai aplikasi karna kalian sadar uang kalian scam tidak ada riwayat transaksi sayang duit kalian cape cape cari duit malah sedot gitu aja padahal akun hubung gaada sama sekali,Netral
babi aplikasi dana kartu sudah tidak aktif tpi tahu in ktp lampir sama akun nya tidak masuk tidak alah atw di pindah uang mash,Negatif
aplikasi makin buruk sering tidak di buka hapus aplikasi dulu instal baru biaya transper makin mahal payah,Negatif
sudah lama mengunakan aplikasi dan sangat bantu transaksi saya,Positif
gausah pake dana uang hilang dana rb tidak tanggung jawab nya,Negatif
sangat guna,Positif
aplikasi banyak etor buruk malah tidak di buka,Negatif
sering kendala uang potong tp uang belum masuk transfer,Negatif
dana aplikasi sangat sangat tidak bagus mending pindah aplikasi belah tidak rekomended,Positif
mau masuk sulit mulu,Netral
sudah lunasin dana cicil tapi jadi tidak di pake lg,Netral
aman nya aman sih ku tapi saya minta saran knpa jawab template bngt gada solusi sama sekali bahkan tidak bantu di baik,Positif
punya tidak muncul dana cicil sama dana instan nya peremium akun nya malah tidak muncul,Netral
versi baru ini tidak guna fitur rekan dana di rekening keluarga tidak ubah limit anggota di tinjau lalu tindak,Netral
buruk aplikasi saya baru isi uang rbu dana malah potong otomatis google chrome angus uang ribu ilang,Negatif
uang tiba ngirim nomor tidak kenal akun hack kata aplikasi aman kok sampe hack,Positif
bintang satu aja tidak transfer selalu sesi kadaluarsa bagai cara mulai hapus data chat ana sampe uninstall ulang tetep sesi kadaluarsa tidak ubah dompet digital macam apa bintang saya kasih tambah kalau normal percuma dong isi uang kalau tidak di guna,Netral
baru kali buruk sama aplikasi dana hari beli uang emas trus hari mau cair tiba tiba gabisa cair karna kendala bagus fine mungkin kendala cek uang emas aman masih mnt saya cek uang emas saya tiba tiba hilang tidak peser tidak ada bekas transaksi tari cair uang,Negatif
dana cicil belum aktif kasih tiga bintang dulu,Netral
nautin visa dana tidak uang refund,Netral
dong gimana sih masa habis investasi emas tapi tidak masuk padahal bayar sukses buruk,Negatif
bagus,Positif
tidak muncul dana cicil padahal sering transaksi,Netral
dana sering ganggu buruk aplikasi dana,Negatif
dana hilang nggk mau bantuu,Negatif
suka jadi sesi kadaluarsa mau ngirim e walet,Positif
tidak daftar ada kata sandi salah terus,Netral
lambat ci musingken,Negatif
buruk sama dana uang ribu tiba tiba potong gada notifikasi apa gada pemberitahuan,Negatif
dana cicil tidak di aktif padahal tidak punya tanggung,Netral
buruk jual emas eror uang tidak masuk emas hilang tidak riwayat transaksi,Negatif
baik,Netral
tidak tau apa sebab tiba tiba tidak buka min,Netral
dana sekarng susah buka buka aplikasi dana selalu keluar unistal dlu dwonlod baru di buka tolong pihak dana di baik,Negatif
dana erorr aplikasi bobrok cair emas emas potong tapi dana tidak masuk,Positif
nabung emas dana transaksi jual emas hasil emas potong tapi uang tetep tidak nambah di transaksi uang tidak transaksi jual emas minus kalau kayak gin tidak minta bantu untuk kembali uang jual emas lumayan banyak tapi uang tidak tambah,Netral
lucu banget beli emas ribu pas cairin ribu tidak masuk tapi pas cairin ribu masuk lucu banget haha,Netral
jual emas saldo tidak masuk masuk gajelas emas kurang,Netral
tingkat kan kerja nya jangan mental kalau di pake,Netral
di update malah tidak dibukaa truss uang gmnaa,Netral
knpa versi android tidak di guna,Netral
assalamualaikum kok akun dana paylater belum muncul,Positif
benar fiturnya bagus semua percaya eh ko kesini sini beli emas trus pas naik mau jual ngelag habis ilang saldo pasrah dah serah situ dah atur atur aja,Positif
kendala dri iya masa uang ambil google mamasukkan pin saya bobol kali mohon di lebih ketat kn,Negatif
sangat me bantu,Netral
aplikasi banyak rusak mau cair ribu emas alami masalah cair uang di emas hilang ribu jejak entah masuk duit tapi malah tidak masuk akun dana saya tolong baik dana aplikasi unggul loh kenapa banyak bugnya,Negatif
aplikasi scam jual emas posisi emas kurang tapi uang tidak masuk bukti jual g bener aplikasi scam,Netral
lambat banget ngasih kode otp padahal nomer bener tinggal masuk kode otp eh malah tidak muncul padahal dana ada uang sayang banget,Netral
aplikasi dana sekarang banyak rugi guna punya udh un instal udh hapus bbrp aplikasi tpi tetep stuck logo,Negatif
mau beli emas malah eror terus hadehh,Netral
bagus,Positif
izin tanya tadi kan narik uang emas nila an saya cair uang akun dana tidak tidak tambah uang saya cair daei emas,Netral
telah laku cair emas tapi tidak masuk uang tidak baca aktivitas tapi uang emas kurang overal aplikasi tipu investasi emas,Netral
donk aplikasi dana jangan pake otp lgi soal nya kartu sudah hilang mohon baik soal nya gaji masuk dana,Negatif
bagus doulod yu,Positif
kenapa dana emas nya eror,Netral
ganti nomor uang saya hilang ntah dengan nominal besar pusing,Negatif
sayang fitur dana cicily belum aktif lama sekali padahl sering bertranksasi dana,Netral
kenapa dana tidak ke buka kluar kluar terus buruk bener,Negatif
sering mental apknya hmm,Netral
buat beli emas kok delat tidak,Positif
dana buat rugi karena saat investasi emas dana tidak di jual,Negatif
dana buruk sering jadi rusak pas mau cair emas malah uang tidak masuk saldo uang emas kurang,Negatif
untuk dana uang tidak ambil di emas nunggu tanggung jawab dana,Netral
akun dana sudah lama tidak pakai sekarang perlu mau pakai dana tapi ko susah masuk nya yah terang busy terus,Negatif
bagus,Positif
tidak buka dana tolong baik,Netral
buruk sldo hilang dadak,Negatif
mau jual emas gagal mulu parahhh,Negatif
tidak kirim e wallet shopee sesi kaduarsa di baik,Netral
dana sekarang nga jls mau masuk dana pin bener wajah mlh nga sedang sado masih banyak nga da solusi mlh d sulit,Netral
cukup baik,Netral
tidak di buka aplikasi nya,Netral
beli emas pas cari kesalagan salah mulu gimana sih aplikasi,Netral
uang ilang k emas dana rusak apa korup,Negatif
sering eror waktu mau beli emas min jelas,Netral
bukan usaha bantu malah bikin pusing via chatnya layan burik banget,Positif
transaksi sukses tapi uang terima belum masuk history transaksi tidak tombol chat jadi tidak bantu sama sekali uang raib tidak,Positif
tidak wort ni invest emas nya narik emas malah jadi salah uang emas ku kuras gada bukti transfer nya gimana mau laporin hadehhh,Netral
fix your face security things bruh,Netral
dana lambat buka sering keluar sendiri,Negatif
sagat baik,Netral
banyak inpes emas tidak di tarik,Netral
sering kadang tidak buka ya,Netral
abis update mlah mental trus kluar sendiri coba baik,Netral
nge rusak dana cicil tidak di pakai padahal bayar tidak pernah telat,Negatif
nih aplikasi dana tiap bulan sllu aja suruh ubdat tapi di ubdate tidak perubahanya terus gitu tidak dana payleternya premium sudah tahun kaya gin mulu,Netral
bagus,Positif
tidak masuk akun dana,Netral
nyesel beli emas sini pas jual selalu gagal,Negatif
izinnn belum kasih bintang salah satu fitur dana cicil tidak padahal sayang guna dana cukup lama saya juga premium tapi fitur tidak muncul,Netral
gajelas uang emas gabisa tarik,Netral
monyet tiba tiba duit sedot pdahal gapernah langgan kontooollllllll,Netral
sekarang lambat kalau mau buka aplikasi dana bahkan pernah hapus dulu baru download biar buka aplikasi,Negatif
gampang rusak orang,Negatif
kok mau kirim wallet tidak mlh masa kdaluarsa pdhl lgi butuh bnget gmn,Positif
aplikasi kikir aplikasi sering eror,Netral
dana skrang suka eror balik sendri,Positif
dsini juga lah hilang uang dana mutasi alsan jelas,Negatif
banyak bugnya hama saran jangan donlot pen inves muncul salah salah hama ganiat bikin aplikasi,Negatif
kasi bintang dulu soal nya uang dana bisnis tidak di tarik gimana dong buruk guna dana lama,Negatif
akibat baru uang dana akun tidak buka verifikasi wajah bnr asli nya pin benar kendala nya hny nmr dana atas nama anita fitri tidak pakai apa lg wa email tidak tahu lg krn hp hilang minta tunjuk sama ana costumer admint nya tidak solusi,Negatif
fitur screenshot riwayat kirim jangan batas sangat susah kirim bukti bayar ke orang,Netral
dulu kalau bisah masuk jalan harap kasih bintang,Netral
aplikasi dompet digital paling busuk tidak kembang mudah han cepat bangkrut,Positif
jelas tidak aplikasi kalian tiap kali mau buka aplikasi kalian istal ulang tahun tahun sama aplikasi kalian jangan lah buat percaya kepada aplikasi kalian hilang perhati layan kalian bagus mula jangan malah makin tidak jelas,Netral
akun anak tidak di upgrade padahal upload kartu keluarga akta lahir,Netral
sangat sering ganggu bener bener ganggu sumpah kira cuma jam nyata ampe hari mas bom,Netral
min kok qris dana bisnis kok gabisa cetak cetak sih padahal dah minggu nih masa gabisa dari minggu lalu cape sabar tuh min,Positif
halo dana dompet digital indonesia aplikasi dana tidak di transfer sama teman kata tidak di kirim bantu terimakasih,Netral
apdet dana,Netral
hati dana suka hilng ambil org kayak nya,Positif
kasi aja satu penganturan tidak di buka itu aktipitas benerin biar semua orang rasa puas guna aplikasi,Positif
aplikasi sampah buka kaga buka loading terus sampe menit nunggu kaga buka buka sampah,Negatif
sungguh buruk minta diupgrade mulu gilir dah diupgrade tidak dan tulis sesi waktu akhir,Negatif
dana habis bibol,Netral
fitur dana cicil kenapa tidak muncul padahal udh sering transaksi,Netral
buruk x nya beli pulsa token listrik tidak pakai komplain layan arah lain akhir hilang uang beli token besok tidak di benah aplikasi saya komplain langsung ke pusat biar aplikasi di tutup lama nya,Negatif
uang sudah potong kali aplikasi padahal tidak laku transaksi apa,Netral
oiii solusi nya bagaimana upgrade premium gagal terus folder kyc gagal apa sih maksud nya uang ngendap kaga ambil bobrok,Netral
ngisi kuota lewat dana kaga masuk kuota kaga jelas banget hati dah pake dana mending pake aplikasi dari duit ilang dana kaga tanggung jawab,Netral
ko lupa pin tidak daptar susah,Negatif
kasih bintang soal aplikasi sulit ter ribet pernah di indonesia,Netral
jujur sangat buruk sekali dana kata lindung ekstra nyata akun bobol semua uang habis kuras lama hari masuk dana selalu tolak alas suruh masuk beberapa hari gilir bisa masuk akun dana semua uang raib bobol sama orang sangat buruk dengan dana sudah tlpn kostumer care dana tidak ada solusi,Negatif
kakk astaga dana bisnis saya rusak tidak narik dana bisnis kode eror nya lapor suruh nunggu hari tetap tidak,Negatif
bagus,Positif
aplikasi banyak rusak mau transfer aja kaga buruk banget,Negatif
ko sekarang kirim bank adminnya heem mm nyata gratis tfnya batas auto move lah,Netral
ni mau nonaktif dana cicil permanen gimana woi mau bayar hi fi kga duit sedot apalahh,Netral
punya uang tapi tiba tiba hilang,Negatif
dear dana digital mau kirim uang e walet tidak sudah instal ulang mati hp tetap tidak mohon baik cepat,Positif
tahun pakai aplikasi dana tidak pernah muncul fitur dana cicil,Netral
dana sekarang hampir hari kirim uang tapi belum kirim tidak batal,Netral
smkin kesini smkin buruk dana asli udh kg sanggup pake dana pindah aj dh ovo,Negatif
uang dana hilang tarik koin tiktok recharge,Netral
sih sekarang mau masuk aplikasi suka lama banget loadingnya ditungguim sampe tengah jam padahal internet lancar,Positif
masa premium aja yang bisa pakai buruk x aplikasi tib tiba akun dana ku hack merekaa,Negatif
tidak tarik uang buruk banget mana tidak di upgrade tidak muat opsi tidak nanya si ana serba tidak ni aplikasi sayang banget duit tidak dipake,Negatif
tidak liat riwayat transaksi lambat bangat buruk dah,Negatif
baru malah susah buka,Negatif
tahun tahun pakai dana trnksaski dana tapi tidak pernah fitur dana cicil nya buruk,Negatif
masuk doang tidak haissss,Netral
akhir akhir dana kok slalu ngbug tidak buka nunggu lama keluar cuma logo trusss makin kesini kok makin ribet pake dana,Netral
gbsa transfer k gopay dong d baik lgi kmrn bsa lohh msa skrng gbsa alesn ny sesi kadaluarsa,Netral
buruk banget,Negatif
bingung aplikasi belum pernah guna aplikasi dan masuk ikut tunjuk minta masuk pin pilih opsi lupa sandi saya ikut seluruh opsi nya saya tidak masuk aplikasi masih tahan di bagi masuk sandi saya harap masalah di selesai cepat,Positif
verifikasi wajah muka sering gagal gimana sih padahal dengan ekpresi gaya macam macam,Negatif
aplikasi tidak jelas hubung my telkom beli kuota pakai dana tapi tidak dan uang hilang kuota beli tidak masuk moga segera di baik kasi kalau orang yang raib uang blok,Netral
dana ngak masuk mental terus kluar sendiri,Netral
buat lh dana tampa limit biar lebih seru,Netral
tiba gabisa kirim e wallet masa telah abis maksud apa ayolahhh tadi bagus loh ko gin,Positif
sering rusak sulit guna,Negatif
kirim ewallet knapa sesi kadaluarsa yah baik,Netral
buat kalian guna aplikasi saran jangan pernah tinggal uang terlalu banyak aplikasi aplikasi sangat mudah bobol kalian tidak ingin jadi uang saya hilang jt aplikasi pihak dana tidak tanggung jawab saya sangat buruk aplikasi untuk mau guna aplikasi saya saran jangan pernah tinggal banyak uang aplikasi,Negatif
kirim sering gagal,Negatif
buruk berat aplikasi kek buruk,Negatif
napa lah dana gua,Netral
tidak di daftar,Netral
kasih bintang soal nya brapa kali aju dada cicil aktif tapi blan tunggu belum aktif,Netral
kok tidak transfer aplikasi,Positif
updet buka aplikasi mlah kluar trus,Netral
uang hilang rbu tidak bantu kembali pihak customer care,Negatif
sangat puas,Positif
kadang uang tarik di hp iphone lama icloud nya nya jadi sedot,Netral
sangat buruk uang pernah hilang rb juga customer servis nya buruk bangett kecewaaa,Negatif
aplikasi lag lihat riwayat tranksasi,Netral
mending gopay pada pake dana tidak becus nangani masalah,Negatif
aplikasi ngelag kalau liat tranksasi gajelas,Netral
baik,Netral
kenapa aplikasi y tidak ke buka tugas dbantu,Netral
gimna si aplikasi nya dri pagi mau tarik tunai tpi loading terus logo dana nya smpe skrg baik min,Netral
premium hari buat transaksi smpai hmpir limited sitiap bulan tapi dana cicil tidak pernah kluar,Netral
entah benci aplikasi dana coba baik kirim e wallet ada tulis sesi kadaluarsa saya sering pakai kali kali tidak pakai itu aplikasi e wallet wajib jangan di rusak,Negatif
dana paylater tidak muncul padahal sudah sering guna aplikasi sampe sekarang dana paylater nya tidak muncul mohon muncul,Netral
sering eror transaksi ewaled tidak,Netral
dana nya kok ngak pakai rusak luluk mau beli pulsa gagal,Negatif
sangat kecewaa sih uang dana ada lumayan tiba keluar sendiri pas masuk harus pakai otp padahal nya tidak pakai otp masuk cuman pin sama kenal wajah kek gin buruk banget karna tidak masuk karna no dana mati,Negatif
udh daftar premium hasil malah tidak dapet benefitnya edit bom juga,Netral
update lama banget buka aplikasi nya,Netral
dana celek,Netral
aplikasi tidak aman simpan uang aplikasi tidak tanggung jawab,Positif
lambat,Negatif
mau pindah akun aja susah banget sih dulu gagal terus,Negatif
gua udh bolak balik cari dana instan dana cicil tp tidak jg kta y kalau dana dana instan cicil sumpah gua buruk banget sm aplikasi dana pdhal gua udh sering pke dana nyimpen uang transfer uang ambil uang tp tidak ada jg sm skli,Negatif
terimakasih,Netral
min mau transfer e wallet kaga ini oiii,Netral
danaaaaa cicil nya masa ngk si,Netral
sama udh lakuin cara ttp tidak kenapa nyuruhnya via dana buka aplikasi aja kgk,Netral
aplikasi bikin emosi susah download makin rusak akp,Negatif
kasih bintang aplikasi dana tidak dana cicil nya,Netral
sering eror harus sering baru,Netral
diupdate malah rusak dih,Negatif
tidak di update,Netral
mau kirim transfer aja suruh upgrade dana premium eh pas premium trus klik kirim bank malah stuck hore hasil upgrade developer baik rusak nya,Negatif
lama bales gmail,Netral
tolong dong dana gabisa tarik tunai selalu mental beranda,Netral
sayang cuma narik nominal tentu sisa uang ganjil di luar nilai di bawah rb tidak bsa d ambil satu lg pas mau bayar pakai qr eror tiba malah lg buat bayar makan sampe malu baik eror nya jangan di saat penting tiba tidak,Netral
tidak aman barusan akun dana ada orang toup up padahal sendiri tidak toup up,Positif
heran dengan aplikasi dana bagus up tidak masuk padah gopay sukses kirim dana tapi dana nyaa tidak,Positif
dana tidak bantu uang ada dana tidak buka kartu mati biasa masuk pin verifikasi wajah tapi sekarang pakai otp sangat tidak bantu,Positif
dulu maka dana tidak dana cicil lain aja,Netral
tiap bagus up dalam game selalu rusak baik,Netral
gx muncul fitur dana cicil instan nya,Netral
isi uang hilang hari kalau aplikasi tidak buka payah banget sering hilang duit ku,Negatif
waktu mau jadi dana premium sangat sulit isi data provinsi jatim kab kota nya tidak lengkap bagaimana solusi,Netral
min kok tidak kirim e wallet,Positif
hmm kurang batas upgrade dana premium orang butuh dana premium praktis ktp perlu transfer uang contoh ingin kirim uang ayah tetapi tidak cara transfer orang tua lapar jadi saya ingin komplain untuk kurang batas dana premium,Positif
gmn cara aktifin no dana lama kartu sim nya mati beberapa kali hub assisten dana suruh kasih alamat email tp tunggu tidak solusi,Netral
isi pulsa tidak pernah masuk,Netral
sekarang aplikasi suka keluar sendiri padahal sudah lama pakai aplikasi,Positif
aneh banget isi ulang game aja batas cuma satu kali padahal butuh banget malah kaya gin,Positif
tidak aktivasi dana cicil,Netral
sangat muas,Netral
aplikasi dana di update hapus chase restart ulang tapi sama tidak di buka,Netral
reset pin harus makan waktu tahun tahun padahal akun milik sendiri,Netral
dana kok tidak buka,Positif
makin hari makin kacau tidak masuk masuk bintang aja cukup,Netral
aplikasi sampah limit dana cicil tidak guna terus buat apa gakguna banget,Negatif
masuk keluar sendiri aplikasi busuk,Netral
skrang aplikasi tidak buka woi ulang kali hapus instal lg ttp tidak tolong gmn kalau ttp tidak buka akn pindah aplikasi aja,Netral
sya buruk aplikasi dana banyak tipu kedok segala apa yng ambil uang dana sya rasa di rugi krna uang dana sya abis tidak sisa kembali uang sya,Negatif
beli kuota gb dana tapi gabisa pakai padahal transaksi hasil coba chat help center nya tapi tidak tanggap gimana,Netral
knpa aplikasi nya susah masuk padahal jaring lancar aja tidak tau salhnya dimn,Netral
kirim uang ijin,Netral
gabisa masuk,Netral
makin busuk nih aplikasi sering gabisa buka,Netral
aplikasi dana gajelas bangat uang tiba ilang mulu transfer tidak nyampe tapi saldo ilang banyak korupsi kya jabat wkwkwk,Netral
tidak tarik tunai alfamart,Netral
dana kok henti gabisa masuk dana kluar mulu tiap masuk tolong,Positif
bagus,Positif
kali ngisi e tol brizzi nominal ribu tidak masuk sama sekali,Netral
coba dulu,Netral
duit rb makan ama ni aplikasi kondisi isi brizzi buat tol eh kata hasil pas di check tidak masuk sama sekali buat update uang jadi tgl januari hingga tgl januari hari tidak jelas memang sial kata hari kerja hubung tapi tidak sama sekali sial,Netral
nih gimana cerita pas verifikasi wajah kamera depan tidak muncul,Netral
aplikasi korupsi ngambil uang orang isi uang e toll saya malah tidak masuk haddehhhh,Netral
ke x download aplikasi tiap mau buka dana selalu force close terus jadi uninstall trus di download biasa,Netral
tidak narik dana impi dana yaaa gimana ini cara,Netral
aplikasi tolol layan tidak minta bantu aja kaga becus,Negatif
kok loding lana banget,Positif
mau transfer ewalet memble tulis sesi kadaluwarsa di update jg aplikasi dana nya gitu d restar jg hp nya tetep gitu payaaaaah,Netral
aplikasi buruk dunia afk dobol selalu gagal masuk saaat verifikasi wajah padahal akun real muka sama ktf real tetep gagal verifikasi wajah jangan download aplikasi kalau tidak sesal saat uang aplikasi tiba tiba nyangkut korban nya saya,Negatif
bagus,Positif
dana bisnis tiap mau tarik uang selalu kendala eror,Negatif
buruk kirim uang terang gagal tapi uang refund tidak masuk chat layan malah tidak jelas gada solusi sangat tidak tanggung jawab,Negatif
kenpa tidak buka aplikasi dana,Netral
pokok nya buruk banget sma dana uang jd tidak tarik karna no hp udh tidak aktif layan dana blng mau bantuin ganti no hp ngomong doang gilir di email bilang nya tidak,Netral
mohon maaf mau masuk dana tapi guna otp no sudah tidak aktif jangan pakai kode otp,Netral
cuih aplikasi sial dong min kalau mau masuk ulang verif wa aja gua ribet ngapain nya mana verif nya pake hp lama min segera bagusin update kesini makin aneh ya min banget soal lupa pw jd hrs liat verif hp lama posisi hp lama sudah jual tolong ya min mudah pakai verif wa aja,Positif
aplikasi tidak jelas saya coba kali kali tidak masuk karna email saya daftarin dulu tidak dipake masih tetap tidak masuk min mau update versi tidak min,Netral
gajelas sekarang masuk aja pake kode otp,Netral
dana tidak ganti no baru,Netral
buruk sama dana urgent butuh cepat malah pending transfer malah suruh tunggu sampe hari bener ngeselin uang konsumen kok di pending,Positif
tangan nya lambat kalau sudah masuk akun premium pasti beri bintang full trimakasih,Negatif
suka aplikasi,Positif
cukup baik banyak aman transaksi terimakasih dana,Positif
isi kuota uang sudah potong tapi kuota belum masuk mohon tanggap mumpung lagi sopan,Netral
potong sama ppn nya lmayan,Negatif
makin masalah mulu dah aplikasi masa mau bayar e wallet aja masalah trs pdhl sering transaksi aja kadang,Negatif
jadi transaksi otomatis padahal tidak taut aplikasi lain tidak aman guna uang kurang otomatis verifikasi pin mulai sekarang hapus dah aplikasi dana tidak mau pakai,Positif
gabisa transfer e wallet karena sesi masuk aneh sama banyak rusak,Negatif
maaf kenpa sekarang susah buka malah tidak di buka sama sekali mohon jasa,Negatif
failed mulu mau bayar kuota internet padahal di konversi aplikasi beli kuota,Netral
gajelas seeing ilang an pas hubung layan jwaban tdak muas,Netral
app dana dgunakan apa tidak tiap kali transaksi tidak apa lg pakai qris bilang kl tidak guna lg mau hapus,Netral
aplikasi dana bahaya krn di root system aman tolak diinstal,Positif
cukup buruk sama aplikasi dana udh x nya hapus aplikasi download ulang lah baik masak di guna hapus dulu aplikasi di download apalgi sya perlu desak kan jd susah waktu pertama kli pake dana gada masalah skrg suka masalah,Negatif
susah buka,Negatif
sayang sekali fitur dana cicil nya tidak muncul account tidak muncul rata,Netral
ini sih dana tidak masuk update sih chace restar hp instal ulang ttep tidak di buka nih aplikasi sya mau ambil uang tpi tidak bisa di buka aplikasi nya ganggu apa pliss lah urgen gni dana tidak bisa di buka kemaren baik,Netral
fitur dana cicil tidak muncul padahal sering mlakuakan transaksi suruh nunggu hari pdahal lbih bulan pake dana payah,Netral
tidak mau hubung,Netral
siip,Netral
dana tidak dibukak cuma logo dana aja minggu begini trus padahal butuh uang banget mlh kayak gtu gimana biar seperti mula,Netral
dana kenapaa sih buka e tellwalet selalu sesi kedaluwarsa terus tidak mikirin orang emang aplikasi tuh mending pindah aja lapor csnya gabisa ana tidak nyambung bikin orang emosi emang setan bukan bikin masalah selesai malah bikin orang makin kesel aja asa kaya orang bego chat sma dana ana asli raja jadi hambat semua,Negatif
ngisi uang di potong perak gila ni aplikasi,Netral
kemapa upgrade padahal mau transfer kebnyakan cincong huhhhhhhhhh ngeselin mana mau upgred ktp suda pake yang otomatis tidak bisaaa hadehh hangussss uanggh,Netral
sengaja kasih bintang di akun tidak fitur dana cicil,Netral
kadang kalau mau isi saldo kok lambat,Netral
bahaya uang hilang langsung ribu pdhl hp ku sampe aplikasi nya pake sidik jari terus kode pin nya sulit lebih hati hati ajaa,Negatif
lunas tagih dana cicil serta bunga limit pinjam ke awal percuma kalau limit pinjam tidak teraedia padahal sudah lunas walaupun memang belum lambat jd apa limit pinjam kalau dana cicil nya tidak sedia tidak d guna dan jujur dari semua tanggap ana atau d playstore benar tidak satu jawab muas minimal solusi,Netral
qristap eror keluar keluar halte transjakarta tapout halte sebut aplikasi qristap belum tapout bales tugas mager mau gua pensi aplikasi dana di aplikasi dana qristap datang harus tapout ditapout sejak lama tanggal jam chat layan ana bukan tugas manusia malah debat sama robot,Netral
duit tiba tiba ilang aja tidak pasti gimana lanjut nya,Netral
fitur smartpay bukan solusi ide bagus,Positif
uang hilang riwayat transaksi ngak gimana tanggung jawab,Negatif
sekarang aplikasi sangat berat kluar sendiri,Netral
tidak guna uang hilang gara aplikasi sudah cari bantu ana tpi tidak gera males banget mending pindah sekali umur hidup aja diginiin,Netral
susah bagus up isi dana,Netral
hari dana g d buka dana henti jadi hari hapus apl dana n donlod ulang mau guna,Netral
nomer dana lama sudah hilang tidak masuk akun mau pindah akun premium gagal terus dong min bantu tanya aplikasi jawab bot kocak,Negatif
maaf ini aplikasi ko jadi begini mau download tpi tidak masuk masuk tetap di awal langsung keluar saya coba begitu jga,Netral
dana aplikasi sangat masalah verifikasi otp uang guna tidak masuk karena kan nomor tidak aktif hilang tambah di sulit pihak dana tanpa ada solusi valid sangat rugi guna aplikasi dana,Negatif
dana tidak buka sedang ganggu pulih sistem tapi tidak pemberitahuan dana harus guna jadi begini di download ulang tidak,Netral
tugas tidak becus biasa pending transaksi lagi urgent,Netral
kenapa dana premium aktif tapi fitur dana instan belum muncul bantu biar segera muncul soal perlu fitur sebut terimakasih,Netral
fitur dana cicil tidak muncul aneh banget padahal transaksi lalu dana apa apa lalu dana bayar jugaa,Netral
tidak masuk verifikasi wajah tetap tidak,Netral
gimana cara atas dana dalam pelihara susah sekali mau masuk,Negatif
tolong kalau transaksi gagal kembali uang bukan simpan dompet kalian,Negatif
joss aplikasi sangat bantu sekali,Positif
aplikasi dana ku tidak di buka dong tugas solusi,Netral
masuk,Netral
buruk layan nya masak layanin bukan orang kendala susah sumpah jangan pakek dana kalau kamu isi dana buat tabung jangan mending atm bank aja dana kalau akun mu masalah susah mau benerin no mu hilang ribet mau benerin mending tidak usah pake dana nyesel banget pakek dana sumpah mending tidak usah,Negatif
bagus,Positif
mnding hapus cicil buat apa kalau tidak di pake,Netral
tidak buka mentok logo dana lalu ke menu awal lah mau buat transaksi segera baik,Positif
dana tidak buat transaksi telah upgrade padahal butuh uang banget donk solusi d buka tidak,Netral
padahal bentransaksi dana terus tapi tidak fitur dana cicil sangat buruk,Negatif
tidak muncul dana cicil sya,Netral
fiturnya yang ada aplikasi dana cicil dana spaylayer,Netral
tidak jelas tolol dapet dana kaget malah ngeleg jaring bagus malah tidak jadi dapet buat aplikasi jelas dikit tolol tidak jelas banget buat aplikasi khusus buat aplikasi ku dongo banget,Netral
bagi menu kirim uang e wallet malah tampil sesi kamu kadaluarsa nyoba relog kali kali install ulang tetep aja gaada solusi tolong segera baik sangat rugi,Negatif
bagus,Positif
kk punya dana cicil dh lunasin mau pinjem tidak akun hubung dana cicil tidak pake padahal dh bayar lunas juga dana instan tidak muncul di aplikasih dana,Netral
telah hilang uang dana besar lewat transaksi google padahal tidak laku transaksi sebut bantu kembali sando jika pihak dana tidak percaya punya bukti screenshot saya sangat buruk aplikasi dana dan saya putus ganti aplikasi gopay,Negatif
bagus,Positif
kok punya sya bom fitur dana cicil sma dana instans,Positif
aplikadinya sering gagal buat verifikasi wajah gimana solis dri developer,Negatif
sering mau transfer dana aneh ngak,Netral
bt kirim uang e wallet tidak,Netral
aplikasi sering keluar sendiri tidak masuk,Netral
maaf yaa kasih bintang satu soal ada bendesak sekarang dana tidak bantu seperti fitur dana cicil dana instan kondisi istri lagi sakit buruk tidak uang akun temen fitur dana instan cicil saya tidak ada,Netral
tran saksi banyak tapi dana instan nya muncul muncul,Netral
dana cicil tidak guna,Netral
awal download hingga update beberapa kali tapi aplikasi tetap tidak di guna,Netral
uang rb hilang potong sendiri nya laku transaksi apa hari sejak jadi saya hubung pihak dana sekarang tidak tanggap jawab sama sekali,Negatif
aplikasi tolol kg buka padahal kemaren,Negatif
aplikasi dana sekarang susah akses,Negatif
update sekarang malah buruk kirim uang langgan fitur rekan dana malah layar informasi langgan kosong lebih bagus tidak update,Netral
sangat bagus,Positif
hati hati buat guna aplikasi dana tidak aman stop guna dana,Positif
sangat buruk sekali aplikasi dana sekarang padahal tidak pernah langgan apa tapi kali dana di sedot otomatis padahal sudah tahun pakai aplikasi untuk transaksi harap dana di kembali saya proses hukum sbagai tindak pindana,Negatif
dana cicil tidak aktif aktif,Netral
gelintir orng dapat fasilitas dana cicil,Netral
kasih bintang karena fitur dana cicil belum muncul sampe sekrang hal pakai aplikasi jaln tahun lebih,Netral
dana cicil lunas nunggu bulan nya tidak pakai sudah th loh sya pakai aplikasi dana buruk berat sih,Negatif
bagus cuman tidak fitur dana instan,Positif
makin kesini aplikasi makin tidak jelas,Netral
tidak masuk update selalu ngulang tidak di update didonlot ulang tidak kacau uang masih situ,Netral
kecewa tiba uang dana bisnis tidak dicairin disruh lengkap data kata proses hari kerja tapi sekarang bom selesai padahal sampai telpon layan dana juga email data dukung tidak tau masalah nya ini sangat pengaruh bisnis usaha saya tidak lagi andal dana metode bayar layan dana mohon cepat dituntasin terima kasih,Netral
di upgrade uang dana gua hilang semua ke sudah gua hubung pihak dana sangkut tapi tidak bantu,Netral
cukup buruk sama aplikasi dana sudah lama pakai dana tidak fitur dana cicil cukup buruk,Negatif
ups sedang kendala coba nanti sambung ulang jaring lebih stabil,Negatif
lamaa masuk nyaaa,Netral
ya aplikasi dana sulit download mohon jelas kan,Netral
kurang puas tidak fitur dana cicil,Positif
uang ilang sendiri pemberitahuan padahal tidak langgan bukan guna kartu axis gaperna kirim no axis,Netral
chat ainya muter bisa arah layan orang nunggu menit malah jawab sama kaya ainya mana slowrespon,Netral
fitur dana cicil ya saya lunasin tidak pakai,Netral
aplikasi bawi transfer sorang malah masuk masuk terus paling gokil nya uang hilang masuk kembali ubek ubek,Netral
aplikasi bapuk suruh upgrade ada terang hasil upgrade tapi uang tidak di transfer,Netral
bagus,Positif
mulai aneh dana sekarang,Netral
dana khongthol cicil baru bayar hari kemudian minta bayar khongthol,Netral
aplikasi banyak rusak mau invest emas aja ngk baik lah berapa tahun rusak nya ngk padahal sinyal bagus hari sabar tetep ngk baik,Netral
uang hilang sendiri ada transaksi uang tidak kembali aplikasi punya pitur bantu tapi gaguna,Negatif
uang dana tiba tiba ilang pihak kait mana akhir bulan ilangnya ribu,Netral
aplikasi buruk layan sulit,Negatif
lebih suka dana pertama pada sekarang ribet dulu tidak pakai paket data buka aplikasi dana sekarang tidak mana pakai pin tidak cukup sekali pakai x pin kadang lupa mending pakai gopay tidak ribet aman jaga nyesel pakai tambah ribet,Positif
tidak masuk minta kode ferifikasi di kasih saya coba ulang kali tetep di kasih di suruh ulang besok gimana mau,Positif
aplikasi nya sering eror kalau mau masuk hpus dulu trus di download lgi kalau tidak kya gtu tidak masuk kluar sendiri,Netral
pindah nomer tlp ajja ruwet dana premiun knpa kmbli dana reguler lgi dana aplikasi dana skrg kbnyakan buat akun tipu prioritas mlah ruweeeet,Negatif
nyimpan uang aplikasi tidak aman uang potong otomatis,Positif
lambat,Negatif
bagus,Positif
akun nya gampang bajak masa tiba log out sendiri,Netral
dana ko sekarang buka lama banget di upgret terus malah makin lambat banget masuk,Negatif
kenapa coba dana cicil tidak sedia tidak guna dapet limit terus saya pakai sudah saya lunasin eh tau tidak di pake sudah hari tuh nganggur dana cicil gimana sih,Netral
masalah belum selesai aplikasi dana tetap lambat fitur dana emas tidak buka sama sekali clear cache update restart laku juga tidak kirim bukti via ana aplikasi tidak akses normal mohon eskalasi tim teknis bukan jawab template,Negatif
sesi kadaluarsa apaansi gajelas banget mau ngirim duit ribet lu,Netral
buruk tbtb bayar di refund gilaaa,Negatif
gimna lah masa apknya tidak buka mana di dalem ada uang pas mau buka cuma mentok logo kemaren kemaren tidak kaya gin,Positif
baik layan layan nya kalau yang aju komplain layanin dg baik tuntas,Netral
baik riwayat transaksi serta uang awal uang akhir mudah kece,Positif
mulai tidak aman nyimpen d aplikasi awal msih aman tapi kok mkin k sini kya kurang masa uang sini blom ngerasa pake udh brkurang aja saya aja blom laku transaksi sama skali ya baik sistem aman aplikasi,Positif
dana tidak masuk uang rekening chat tugas bales gitu gitu aja tidak solusi makin sini makin tidak jelas aplikasi,Netral
gua bagus up kadang kena potongn kalau potong perak k wajar aja in kena potong kadang k buruk,Positif
overall bagus tapi sering banget ganggu trus kalau mau tarik tunai kode nya sering tidak muncul,Positif
buruk bngt duit tarik tiba tiba aplikasi rusak masih tahan siap siap aja suatu uang ilang sendiri,Negatif
sih susah buat d buka,Negatif
hei please kenapa aplikasi dana cek transaksi gabisa cek emas gabisa smuanya loading ngestuck gimana sih jaring lancar loh aneh banget mau konsul ana aja gabisa karna stuck trus hrus gimanaaaa,Positif
sangat bantu,Positif
hati guna dana hari tanggal januari uang sedot transaksi yng tidak tahu uang tidak kembali aman dana sangat buruk sekali mending cari ewallet lain,Netral
ini aplikasi dana tidak di buka kali kali,Netral
dana bisnis blokir lama kirim surat via ana chat ulang kali isi sama tidak pernah buka blokir ulang itu isisny sama jawab sama kantor entah mana niat mau ambil uang kali gregetan jadi,Positif
dana kok rusak mau kirim uang bagus up tidak bagaimana,Positif
dana buruk gimana sih udh gua hapus terus download ulang tapi tidak kirim e wallet sesi kadaluarsa mulu bot ana kaga guna kalau bintang udh kasih kalau rusak tuh minimal baik lah taik,Netral
aplikasi buruk banget beli kuota sini uang potong kuota gakunjung masuk buruk iniii,Negatif
bagus,Positif
bagus,Positif
makin sini bukan y makin baik malah tambah buruk masuk aja susah padahal sinyal bagus gimana sih,Negatif
aplikasi dana tidak koneksi internet telkomsel,Netral
looping trus dh masukin otp kali kali tidak masuk ampe suruh besok aplikasi sampah macam apa,Netral
mau masuk tidak unistal dulu terus download baru di buka terus terus harus kaya gitu buruk aplikasi nya,Negatif
ketika mau buka aplikasi sering sendiri,Netral
punya dana cicil tidak keluar gmna cara nya biar muncul dana cicil nya,Netral
dong kan terlalu besar dngn potong uang masa rb tadi gratis,Negatif
sangat buruk dana instan tidak muncul padahal butuh,Negatif
tidak bis buat kirim meski di upgrade,Netral
gimana siih tidak masuk aplikasi dana hrus hapus dulu bru masuk padahal sinyal bagus,Positif
aplikasi dana q tidak fitur dana cicil,Netral
aplikasi dana tidak buka yaa biasa nya tidak kaya gin,Netral
aplikasi dana memeng sangat buruk gua gabisa masuk karna no mer hilang uwang nya negendap akun layan sangat lah kecewa jangan mau pake aplikasi dana ribet banget duit gua negendap,Negatif
akhir akhir dana sering crash saat buka belum tidak pernah crash clear cache update baru restart tetap mesti diinstall ulang baru lancar soal dana guna bayar bayar customer,Positif
gimana sih aplikasi sering kendala uang belum masuk padahal hasil bagus up tapi aplikasi dana masih belum,Netral
dana tidak jelas telah bayar dana cicil limit dana cicil tidak guna payah kalau tau tidak guna mending sekali nggk bayar,Netral
dana uang tiba tiba hilang sendiri besar rp tanggal januari jam,Negatif
akun dana bisnis uang masuk tampung qris tapi waktu tarik g dengan alas perlu verifikasi ulamg isi formulir hari lebih ttp g jelas uang nya ngendap g buat muter usaha buruk memang kalau g tarik nonaktif qris nya biar org bayar kita g masuk sudah masuk tapi g di tarok,Netral
guna lama aplikasi dana sangat buruk kpd layan layan nya padahal dana jadi alat transaksi utama minta bantu aplikasi alihin email kirim email malah suruh minta bantu aplikasi capek banget oper gitu cuma masalah spele doang tidak bantu bener buruk banget si mulai sekarang tidak guna aplikasi dana transaksi,Negatif
aplikasi dana bisa install down servernya,Netral
aplikasi sampah,Negatif
aplikasi dana tidak di buka selalu jaring masalah silah coba beberapa lagi,Negatif
gua belum punya ktp trus dana masalah transaksi minta kembali dana tapi malah suruh premium dulu buruk,Negatif
awal awal sih bagus tapi lama lama makin kesini aplikasi dana nya susah buka padahal mengapus beberapa aplikasi siapa tau kalau sudah hapus aplikasi bisa buka teryata sama susah buka batu nyh semetara kasih bintang satu dulu,Netral
makin kesini makin tidak jelas rusak sulit log in padahal tahun pake ni aplikasi mau log in instal ulang terus tiap hari,Negatif
dana cicil tidak muncul,Netral
layan kurang muas brp kali transaksi begini layan kurang bagus transaksi akun sudah hasil tapi terima belum masuk rawan tipu,Netral
dana elor terus si aplikasi nya sering tidak buka,Netral
punya ko kalau buka lama masuk,Netral
transfer rek bri tapi knapa uang tidak masuk rek tersbt lapor sbaik x di tanggap tinggu hri tp sudah lewat hari uang saya tidak kmbli uang nya tidak transfer rek tersbt,Netral
transaksi puluh jt tidak ngaruh buat dapet limit dana cicil jadi walau transaksi lu banyak puluh jt tidak jamin dapet limit dana cicil,Netral
barusan update tapi tidak buka aplikasi nya,Netral
dana sekarang sangat buruk sekali pindah nomor baru sampai makan waktu lebih bulan terang kosong uang dulu bagaimana kosong uang masuk tidak padahal keluh sejak bulan lalu nomor yang lama benar hangus padahal banyak sekali teman sama dagang minta transfer via dana jika kondisi spt kp guna dana,Negatif
lebih dri hari qris belum muncul buruk hubung ana tetap gada solusi nyaa buruk buruk,Negatif
apknya lama banget loadingnyaaaaa kalau buru gin gabisa samasekali dong baik,Netral
tidak masuk aplikasi padahal ada fitur verifikasi wajah sama pin malah minta otp orang kartu tidak aktif layan nya susah hubung,Negatif
dana tidak d buka ada apa,Netral
buruk baik dana cicil masak tidak pakai limit tidak pernah guna sama sekali tidak di pakai,Negatif
sih dana kl buka lambat bngt lama masuk nya,Negatif
sumpah guaa gua gabisa masuk dana gara gara nomer telpon gua hangus gabisa nerima kode otp nya,Netral
ngeselin aplikasi harus nunggu jam buat scan wajah padahal jelas muka sama milik data nya,Netral
mohon bantu hapus akun dana sudah coba sesuai prosedur di tindak lanjut mentok verifikasi wajah,Positif
gagal masuk akun dana padahal verifikasi wajah tapi layar beranda tidak muncul mohon atas masalah cepat stuck menu masuk tampil hapus cachenya verifikasi wajah muncul stuck baca masuk tampil layar layar kosong belum hape saya kembali setel pabrik download dana mohon balas,Negatif
lama tangan masalah jaring sudah bagus tapi tidak kirim uang tulis upgrade pdhl udh upgrade dana premium kata gagal tpi pas klik di bilang dh hasil jadi susah kirim uang,Negatif
uang di aplikasi dana sering hilang laku transaksi padahal tidak laku transaksi bahkan tidak punya aplikasi di traksaksi sebut,Negatif
eror aplikasi nya,Netral
akun tidak dia buka tiba tiba pas masuk minta kode veripikasi whatsap sms whatsap nya tidak aktip no nya tidak guna mohon bantu nya,Netral
tidak buat akun,Netral
app busuk mau masuk gag kluar sendiri tambah lama tambah busuk,Netral
saya mau masuk dana tidak pdhl mau tarik tunai,Netral
sering rusak banyak rusak nya akun tidak buka,Negatif
tidak jadi premium gimana sih,Netral
stlh install tidak di masukin nomor terang slalu kendala coba lg sudah bln uninstall pasang lg masukin nmr hp beda tp hasil sama gitu terus,Negatif
isi formulir sepakat kompensasi tapi customer service tidak tanggap sama sekal sistem trlalu sampah krja bener customer service jawab nya saja tidak beri solusi,Negatif
aplikasi tidak sya tipu orang saya aktif protectionnya uang jamin tidak aplikasi tolol gblok lu lu pihak yang kaya anjing tidak bantu rakyat malah bikin mlaratt,Negatif
masuk masuk pin sama verifikasi wajah di suruh kirim kode otp kalau nomernya mati gimana min,Positif
bagus pooolll dana cicil rupa rentenir sangat rugi konsumen apabila konsumen lambat bayar cicil di kena biaya denda biaya lambat akan lapor ojk kait aplikasi,Negatif
cukup bagus,Positif
bagus,Positif
tidak d buka,Netral
gimana sih aplikasi mau buka dana buat tarik tunai tidak uang kalau tidak segera baik banyak buruk,Negatif
no dana guna tidak aktif terus saya arah ganti no baru seta ganti no baru ehhh mala uang di no baru kosong gmna nie tolg di jelas,Netral
suka eror g transfer g qris pdhl jaring lancar aja bener sampah mau transfer g di pencet eror kalau lain di pencet mau transfer g mau qris g,Positif
proses ny cepat,Netral
buruk ana tidak selesai masalah pin hasil verfikasi wajah hasil saja hape hilang sama nomor minta otp pindah akun eh malah sulit sih seribet to akun sendiri wajah sendiri ktp sendiri tapi tetep aja sulit bot semua karyawan dana buruk bener bener buruk tidak selesai masalah,Negatif
banyak x masalah nya pening hhhhh,Negatif
makin lama makin banyak kendala,Negatif
bagaimana pihak dana telah lapor kasus hilang uang tapi tidak tanggap tidak tanggung jawab dana protectio atas hilang uang mohon tanggung jawab pihak dana,Negatif
ya buka dana susah lamaa gtu bolak balek d hapus downlod lg biar buka tlong d mudah lh buka dana,Netral
knapa ko tidak masuk akun dana,Netral
sangat buruk pelayananya baru beberapa hari aplikasi tidak di buka,Negatif
banyak eror,Netral
coba dulu,Netral
aplikasi sering errol tidak jelas waktu buka sering tidak buka dana sekarang makin buruk,Negatif
aplikasi buruk,Negatif
blank,Netral
sesi kadaluarsa kalau mau transfer ewallet kacau,Netral
aplikasi ap tidak d buka terus cape instal terus,Netral
bagus bagus,Positif
sering tidak bukak di hapos dulu donload lag baru,Netral
bank nya sih bagus aja tapi harus masuk email nya,Positif
knapa dana nya susah buka padahal sinyal lancar susah mau beli itu lewat dana kalau dana nya nge rusak terus mohon baik,Negatif
akun tidak d buka baru instal hr besok tidak capek begini terus,Positif
fitur dana cicil fungsi nya apa kalau tidak gunain limit tidak bayar apa di hapus aj tidak,Netral
aplikasi dana tidak di buka padahal jaring enak ujung nya uang hangus di perbaikin,Netral
dana kok tidak masuk verivikasi muka kok tidak masuk masuk,Positif
tidak masuk akun dana saya sudah hari muter tidak masuk,Netral
tidak update tidak log in,Netral
aplikasi nya keluarkeluar sendiri,Netral
blum pernah nyicil tiba tiba banyak cicil dana tidak jelas sekarang banyak pungli haram,Netral
bikin pusing byk ngebleng tidak di buka payah,Netral
fitur emas dana nya gabisa buka gabisa nabung ambil uang sana lebih minggu kayak gitu,Netral
cukup puas layan fitur ada dana,Positif
aplikasi totol keluar mulu,Netral
aplikasi sampah g d buka cuman muncul logo doang trus langsung keluar,Negatif
sangat buruk dana semua laku tapi uang nya tidak uang raib hilang rekening dana lapor tugas jawab ngambang seperti aplikasi tidak aman buruk berat bukti transfer tapi uang hilang aja lapor layan tunggu hari hari padahal uang ny mau di guna bayar utang,Negatif
tidak masuk minggu mau masuk dana tidak dikirimin email tgl januari jg tidak tanggap tugas dana sama sekali tidak profesional,Netral
buruk dana gabisa chat minta bantu aplikasi nya bahaya tiap jam subuh selalu notip lanjut bayar google nominal apa coba kaya nya kalau uang jt sedot sendiri tuh uang gabisa batalin padahal bukan transaksi tiba tiba notip nya tidak apa apain gajelas tiap hari notip nya selalu pas di klik otomatis suruh isi uang lalu bank,Negatif
sih sering banget tranfer tidak,Netral
aplikasi cukup bantu tp akhir dana sering kali tidak buka kurang lebih jam tidak di guna saya instal ulang baru di buka sngat ganggu dn kurang nyaman,Positif
bagus sangat bantu,Positif
tidak buat bagus up muter muter trs,Positif
tidak kirim e walet min,Netral
aplikasi curi dana lapor sukses tapi tidak masuk layan lambat hari hari tidak jelas buruk,Negatif
baru isi dana rp terang masuk tapi saya cek dana rp alias zonk mana tanggung jawab,Netral
hari kalau buka aplikasi dana tidak terus hrs update melulu jadi takut nyimpan uang aplikasi,Netral
baik donk aplikasi dana nya kok ngk di buka terimakasih,Positif
masukin pin scan wajah masih suruh pake otp,Netral
mw masuk ny susah,Negatif
gimna pihak dana mau transfer uang e wallet gopay malah sesi kadaluarsa terus gga transfer malah nunggu hari apa apa orang tua lagi butuh uang emergency banget malah begini hadeuhh lebih baik out lah aplikasi dana percuma males bikin kesal,Netral
tidak bagus pake ber tahun tahun tapi dana cicil tidak gilir baru bikin langsung nunggu hari lebih aja tidak guwe sudah bulan nunggu tidak terus,Positif
dana sukak keluar sebab padahal versi android uda,Positif
kasih bintang sangat buruk aplikasi tiap kali buka tiba tiba layar hitam lalu putih terus keluar aplikasi sangat rugi banyak pihak guna developer tidak niat baik alangkah baik aplikasi musnah hapus karena sangat rugi para guna dana sejak lama,Negatif
kok makin aneh ni apl dana dana cicil nya sudah bayar lunas tapi ak tagih di sedot uang dan sudah chat buat ulang kali lapor tapi blom ad solusi aj uang di sedot,Positif
fitur dana tidak buka rekan dana tidak terang sistem sedang sibuk mau chat ana tidak moga normal cepat,Positif
buruk uang hilang sendiri,Negatif
tarik uang dana bisnis sering eror di baik,Netral
invest emas kok tidak di buka wehhhh bagusin lah fitur nya sama aktivitas nya bagusin gakkk,Positif
aplikasi buruk uang potong gagal payment tapi belum kembali jugq saat,Negatif
dana tidak buka,Netral
bantu nya kenapa tiap kali buka aplikasi dana tidak selalu minta kirim lapor rusak,Negatif
lama make dana baru kali mau buka sendiri meski update tetap tidak bisa buka baik misal saldo kan bisa buka gimana,Netral
bagus mudah,Positif
ni aplikasi dah rusak mulu mentok logo update padahal,Netral
chatboth nya gblok oper sna sni tidak bsa selesai masalah,Netral
cepat,Positif
saya tidak bsa guna dana cicil,Netral
sesi kadaluarsa maksud nya apaandah,Netral
bagai guna langgan dana rasa buruk karna akses fitur dana cicil belum sama sekali padahal premium di perhati lg,Negatif
sering eror ganggu terus,Netral
nyari untung nya tidak tangung ajak taman move on dompet belah aja makasih dana,Positif
sangat puas aplikasi dana pokok nya,Positif
nth tiap laku bayar aplikasi dana tolak bayar dlini baik saya instal ulang kalau tidak mau tidak tau saya tu,Netral
kasi binta dulu lumayan bagus lah tapi yang buat sangat ganggu sering jadi mau buka aplikasi dana pental keluar,Positif
bagus,Positif
dlu lah soal y tidak upgrade pake ktp,Netral
koq akun tidak fitul dana cucil nya padahal d upgread dana premium,Netral
tidak di buka gimna pembukaanya,Netral
oke,Positif
bagus,Positif
suka lambat,Netral
kenapaaa tidak masuk aplikasi dana padahal nomer masih aktif,Netral
oklah bagus sekali,Positif
sayang na belm muncul cicil,Netral
kadang ssah batalin langgan,Netral
ana gabisa tarik uang dana bisnis hari masa erorr terus baik,Netral
baik,Netral
cepat hemat,Positif
kenp akhr dana ny sush buka kdng sya hapus dlu bru buka malah ngestuck logo aja instal ulng bru mohon y tugas dana tolng baik lagi soal ribet kalau di hapus dlu terus di dowload,Netral
jaring ngelek pas masuk ulang,Netral
akhir eror terus,Netral
sangat bagus,Positif
bagus,Positif
slalu tidak buka hps baru download lg pun pling besok buka tidak,Positif
buruk banget sekarang beli pulsa tidak stor listrik tidak lihat riwayat transfer tidak tolong dong baik,Negatif
aplikasi dana tidak buka ngestuck logo gambar dana padahal jaring bagus mohon kerjasamanya min,Positif
masa mao lapor bot mulu jawab kaga jelas aplikasi,Netral
alam buat qris dana bisnis accnya lama nunggu bulan lebih itu lapor posko bantu keliling dana live tik tok eh sekali jadi qris nya tidak download bagi malah bawak info aplikasi terus sampai sekarang chat ana sama lapor posko bantu keliling dana di live malah tidak kembang sama sekali lapor malah di suruh nunggu nunggu doang sama layan nya,Positif
beri bintang karna fitur dana cicil belum muncul,Netral
kak gimana cara nya masuk akun dana nomor daftar tidak aktif kalau mau masuk pakek kode otp biasa verifikasi wajah aja bisa,Netral
tidak di buka aplikasi upgrade,Netral
dana tidak kaya dulu sekarang kalau nyimpen uang dana sering ilang turut itu bukan uang kecil hampir sering ilang nominal sama tidak kompensasi gitu jelas dong pihak dana,Netral
bagus cepat proses,Positif
bagaimana chat via ana dana,Netral
kenpa sya mau transfer dana bank bri tidak,Netral
susah buka kadang tidak tau masalah,Negatif
kenapa si kalau buka cuma muncul logo doang masa iya bolak balik hapus install,Netral
tidak di buka,Netral
kasih tiga dulu kalau dana cicil muncul baru bintang kasih,Netral
tidak transfer uang padahal premium trus pas download udh tidak masuk padahal nomor nya sesuai internal lancar berapa kali coba tapi tidak masuk tidak tau juga kenapa padahal kemarin sempat beli paket data mohon tanggap,Positif
nomor lama g aktif ganti hp pake nomor lama g masuk pdhl pin nya mas ingat pake nomor baru tidak premium wkwk ktp ny dipake nomor lama kalau belum premium tidak transfer,Netral
mau ganti ktp susah banget kata hari hari belum info apa apa gimana lain oke tapi dong mudah untuk ganti ktp,Positif
coba dulu,Netral
dana akhir mlah susah banget buka si aneh padahal dulu enak sangat bantu,Netral
dana makin kesini makin tidak karuan potong gede banget skrg tiap isi ulang,Netral
bantu masalah sering kali aplikasi buka jadi unistal terus akun benar,Negatif
mohon diperbaikin min soal nya buat hp oppo a f suka keluar sendiri mohon bantu min biar aplikasi makin bagus markotop moga buka di hp oppo a f biar kagak keluar sendiri,Positif
min tolng bntu gmna cara ganti no dana sudah hilang bhkn tidak aktif no baru sdgkn tidak masuk no dana dulu,Negatif
bagus,Positif
baik,Netral
g dana cicil y temen semua y,Netral
puas,Positif
bagus,Positif
kok sekarang jadi lambat gitu apalagi kalau mau beli pulsa data malah gabisa buka loading terus,Netral
aplikasi nga suka keluar keluar sendiri ih,Positif
bagus,Positif
kadang tidak di buka akun dana nya hrs donwload ulang,Netral
tekan masuk malah keluar terus,Netral
layan nya lambat turut situasi desak juga ubah nama bisnis susah banget verif selfie terus terus tapi stuck aja baik developer nya guna dana banyakk terima kasihh,Negatif
sedikit kecewa untuk bagus up game malah rusak terus susah ribet cara makenya,Negatif
lambat suka tidak buka aplikasi nya nya lancar aja,Positif
bagus,Positif
kayak mna nih min mau masuk dana tapi langsung keluar g masuk,Netral
daftar dana premium tapi malah tb tb tidak premium aneh,Netral
aplikasi bagus di hp vivo tidak buka,Positif
udh update trs ttp aja ngebuk lama bikin lambat hp aja bagus sih emang cuma minus nya gitu baik lgi,Netral
tidak mau sambung paket data,Netral
semenjak upadte susah masuk,Negatif
bagus,Positif
apa si aplikasi dana sekarang susah sekali masuk aplikasi,Negatif
ahir agak lambat,Negatif
bantuanya ka biar dana bisa masuk,Netral
pertama sih enak buat bagus up freefire tapi baru hari langsung tidak bagus up entah saya tidak tau,Positif
sekarang sering susah masuk cuman muncul logo aja nya kalok unistal di dowload baru di buka baik,Netral
dana potong tampa konfirmasi,Netral
kurang bagus aplikasi dana sering lambat,Netral
main gem donlotan,Netral
dana cicil belum muncul padahal selalu transaksi dana,Netral
dana suka eror tidak buka,Positif
kasih bintang aja padahal aktif terus tranfer akun dana sampek puluh tapi program beta penuh buat,Netral
sekarang aplikasi dana tidak buka,Netral
mudah guna tapi susah ngatasi masalah lupa pin,Negatif
kak ya fiturnya tidak di buka semua padahal jaring bagus,Positif
min butuh riwayat transfer nov desember saya sudah scrool maksimal tahun jd nov des tidak buka,Netral
sulit masuk karna no tidak aktif adaa saldo lagi akun,Netral
baik,Netral
aju tutup akun dana karena nomer tidak aktif ribet sekali pdahal mau ngehapus aja ribetnya mintak ampun,Netral
dong aktifin aplkdinya dana cici nya masa blum sich,Netral
ka bantuin dong dah hari ngk buka in aps dana uang di akun klw ngk sih ngk apa mohon bantu,Netral
lumayan,Netral
uang suka ilang saja,Positif
biasa transaksi free sekrng adminnya gede,Netral
kurang cepat tanggap,Positif
aman,Positif
min dong info kok pas mau buka dana y akhir aplikasi y g di buka,Positif
lumayan,Netral
dana cicil tidak guna di baik,Netral
di akun syh tidak dana cici,Netral
mohon perhati keluh,Netral
aplikasi nya tidak buka nutup sendiri padahal baru isi uang,Netral
oke,Positif
lama transaksi bagus dana cicil dana instan tp aneh dana instan lunas tp tidak pinjam kan buruk langgan nyata bukan saya banyak teman kasus rupa,Netral
bagus,Positif
tidak aktif dana cicil karna program beta penuh,Netral
beli paket data myxl guna metode dana cicil tp uang dana yang potong harus kan pake limit dana cicil muncul tagih limit dana cicil kurang jadi bayar dobel,Netral
tidak aman uang telah hilang semua,Netral
kesel banget mau buka dana tiba logout sendiri aplikasi udh mah lama lg nungguin msk aplikasi,Netral
bagus,Positif
ya kalalu loging lama banget padahal barusan downlod mala fk buka gimana cara biar tidak lama yaa biar orang nyaman kalau pakai dana,Positif
aplikasi fak jelas sayang y kalau mau bagus up tarik tunai pake data slalu tidak bsa tulis koneksi putus padahal baru isi kuota,Positif
coba dulu,Netral
mohon maaf nih tiap brp hari dana sering kluar sendiri cara atas gmn tiap tekluar trus uinstal dulu baru download lgi dong cara ngtasi biar tidak keluar trus pas masuk dana,Netral
sumpah nyesel banget pakai aplikasi dana uang ku tiba tiba kurang padahal tidak pakai langgan apa kurang aman,Positif
koq ngak masuk dana baik dana,Netral
tahun guna dana paling sering pake transaksi gada istimewa nya gangasih fitur tambah,Netral
mntap,Netral
ini dana nya tidak masuk keluar sendiri udh full update sama memori tidak penuh henti paksa aja tidak,Netral
aktivasi fitur dana cicil tidak muncul padahal di update aplikasi,Netral
kurang bagus,Positif
heii dana kenapa mentok logo aja selalu home plisss ada uang ku,Positif
bagus kalau dapet dana gratis,Positif
tidak masuk transfer,Netral
beberapa hri tidak di buka mohon bantu,Netral
kok punya tidak dana instan padahal saya update premium tidak,Positif
sangat bagus,Positif
baik issuenya kali tambah bank baru mesti tidak karena kendala koneksi padahal ping bagus,Netral
tidak di buka aplikasi nya,Netral
knapa sekarang buka reinstall,Netral
aplikasi nya bagus cuma lama nunggu masuk aplikasi nya,Positif
jadi sering ngebug stuck logo doang kenapa jadi sedikit buruk sih uninstall lalu kemudian didownload ulang kadang bisa sebentar bisa buka apknya hari hari kemudian stuck mentok logo awal,Negatif
punya tidak di buka,Netral
kasih tiga bintang aplikasih dana nya tidak di buka ntah padahal mau narik dana,Netral
sekian lama punya aplikasi dana tapi sekarang tidak buka ada sama tidak,Netral
tidak guna limit dana cicil,Netral
sekarang aplikasi dana jadi susah tuk masuk jadi kalau mau masuk instal lgi baru lagi,Negatif
untuk pesan inbox di tambah fitur baca semua hapus semua biar tidak terlalu banyak tumpuk pesan,Netral
tidak buka tidak perintah update aplikasi styck logo,Netral
terimakasih bisa guna sekarang walaupun lama tunggu,Netral
moga lancar guna dana,Positif
bagus,Positif
apa masalah tidak di bukak dana,Negatif
tolongg dong udh brp hari gabisa bukaa stak logo doangg plis lahh baik,Netral
banyak rusak nyaa,Negatif
ingin tarik uang dana goals untuk perlu makan tapi gagal,Negatif
sekarang tidak masuk dana tiap masuk selalu keluar biasa tidak pernah begini mohon jawab,Netral
bagus,Positif
coba investasi emas tapi harga emas tidak naik naik harga emas henti tanggal januari kenapa,Netral
saya belum dapat dana cicil padahal cukup lama pakai aplikasi jujur buruk,Negatif
aplikasi nya bagus bikin gmpang segala tapi knpa punya tidak d buka sekarang kasih bintang,Positif
hari kok emas tidak update dana emas,Positif
dana cicil kok bom buka,Positif
okr,Positif
cicil tidak pernah,Netral
knapa stiap buka dana aplikasi henti tidak bsa masuk,Netral
tahun pke dana tidak dana instan dpt dana cicil limit ribu,Netral
kadang jangan afgret geh,Netral
transaksi tidak masuk padahal sukses tapi uang akun dana tidak masuk bisa bantu tugas,Netral
mau buka aplikasi sekarang susah banget bagus up dana jadi tidak lihat servernya baik,Netral
minta refund uang di gubris awal tapi sekarang malah tidak informasi lebih lanjut kata nyah di kembali cepat tapi sampe sekarang belum kembali terus juga chat ana tidak tanggap sama sekali terimakasih,Positif
dana akhir susah masuk yah,Negatif
lambat dipake apa aja kok lambat,Netral
bagus,Positif
beberapa kali uang hilang layan sulit hubung,Negatif
tadak ad dana leter nya,Netral
kurang nyaman banget nih dana mau buka aplikasi ko selalu gagal tidak di buka aplikasi,Positif
eror mulu,Netral
aplikasi tidak ke buka henti terus stelah d update,Netral
kok sering keluar sendiri,Positif
asik,Netral
belum fitur dana cicil,Netral
dana cicil tidak bayar kris,Netral
goood,Netral
knapa aplikasi dana sya mntog d logo trus bisque hrus instal trus,Netral
kurang bagus transaksi aplikasi tapi tidak masuk dari dana nya asil jadi uang nya tidak kembali,Positif
oke,Positif
bagus si tapi sekarang tidak di buka padahal uang nya,Positif
sering tidak buka jadi dowload jadi takut nyimpan uang banyak,Netral
tanggap sih ganti nama akun dana bisnis tapi malah lempar lempar suruh hubung ana hubung ana tapi tidak ubah sama sekali nunggu hari lebih nama dana bisnis tetap sama jangan nyusahin guna lah juga fitur ubah nama dana bisnis di hapus kembaliin fitur ubah nama dana bisnis,Netral
tidak transfer bank,Netral
sangat bantu,Positif
masuk waktu bayar dana cicil kok tidak buka aplikasi nya,Positif
kok dana di blok tidak buka,Positif
susah sekali kalau upgrade dana premium,Negatif
aplikasi cukup bantu tapi lama lama buruk sekali aplikasi tiba henti sinyal padahal sangat lancar aplikasi g buka uang dana mas hmm gilaa,Positif
saya pas buka tiba keluar sendiri,Netral
oke,Positif
akun dana tak buka,Netral
tiba tiba aplikasi dana tidak di buka untung saldo kosong kalok saldo jelas repot tidak buka,Positif
ribet banget knpa di batas transaksi bulan nya kita prlu transfer hari nya,Netral
dana nggak fitur dana cicil padahal fremium sering lalu transaksi,Netral
percuma menu dana cicil tapi buka malah lama sekali bahkan tidak buka sama sekali kalau soal transaksi sering transaksi dong bantu buka menu dana cicil nya,Netral
kok skrg dana jadi sering ng leg malah keluar sendiri trus lama loginnya baik proses masuk lancar terima kasih,Positif
sangat bantu,Positif
hallo ka gimana cara benerin kalau no dana tidak aktif hilang kartu verifikasi wajah tidak terus hp nya stelan pabrik jadi data hilang semua mohon bantu,Negatif
mhantap,Netral
akun di hack orang coba alih akun tidak bisa dong solusi,Netral
baik,Netral
aneh,Netral
kok malah ribet aplikasi skarang sangat kecewa,Positif
rusak,Negatif
aplikasi kurrang baik sekali,Netral
bagus up e tol uang tidak masuk tapi uang tidak buruk,Netral
dana cicil tidak,Netral
aplikasi dana tidak buka,Netral
yaaa mudah dana tidak hilang,Netral
vrifasi wajah gagal apa masuk kode otp,Negatif
kerja kuli jak,Netral
sering laku transaksi lalu dana tapi tidak pernah muncul nama nya dana cicil,Netral
bagus,Positif
ko dana cicil tidak sedia gabisa pakai,Netral
sangant gampang guna,Netral
sampurasuun mf ka aplikasi ko tiba tiba eror tidak d buka nginstal lg awal baru apakah lain jg sama sayah suka tidak bsa d buka dana mohon jasa dong,Positif
bagus,Positif
tidak aktif fitur dana cicil,Netral
pakai dana lebih mudah,Positif
terimakasih,Netral
bagus,Positif
hapus akun dana premium tidak pakai,Netral
baik,Netral
oke,Positif
mau masuk program beta lama banget penuh mulu,Netral
sangat bantu pasti utama kan aman dana,Positif
lumayan bagus,Positif
aplikasi dana sya tidak buka,Netral
bagus up dana notifikasi masuk dap tidak yang masuk sama sekali gilir mau minta bantu aplikasi aplikasi lambat banget tungguin ber menit tidak masik loding terus padahal jaring bagus aj jadi uang nya tilep ya kalau liat komen baik salah kek nya bakal pindah aplikasi aja deh buat transaksi masuk tapi agak grenjel di hati awas aja kalau ulang,Positif
sangat bantu transaksi,Positif
guna sekali,Positif
oke,Positif
apknya cukup baik,Netral
di aplikasi dana tidak aplikasi dana cicil kakak,Netral
bagus,Positif
aplikasi dana sekarang ko susah buka,Negatif
buruk banget sekarang mau beli kuota aja tidak lewat dana gilir qr bagus up game tapi pulsa tidak,Netral
kak hari dana ya buka aplikasi kok keluar terus mau transaksi jadi hambat,Positif
syarat aktivasi dana instan,Netral
aplikasi dana tidak buka bagaimana cara kasih solusi,Netral
dong min in gimna mau masuk masukin pin uda vermuk uda malah minta kode otp nor hp uda tidak aktif jadi gimna mau minta kode otp dong min solusi gimna biar masuk akun dana lagi kok sekarang jadi makin ribet aj ni apknya tolong di bantu min,Positif
banyak update jadi berat lambat,Negatif
bantu menu dana cicil nya,Netral
sii akhir tidak masuk dana slalu info hapus riwayat baru di buka di hapus lalu dwonload ulang log in kmbali aplikasi atw apa nya,Netral
kak kok tidak ya kak buat liat detail transaksi nya,Positif
suk jsedot,Netral
pliss akun dana yang satu tidak masuk begini padahal uang baru isi,Netral
kok makin sulit seh aplikasi mau masuk aja sulit minta ampun di baik dong,Positif
ganti hp install hp baru kok sekarang susah sih terang masalah jaring coba nanti jadi ribet gitu tidak pakai dana jadi,Negatif
ya mau masuk akun dana malah tidak,Netral
isi token listrik mahal,Positif
bagus,Positif
usai update ko malah banyak errornya sperti dana deals selalu kendala apa check in hari hadiah gabisa ambil terus bayar selalu balik lg awal repot,Negatif
terkadang suka tidak di buka uninstal lg,Positif
uang hilang dana banyak juta dana yang lama ganti nomor baru mohon bantu,Netral
bolak balik tutup kak,Negatif
fiktur dana cicil tidak muncul,Netral
biaya tugas beda yang hijau bebas tugas,Netral
bagus,Positif
di update banyak stuck,Netral
aplikasi nggk aman buat narok uang bahkan hitung jam d bobol bikin kapok,Positif
aplikasi dana susah buka padahal baru diupdate,Negatif
di update aplikasi suka nutup nutup sendiri,Positif
susah skrg kalau buka apl dana pdhl guna apl dari awal apl dana mulai tlg donk diperbaikki sistimnya jangan mngecewakan members,Negatif
habis update malah sering mental sendiri pas masuk aplikasi mau laku transaksi mesti instal ulang aplikasi dulu bisa guna,Netral
tidak dana cicil,Netral
tiap mau masuk aplikasi selalu keluar ke menu awal hp,Netral
bagus sekali,Positif
potong tidak ngotak,Negatif
hati hati mau simpen uang dana jangan simpen gede karna baru hilang potong bayar tidak kenal,Negatif
ko sekarang ganggu aflikasi tidak di buka payah,Netral
maaf nya developer dana sering rusak keluar sendiri masuk selalu tidak tolong baik dana,Negatif
nomer dana tidak aktif trrus mau unistal ulang tidak soal dana nya tidak di buka,Netral
dana tidak dana cicil nya,Netral
nice,Netral
fitur dana cicil sedia tidak di pakai yah padahal jaringa baru aplikasi hapus chace semua laku tapi tetap tida,Netral
dong pihak dana yah pas mau masuk malah tidak tolong dong,Netral
bagus sih tapi sering sendiri,Positif
kurang,Netral
sangt bagus,Positif
bagus,Positif
tahun guna aplikasi dana sedikit tidak kasih sempat dana cicil sungguh sangat tidak setia,Netral
bagus,Positif
danag ramadan,Netral
sangat baik,Netral
buruk dana cicil ny tidak muncul pke aplikasi dana thn,Negatif
lambat tadi mau log in susah,Negatif
bagus,Positif
akun dana belum buka dana cicil padahal udh tp lm tidak mau ke buka,Netral
akun dana tiba henti tidak di pakai,Netral
lambat,Negatif
tidak aktif dana cicil,Netral
susah buka,Negatif
bagus dlm playanan,Positif
maaf ana satu minggu ko aplikasi dana tidak buka padahal kemarin bagus up uang kirain bisa di buka,Positif
dana it s okey,Positif
maaf gimana masa ngestuck logo gabisa masuk padhal uang nya,Netral
aplikasi susah transfer gagal terus,Negatif
tiap masukin pin salah trus padahal pin ny bener tp ko salah terus mau transfer narik jg tidak,Netral
kok ya masuk akun dana susah gin malah bilang bersih kan riwayat mau gimana bersih kan riwayat masuk akun susah di baik servernya bos,Netral
bagus,Positif
mau laku bayar cukup sulit muter muter mau belanja guna dana premium saya anak sekolah coba guna khusus anak malah bikin pusing,Netral
puas,Positif
dowload dana premium dulu biar transfer uang mana pajak mahal minimal isi rb,Negatif
bagaimana atas akun yang selalu gagal masuk tidak masuk masuk auto keluar lagu aplikasi,Negatif
lambat susah buka,Negatif
bagus,Positif
tidak tahu cara isi,Netral
pernah hilang uang belum balik,Negatif
limit dana gedein minimal jt jangan cuma jt sekian terima kasih,Netral
dana gimana sih kok bayar online tolak biasa dulu kenapa kena rusak juga salah kasih baik dulu dana soal takut bayar langgan nanti tidak begitu,Netral
mantep,Netral
uang dana hilang sendiri,Negatif
aplikasi sulit masuk,Netral
terlalu banyak fitur baru akibat fitur lama riwayat transaksi malah sangat sulit akses,Netral
kurang nyaman pas loading,Positif
hari menu emas tidak akses bagaimana ini,Netral
aplikasi dana tidak kebukak kenapa,Netral
lumayan bagus,Positif
bagus,Positif
sekarang kirim uang daftar jadi premium,Netral
mantapppp,Positif
gimna kemaren bagus up robux pertama kliny trus tp up lg yng trus yng gabisa tulis ny gin rusak dana tolak bayar jumlah lebih batas transaksi periksa akun dana atau pilih metode bayar or pfgvem gimna tolong baik pliss,Netral
aplikasi sangat bagus bantu tpi knpa fitur dana cicil tidak muncul,Positif
bagus,Positif
aplikasi sangat bantu transaksi tapi sayang hpe tidak dana cicil tidak muncul kalau ada butuh desak ksih bintang aja,Positif
aplikasi dana sangat bagus,Positif
apdet hulang,Netral
aplikasi nya bagus tpi can satu minus nya kalau mau bukk struk transaksi terkadang tidak tolong depan nya baik,Positif
terimakasih,Netral
dana cicil kok tidak di pakai ya padahal belum,Positif
bagus aplikasi nya kasih bintang,Positif
hari saya tidak buka aplikasi dana bagaimana,Netral
sangat bagus,Positif
hadiah dana uang main,Netral
bagus,Positif
dana tidak muncul dana instan nya,Netral
kak baik dongg masak mau transfer sekarang gabisaa mana uang dana lumayan gim donggggg ayo kak yaa,Netral
mau kasih masuk kalau jam jam istirahat jam malam atas jangan ada masuk notifikasi sangat ganggu kadang masuk jam dini hari orang tidur masuk notif gopay,Positif
jos,Netral
bagus,Positif
kasi dulu karna baru mulai,Netral
baikik,Netral
ingin ganti ktp selalu tidak,Netral
maaf transaksi angsur lama proses kerjasamanya,Positif
aplikasi dana tidak buka ada tulis dana henti terus bagaimana mohon solusi nya bisa di buka,Netral
kadang susah buka kandang tidak di buka,Negatif
saran di upgrade tarik tunai lewat atm bri atm lain turut itu susa tarik tunai tarik lewat alfa atm bca apa di daerah tidak atm bcanya,Netral
bagus,Positif
tidak masuk padahal saya baru bagus up gimana solusi min,Positif
bagus,Positif
ksih bintang,Netral
layan bagus,Positif
sangat bantu,Positif
mula,Netral
apa kenapa q tidak buka aplikasi dana pdhl br banget download dana br sekali transaksi ko y mlh bkin buruk boro masuk langsung logout aja no aplikasi,Negatif
punya limit dana cicil tapi tidak guna transaki qris tidak juga,Netral
kok ngestuck dana,Positif
benar bagus cuma update ya mau transaksi malah ngeleg gin sangat rawan buat orang pake waktu pas mau beli sekali tidak tepat waktu lansung hangus,Positif
hari kenapa aplikasi tidak ngirim min,Netral
kurang puas,Positif
bagus banget,Positif
sangat muda simpan uang,Netral
di update malah tidak buka fc mulu hapus chace restar ulang tetap fc instal ulang baru masalah hari ikut inatal ulang,Negatif
akun dana tidak buka karena hp hilang hari lalu nya bisa buka gimana solusi nya uang apakah masih bisa buka dan gimana cara nya mohon di jawab,Negatif
tahun tahun pakai dana tapi belakang nggak buat transfer,Netral
paling krusial aplikasi tentu masalah masuk sulit nomor lama tidak aktif aplikasi seperti spay cuman butuh kata sandi aja kalau ada kendala masuk kirim pulih lewat email lah pihak dana contoh aplikasi milik akses mudah data tetap jaga bukan malah suruh chat ai yang tentu bukan kasih bantu malah nambah pusing,Negatif
alham dulillah lancar semenjak pakai dana,Positif
sudah tahun tahun pake dana tapi belum fitur dana cicil makin kesini makin tidak jelas fitur fiturnya,Netral
kalau mau liat bukti transfer loading nya lama banget pake wifi pake data sama aja loading nya lama banget,Netral
hadddeeuhhhh dh bulan lebih pindah akun gagal terus bles bukan orang tapi bot payah org kn tidak semua nomer hp nya aktf krna bbrpa yang mjd nomer tsb tidak aktf cb pelayananya mudah tuk kendala pindah akun,Negatif
aplikasi sangat bantu tpi pernah hilang uang besar rb entah siapa ngmbil saya tidak pernah mngutang spa,Netral
gimana ni henti terus jelas,Netral
puas sx cepat praktis,Positif
sudah sering transaksi sudah update fitur dana tapi mas belum muncul dana cicil,Netral
aplikasi bagus tapi harus batas transaksi sangat menggangu guna mau bagus up di upgrade,Positif
belum d guna but transaksi,Netral
tidak di buka apl dana,Netral
dana instan tidak muncul tolong aktifin si,Netral
terima kasih aplikasi dana bantu dompet digital,Positif
kurang puas akun dana,Positif
di dana gaada dana cicil pdhl sya sering transaksi,Netral
min maaf akun hasil premium tp belum inbox logo premium nya belum padahal pas mau ulang tulis tuh sudah hasil upgrade premium di bales min kasih saran,Netral
perlu tingkat kan lgi,Netral
maaf sekali kurang bintang nya karna apl dana tidak buka stuck logo padahal jaring koneksi aman ini baik uang di akun sebut,Positif
buka tidak,Netral
sayang banget ada tugas pdhal dana aplikasi satu nya kalau transfer mana gada adminnya,Netral
aplikasi nya bagus tapi sekarang tidak buka,Positif
sedikit buruk investasi emas sini cetak fisik cuma bisa diprovensi tentu,Negatif
danacicil,Netral
apasih jadi sering eror gin,Netral
kadang rusak,Negatif
saya tidak aju pinjam,Positif
isi uang tapi tidak masuk malah uang ada hilang buruk banget dana,Negatif
tidak suka tahun tahun pakai dana tapi tidak dana cicil nya,Positif
uang kalau bagus up kali hari suka tidak masuk di tingkat atur nya saat mau beli apa lewat dana salah nya di baik,Positif
lebih simpel,Netral
ko gagal masuk hp oppo f s versi android,Negatif
sangat bantu masarakat,Positif
ko semenjak diupdate keluar sendiri terus si baik dong butuh aplikasi dana nih,Netral
awal bagus sudah hari aplikasi tidak di buka uang mau transaksi tidak gmn mau pindah uang aplikasi tidak buka,Positif
jadi lambat keman kurang masak uang jadi hilang,Negatif
sangat baik,Netral
cukup bantu,Positif
bagus,Positif
ada fitur dana cicil tapi tidak pakai yah,Netral
dana cicil sudan sedia tp bagus tidak guna aktifasi tidak muncul,Positif
anehh sekali padahal guna dana tahun tahun fitur dana cicil muncul tapi limit belum adaa percuma fiturnya munncul kalau gabisa guna mah mohon baik terimakasih,Netral
dah hari jam siang susah buka mentok di logo doank donk baik masa unduh ulang baru buka,Netral
sangat bantu bagus banyak bonus tapi beri peringkat dulu fitur dana cicil tidak padahal akun sudah premium,Positif
sayang nya dana cicil ada fitur tidak di guna,Netral
adminnya kirim bank makin mahal,Negatif
no y dipake org,Netral
masalah cek in reward a hari selalu lompat sistem sering jadi sudah selesai cek in hari besok tiba tiba balik hari pertama awal pusat bantu tidak dukung lapor ini,Netral
tidak masuk padahal ni aplikasi buat transaksi stiap hari kalau baharu lain kasih ingat dong min,Netral
salah tranfer bank bni bisa bantu,Netral
mantapp,Positif
aplikasi tidak di update,Netral
oke google,Positif
bagus,Positif
verifikasi wajah tapi kok pakai kamera belakang,Positif
baik,Netral
di hp redmi a sering ngebug,Negatif
tidak versi beta,Netral
banyak kendala mau tari transaksi ewalet,Negatif
bagus,Positif
jujur buruk sama dana kemarin kali transaksi bilang hasil tapi pas nanya temen langsung transaksi nya tidak masuk pas minta balikin uang pihak dana tidak mau kembali dana nya jadi di baik klau tidak itu ganti bintang terimakasihh,Negatif
insyallah tidak ad tipu cair klau udh byk uang,Negatif
biaya transfer bank mahal,Negatif
masih makan biaya transfer antar bank terimakasih,Netral
tidak buka dana,Netral
terlalu lama buka,Netral
bagus,Positif
update tapi tidak transfer,Netral
suka pending kadang tidak cewk riwayat,Positif
oke,Positif
aplikasi lambat,Negatif
biasa aja,Netral
cukup puas,Positif
dana tidak buka kadang uang hilanga minta petunuk aplikasi dana di buka langsung ilang,Negatif
transfer tidak langsung masuk aplikasi,Netral
coba pake dana,Netral
sistem nali wajah kedi tigak merespon,Netral
kirim uang bank sudah habis gratis kena biaya tugas entah biaya jadi total belum cuma biaya tugas tidak besar emang tp kalau kirim hari kan lumayan hitung,Netral
mudah cepat,Positif
maaf kasih dulu dana cicil tidak di pakai jadi buruk,Negatif
apa minimal bayar k misal tagih nya bawah k trus uang bawah k gabisa apa apain,Netral
mohon cerah admind pesan transaksi tidak di buka,Netral
dong developer baik ikan informasi memang verifikasi identitas dulu laku bayar jangan tampil informasi transaksi tidak laku tapi ikan alas soal kemarin sempat gagal laku bayar guna smart pay dana steam sangat rugi hilang promo besar steam minggu gagal bayar terus waktu tapi saya coba verifikasi baru bisa laku transaksi,Negatif
masih sering ganggu gmn,Netral
aplikasi dana cicil nya tidak limit nya,Netral
dbantu biar lancar,Positif
buruk sama dana karna fitur dana cicil ngk guna padahal sangat batu kita desak buat aplikasi dana nya di baik tks,Negatif
dong kalau dipake minimal kali ganti hp ganti no tidak bsa make dana baru krna ktp dh dipake,Netral
lumayan ribet,Netral
buruk pihak dana lunas dana cicil beberapa bulan lalu sekarang saya tidak guna dana cicil,Negatif
bagus sangat bantu,Positif
lumayan tp upgrade nya cukup lama,Netral
bagus masalah di baik tambah bintang,Netral
sangat bantu tapi sayang dana cicil nya tidak di pake lgi pdhal udh lunasin semua tagih nya dong baik lgi,Positif
minta update terus padahal kemarin udh sekarang lagi,Netral
aplikasi tidak ada dana cicil tidak di guna sangat buruk sarat semua di penuh masih tidak aju dana cicil,Negatif
dana knapa asal ny sih baik baik aja tpi ko sekarang pas mau beliin kouta pake no org tidak transaksi hasil tpi uang ny malah kembaliin,Netral
buruk aplikasi dana cicil akun tidak di buka,Negatif
dana cicil kgak d pake,Netral
maaf min knpa aplikasi dana pnya tidak ecek meliht riwayat transaksi biasa kalau habis transksi d cek d riwayat suka muncul tapi skrng mlh tidak muncul d cek d riwayat ttp kosong tidak ngobrol sama ana mhon baik riwayat transaksi muncul biar semu lncar nyaman trmksh,Positif
bagus bantu,Positif
aplikasi nya sangat bangus transaksi beli mana proses cepat bagus tapi sya kase bintang satu kurang nya aplikasi nya muncul tiba dana cicil tapi tidak di upgrade padahal muncul tiba,Positif
sangat bagus bantu transaksi,Positif
uang ku ilang dana di baik lgi makasih,Netral
bntu donk masa fitur dana cicil gilir di clik tidak buat apa jadi fitur cicilny padahal ini pemgguna lama dana buruk dkit trus tmen ada dana instan kalau masalah transaksi punya lebih besar pada tmen buruk lah pokok sama dana kalau udh di guna dana cicil ny baru ksh bintang penuh,Negatif
fitur dana cicil tidak jelas banget lama banget tidak pedahal mau daftar tapi selalu tidak pedahal di pake transaksi terus tapi tidak mulu heran,Netral
dana sering eror sekarang mohon baik segera,Netral
maaf sya cuman kasih bintang min dana sya pas mau scan qr gallery tidak malah mental baik ya min,Netral
kadang ada rusak verifikasi nama ktp,Negatif
saya mau upgrade primium tidak bisa padahal aplikasi update terus,Netral
bagus,Positif
bagus,Positif
kasih tiga bintang dulu fitur dana instan belum muncul,Netral
tidak masuk dana dana slalu henti,Netral
aplikasi nya ribet segala eror apa apa eror mau masuk akun aja eror gimana sih developer nya baik dong jangan biarin mlu sudah kali kali hapus download hapus download aplikasi tapi enggak masuk mlu,Netral
lumayan,Netral
woy dana ku eror tpi bgus kalau fix ku kasih lgi,Netral
ni aplikasi kadang tidak jelas banget padahal tidak pernah pake bayar lama bulan eh pas cba transaksi malah kena batas,Netral
sudah tahun pakai dana tapi kemarin aplikasi tiba tiba tidak guna alas jaring masalah jadi coba menginstall ulang mulai daftar guna nomor hp tapi tetap tidak masuk jaring masalah harap coba nanti bingung yang masalah jaring hp atau jaring aplikasi dana rusak jaring hp normal dapat guna paket data juga banyak,Negatif
beli data uang potong kata eror dia hari tidak tanggap,Netral
kepada customer service dana danacicil aplikasi tidak guna tidak laku,Netral
transaksi lama,Netral
gajelas dana kemarin waktu mau bayar toko pakai dana bayar gagal karna ganggu jelas gagal yauda bayar pakai cash tiba besok bayar toko malam hasil lanjur bayar pakai cash jdi bikin rugi,Negatif
hallo kaka ya aplikasi dana tidak masuk mohon bantu,Netral
min ya kalau mau beli pulsa data smartfren tidak mnggunakan fitur dana cicil langsung tapi lalu e merchant baru sdgkn provider bisa langsung aplikasi dana nya guna dana cicil,Netral
sorry bro aplikasi kasih rating gin dulu jujurly usaha agent dana alias jual uang dana kemarin hilang uang juta lebih yah memang ganjelnya aplikasi dana masa orang narik terus depan saya cara nyata nyata struknya kirim saldo malah balik ke milik yang ganjel gin bro kirim gagal karna koneksi rusak kirim malah double transaksi agen agen dana lebih teliti transaksi,Negatif
sumpah emosi bngt sama aplikasi bapak gua transfer akun sudah tidak aktif gua coba verifikasi wajah tetep gabisa kata kurang cahaya lah wajah tidak deteksi lah mau nya apa dah ni aplikasi gua tanya ana tidak bantu,Positif
kok hp tidak buka y min bantu,Positif
uang tiba tiba hilang padahal tidak laku transaksi apa,Negatif
mudah d guna,Positif
aplikasi sangat bantu tapi jadi maintenance tidak pemberitahuan saran ingin maintenance aplikasi memang buat tidak masuk karena banyak transaksi hilang saldo sudah kali alami pertama alhamdulillah untuk ini belum tau tidak tunggu info kembali atau tidak memang sedikit k bagi besar mana tidak ada bukti aktifitas transaksi bagaimana jelas nya,Netral
jos,Netral
dong bantu balikin uang dana tanggal januari jam mau transaksi kirim uang bank bri kata dana rame mohon tunggu beberapa menit balik ke dana tapi uang sudah ilang semua nya sisa di proses biar balik dana,Netral
gimana uang kurang tapi riwayat tidak yang transfer tidak masuk solusi,Netral
gmna ni dana uang kurang tapi transaksi gagal tidak riwayat bukti transaksi,Negatif
suka ganggu bos kalau lg butuh uang urgent siapa tanggung jawab bintang turun dlu,Positif
payah uang hilang ada transaksi,Negatif
saya tidak terima kode otp,Netral
dana hilang riwayat nya kronologi nya pas dana sedang rusak kirim dana dana lalu gagal transaksi nya tidak lama itu dana tidak kunjung balik ke dana dan tidak ada transaksi kait foto bawah ini,Negatif
dana ini alami ganggu,Netral
tidak tau akhir sering bngt eror mau ngmbil duit susah,Negatif
per hari aplikasi dana kok malah ribet,Positif
lama pake dana bagus lancar dlm transaksi tapi baru kali saat transaksi pending nya lama banget mana urgent hadehhh gimana kok jadi kaya gin dana,Positif
tranfers tapi posisi lgi pending uang tiba kurang cara kembali uang nya gimana,Netral
agak buruk aplikasi karena tiba uang hilang pda guna qris bayar tapi aplikasi dana tiba tiba rusak uang saya bisa ke dompet dana mohon jelas nya,Negatif
dana lambat masuk nya,Negatif
tugas mohon bantu transaksi gagal cuma kok uang sedot harus lapor menu bantu tidak jelas muter,Netral
bulan emas digital tidak akses kata pelihara tapi kok lama banget,Positif
aman nasabah jaga,Positif
lambat,Negatif
saya tidak guna fitur dana cicil padahal limit,Netral
sering hilang uang transaksi,Negatif
uang ilang k cuk fa tau uang masum belum kepake langsung ilang mutasi uang keluar tidak cuman uang masuk,Netral
tidak di bukak iya,Netral
qris sering rusak perlu benah,Negatif
dana eror kirim cepat tanggani biar cepat selesai kerja tidur doang,Netral
enggak transfer,Netral
mode qris ganggu,Netral
fitur emas kadang ngebug tidak buka mohon di fix lebih nyaman,Positif
aplikasi dana tidak di scan masalah apa sedang jadi akhir,Negatif
ka transaksi pending lama gimana cara hubung customer servis nya mohon bantu nya,Netral
dana cicil limit tetapi tidak di pakai,Netral
bantu tugas isi bagus up uang status sukses tapi uang tidak berubahz nominal cukup besar saya tilong bantu,Positif
sering banget ganggu limit bulan transaksi kecil,Netral
aduh dana gimana si mau qris aja gabisaa,Netral
kirim uang keluarga belum masuk uang rb potong hubung pihak dana tidak tanggap bukti transaksi ada tapi tetap tidak masuk uang saya sudah potong aplikasi tidak tanggung jawab,Netral
hari malam alami masalah tapi tidak ada tindak dana bangkrut,Negatif
transaksi kon gagal terus,Negatif
mohon segera baik aplikasi dana kirim uang lama pending mulu bukti transfer tidak muncul aktifitas,Netral
bang jaring nya baik mash mau ngirim nggk selau jaringn,Netral
bantu pegembalian dana nya min sya kirim dana orng pending terus dana uang hilang sya cat tugas ana nya tidak jawad tidak di bukak la di perbakin sma aj curi uang,Negatif
segera baik rusak qris,Negatif
makin kesini mkin eror,Netral
akhir akhir sering ganggu,Netral
malah rusak mulu,Negatif
kok udh isi uang kok belum masuk,Positif
tidak qris,Netral
dong benahin sistem nya ana digital asissten nya mau chat kendala susah bener kirim nya anehh padhal sinyal aman kendal mau bagus up dana lalu aplikasi bank bank hasil transaksi tapi dana nya bom masuk uang tolong min,Netral
dana keluar tidak lapor uang hilang dong kembali rb,Negatif
kenapa dana selalu aja masalah bayar pakai qris makan belanja luar qris eror buat ganggu saya sperti pindah e wallet kalau terus ganggu,Negatif
apa dana sekarang trobel kak,Netral
buat bayar pake qris rusak sekarang,Negatif
uang hilang coba chat aplikasi tp tidak bisa,Negatif
jang inam mau scan qris malah gabisa ku hapus ku download hilang saldo saldo k pulak memang lah,Negatif
kurang muas banyak ganggu mulu,Netral
tollong cepat baik ganguan dana isi salldo blum msuk,Netral
dana ko sering dalay di transfer orang tidak masok,Positif
baik nya bos sedang tranksaksi ni bosss bayar nya gagal terus booss q,Negatif
aplikasi buruk banyak ganggu,Negatif
sangat batu cuman dana cicil tidak kalau tak kasih,Netral
sering erorr,Netral
ada transfer bri dana tapi tidak masuk padahal sukses mau keluh ana susah banget masuk nya mau nelpon tidak di telpon dana apa solusi nya dana,Negatif
wahhh gawat kok jadi begini aplikasi dana malam hemmmm,Positif
aplikasi sangat bantu tapi sayang sering ganggu baik lama proses,Positif
dana kurang tapi tip up tidak masuk,Netral
apresiasi layan lama tapi jika kendala sistem maintenance beritahukan user tidak transaksi waktu sebut mohon depa lebih bagus saya alami yang kurang senang trasaksi qris pada tgl beritahukan trasaksi gagal telah beberapa uang potong baru notifikasi transaksi hasil maaff sudah live cat tidak di buka,Negatif
mkin kesini ko aplikasi dana eror terus si banyak keluh tidak kaya aplikasi dompet digital lai,Netral
app tidak jelas bagus up malah g masuk uwanya klw kli kli g masalh dh sering banget,Positif
mohon bantu nya min kirim uang tidak bisa min,Netral
knapa dana jd kek gin transfer jt hasil tapi tidak kirim kr dana nya trs mau tnya ana is hear kok gabisa kek mana pihak dana,Positif
kok skrng suka elor kalau upload qris,Positif
sangat mudah nyaman,Positif
kurang puas,Positif
woii buru benerin server eror se indonesia minggu tgl januari,Netral
udh update tapi lambat sedang jaring stabil ngirim kali malah kali jadi,Negatif
gmn sih transfer ribu masa potong ribu tidak jelas nih,Netral
kendala dana tiba tidak di lihat berapa uang serta tidak buka fitur emas sudah ulang kali coba buka fitu e mas kata coba,Negatif
benerin rusak min transaksi masuk tapi refresh belum masuk,Negatif
ganggu kok tidak kayak biasa,Positif
baharu malah bikin kesell woyy,Netral
banyak rusak gabisa ngirim,Negatif
bnyk gannguannya,Netral
berapa lama sistem baik nya,Netral
tidak barcode,Netral
dana nya sangat bantu tapi kok suka ganggu gitu si dana nya,Positif
sering eror,Netral
gimna sih dana beli pulsa pulsa blom masuk tapi uang uda ambil beli dua jam lalu kata suruh tanya ana tapi mau buka nya aja terus muter dong kasi solusi nya gimna,Netral
dana suka stres ganggu nya bner bikin mles pke dana tolong woy dana bikin cpet ad ganggu kaya gin laknat,Positif
minggu januari aplikasi sempat bikin masalah kendala susah akses alas jaring nah aplikasi lain aplikasi dana fungsi bagaimana mesti ada terang husus tragedi,Negatif
manfaat kadang uang suka gx masuk jga lapor gx direspon,Positif
eror mulu jaring gagal transfer,Negatif
dana eror gin uang hilang padahal riwayat transaksi masuk mohon baik aplikasi,Negatif
terlalu sering erorr,Netral
sekarang tiap malam sering ganggu masalah jaring padahal sinyal bagus,Netral
saya habis toup tidak masuk dana dan tidak transaksi yang bener ja laa,Netral
eror terus,Netral
buah aplikasi e wallet bilang kurang enak aplikasi berat sering masalah sensi sama jaring sering tutup sendiri aplikasi baik pihak developer,Negatif
saya tidak transaksi,Netral
aplikasi gajelas mau bayar bagus up diamond mobile legend pakai qris gabisa terus fitur ini sedang tidak guna kalau jaring sih bagus bagus aja padahal baru update baik kalau tidak paksa kasih bintang satu,Positif
dana ini suami transfer tapi uang tidak masuk padahal detail transaksi,Netral
eror,Netral
telah laku bagus up tapi dana saya bagus up tidak masuk jadi uang padahal sdah notif masuk jd bgmna min,Positif
seringg eror anehh,Netral
dana ya bagus up alfamart jam belum masuk uang tp detail transaksi masuk,Positif
dana sekarang lambat buka di aplikasi iklan judi online aplikasi dana mulai bangkrut,Negatif
lagi kanapa aplikasi dana nya transfer lain bg gagal tidak masuk tapi uang dana nya malah hilang,Negatif
hari susah kali kirim uang tolongdi baik,Negatif
woi developer uang dana gua belum uang tidak masuk,Netral
sistem eror terusss,Netral
sekarang gabisa scan qris haduh,Netral
bagus up uang bom tambah jaring susah padahal buat buka aplikasi jaring normal ajah,Netral
bagus,Positif
gampang enak pakek tpi akak kesal sidikit cuma kali aja gratis transfer semua bank bukan kali bulan lah baik kalau dah baik kasih bintang full,Netral
min kok mau narik emas kok nggk bisa tulis sesi kadaluarsa saya ngirim uang saldo potong tapi uang nggk masuk rekening saya kirim mohon bantu,Positif
sudah transfer uang uang potong saya tidak resi di fu cepat,Positif
update mala gani costumer servis nya,Netral
habis update tidak buat qris,Netral
sangat bantu,Positif
lama buat kirim kendala mulu tiap hari,Negatif
jangan pasang aplikasi banyak ganguan jelak banget saat posisi urgent ganguan terus dana ke potong tapi transaksi gagal harus tunggu saran jangan pakai aploliksi,Negatif
malam dana apa aplikasi dana sedang rusak info trimakasih,Negatif
transfer uang bri mobile banking k dana dana aktifitasi tulis dana masuk k akun dana tapi jumlh uang tidak tulis uang k nya bagaimana dana,Netral
dana eror tiba tidak bis buat kirim uang,Netral
aplikasi dana hari januari pukul dana tidak laku transaksi,Netral
ka ada ulas baru bagus up cuma uang tidak masuk padahal nomer nya udh bnr gmna tolong bantu,Positif
bagus,Positif
sumpah server dana mas rusak,Negatif
tepat januari dana tidak di guna masih baik gimana,Netral
sering ganggu,Netral
sering sekali ganggu,Netral
update nya hari tgl januari terima trasveran akun bank temen pkul lebih dikit sampe sekarang aplikasi dana belum masuk,Netral
uang potong tapi riwayat transfer tidak ya mohon bantu,Netral
kena dana nya eror,Netral
di update sekarang makin lambat makin banyak ganguan,Negatif
kenapa tidak transaksi eror terus ku coba kali kali mohon baik,Netral
ganggu anjir dah berapa banyak di pending bayar gua,Netral
gimana sih dana pas transaksi gagal mulu tpi pas cek uang udh potong gmna nih,Negatif
sering banget masalah isi ulang tidak masuk uang malah jadi,Netral
dana sering rusak,Negatif
sih aplikasi dana kok sering sekali rusak harus unistall lalu download tolong baik,Netral
erorrrr dananyaaa,Netral
hari minggu januari tidak laku transaksi,Netral
banyak ganggu banyak user slot jadi loading dana nya mau isi kuota aja gagal terus,Negatif
woyy dana kena masa transaksi ku gagal tapi saldo tetap hilang gimana doang harus kalau gagal uang utuh bukan hilang lah,Negatif
minnn cepat dikit masa baik,Positif
sering ganggu,Netral
server ganggu terus apa gimana nih uang di kirim tidak masuk masuk kata nya baik mulu,Netral
kalau blng bagus si bgus cmn ntah knpa akhir akhir dana jadi sulit banget kalau butuh paket jam jam trus tdi ak un instal trus msuk nomor sama tapi uang nya ilang gt aja pdhl belum pake tlong baik,Positif
kasih bintang dulu gara gara dana eror hilang ribu,Negatif
lambat banget sekaranf,Negatif
masalah kadang alami gagal transfer bank uang dana padahal konfirmasi hasil notifikasi dana tapi dana tetap tidak masuk hari jadi jadi pada tgl januari jam malam masih tunggu besok,Negatif
dana sekarang suka gangugan jadi ganggu aktivitas bayar dong dana cepat atas,Positif
sangat lambat tidak diberitahu kalau ada pelihara sistem buat sulit,Negatif
apa tiba eror kirim uang gagal kenapa uang potong,Negatif
baik tiap jam spd malam beransaksi lah,Netral
dana emas sesi kadaluwarsa terus itu bantu dong mau live chat ngehag tidak bisa dong pihak dana,Netral
hari dana tidak apa apa transaksi gagal padahal sinyal bagus,Netral
jauh sudah bagus lama pake dana banyak kurang aplikasi kadang banyak rusak minta bantu loading lama baik,Netral
aplikasi ny sering alami ganggu,Netral
kok kembali saldo tidak masuk,Positif
dulu lancar sekarang aja masalah nya kadang err tidak transfer uang hilang coba di baik karna aplikasi dana sangat penting transaksi kartu,Negatif
dana nih kok ulah,Positif
ganggu teruussssa,Netral
ganggu kok transfer belum masuk,Positif
terlalu lama tunggu transaksi,Netral
dana sih habis update kok malah rusak cepat baik dong dana,Positif
dana eror tiba tiba uang minggu,Netral
di baik tidak bi sa laku transaksi,Netral
lag banget sesi kaduluarsa mulu mau beli emas servernya leduk apa gimana buru benerin nnti naikin lgi bintang nya,Netral
over load,Netral
kenapa jadi eror gin temen transfer tapi tidak masuk masuk uang nya padahal liat riwayat sudah masuk tapi saldo tidak nambah,Netral
dana ganggu,Netral
aplikasi masalah,Negatif
knpa aplikasi dana akhir akhir slalu ganggu jjr buruk,Negatif
rusak terusss,Negatif
harap baik bagus up uang lama masuk,Positif
kok baru skarang coba baik tp tunggu,Positif
ganguan terus mau transfer erorr uang suka hilang,Netral
aplikasi nya baik banyak rusak ganggu saat transaksi sering uang tiba hilang padahal belum beliin,Negatif
buruk bangat padahal lama pakai aplikasi tapi makin lama aplikasi sering ganggu,Negatif
qris eror terus,Netral
baik sistem nya pas mau upgreat mending umumin ada ada baik jangan pas mau transfer sistem nya eror baca nya gagal tapi nominal uang di transfer nya kurang,Negatif
bagus up belum masu hampir tengah jam,Positif
baik saya beberapa hari lalu pakai dana tp hari masuk susah gagal terus ada ingat akun lama tidak guna padahal beberapa taun pakai dana buat nabung jangan bikin deg degan dong ada layan mudah hubung ana terkadang tidak tanggap masa website jg gada informasi layan bisa hubung,Negatif
rusak mulu,Negatif
apa dengan aplikasi dana ko ganggu nya lama banget,Netral
dana nya knapa nih koq tidak di buka,Netral
servernya eror buruk banget lambat tangan,Negatif
kirim uang dana lama banget masuk mohon cepat layan nya,Positif
kurang nya rusak kalau ingin transaksi selalu tidak,Negatif
tidak beli emas jir padahal dah sering cuma sekarang aja kaga kebel tu emas dari tadi kata jaring lag tapi pas cek internet mbps bisa tu buka aplikasi tapi ngestuk mulu mau emas masuk aplikasi kek saya dah punya cucu belum selesai loading dah,Netral
masalah ganggu segera atas mohon pihak dana,Negatif
isi uang dana lewat bca dah potong tapi uang dana belum masuk gimna solusi,Netral
aplkasi kenapa si yang kirim uang aku udh lebih menit tidak masuk padahal udh bukti sukses kirim ada notif tapi uang tidak tahan trs klik minta bantu plh eror,Netral
ni aplikasi bantu banget tapi kalau ganggu pas butuh nya ngeselin banget sumpah,Positif
bng dana eror tu baik lebih cepat,Positif
hmm diupdate uang tidak tambah padahal bagus up hasil,Positif
sangat kesal banget masuk akun dana padahal sengaja log out karna uang belum masuk bagus up eh tau pas masuk malah kagak bisa lagi kendala kata suruh hubung masa pas banget bagus up langsung proses pelihara aneh ku update aplikasi nya tapi tetap sama mohon tanggap bagaimana cara atas karna sangat butuh,Netral
knpa kok selesai bagus up uang tidak masuk gimana min,Positif
waktu mau transfer rusak mulu udh nunggu beberapa menit ttp eror aplikasi ny tidak transfer trus gilir mau coba tiba uang tidak cukup padahal waktu liat uang ada aneh aplikasi nya,Negatif
sering eror bayar uang potong tapi tidak kirim terima,Netral
sering rusak pas mau ngecek menu aktivitas tidak update,Negatif
banyak perlu baik bayar pake qris aja susah skrg,Negatif
sering masalah,Negatif
kacau mau bayar malah trobel minggu januari,Netral
gila lambat banget januari transfer beranta kacau,Negatif
oiii ini tidak pake qris kendala apa si,Negatif
knpaa sekarang sering ganggu,Netral
cape masa mau bayar warung pake qris tidak mana tidak bawa duit terang maaf fitur belum,Netral
barusan bagus up ribu belum masuk padahal struk beli dah,Positif
yaelahh kendala mulu dahh banyak tarik ama depo apa nih hadeeeh,Negatif
makin lambat,Negatif
sangat buruk transaksi selalu masalah koneksi internet lancar ganti wifi sudah tapi tetap mau transaksi tidak baik kirim langsung lewat qr tidak,Negatif
lama pakai dana tapi beberapa akhir sedikit kendala kirim dana nomer buat transaksi banyak troublenya bapak ojol buat nanyain masuk apa belum hadehhhh kacauu,Negatif
hari ganggu dana,Netral
gajelas banyak banget drama,Positif
ka dana ada ganggu kerja sama nya,Netral
lah sudah bagus up tapi uang nya tidak nambah rugi lah,Netral
notif masuk tapi uang nol maksimal min,Netral
kenapaaa aktivitas sama pesan riwayat isi uang tapi saldo uang nya blum masuk kenapa oii,Netral
lambat,Negatif
ini dah baru update ganggu aja,Netral
gimana kok sering eror jadi susah laku transaksi kalau darurat rasa berat mohon di tindak lanjut,Netral
ngeleg mulu,Netral
sering update malah tambab eror kirim uang kga masuk aneh aplikasi dana,Netral
hari saya isi dana pertama kali rusak banget uang belum masuk pdahal hampir jam gda notif apa sama sekali tidak sedikit buruk moga depan lebih baik,Negatif
ganggu,Netral
coba spil cara komplen bantu tangan uang transfer dana tp tidak uang nya tidak masuk padahal cuma transfer dana bisnis dana personal di nomor sama ini kali itu,Netral
sih ganggu mulu aplikasi dana nya susah ngirim di kirim tapi belum masuk,Negatif
transaksi masuk ad tapi uang tidak ad ni gimana min,Netral
aplikasi dana dikit dikit ganggu dikit dikit ganggu,Netral
lumayan bagus,Positif
woi dana ngpaa woi nyetak uang di rupiah saya update malah tidak jelass bintang lah,Netral
apa sekarang aplikasi dana ganggu soal dpt transfer an kok belum masuk,Positif
ui cakep optimal simple sekarang mulai lihat sulit atas traffic tinggi big e wallet indonesia tidak parah delaynya gila jadi mulai liat o g lebih baik drpd dana,Negatif
dana ko uang ngurang,Netral
ganguan mulu,Netral
buruk jaring,Negatif
aplikasi danaa bagus up dari bank uang udh d potong dari mbanking tpii d dana nya uang ngak masukk tapi histori nya add ngblang danaa,Positif
suka guna dana simple praktis sering rusak nya rusak terus dana dari dulu sekarang baru tadi tarik dana alfamart tidak uang kurang tidak aju pihak alfamart alfamart tulis gagal transaksi namun di saya hasil transaksi nya uang saya kurang mohon di perhati dong,Negatif
ada transfer akun dana tidak masuk,Netral
sangat bantu dlm laku transaksi apa lebih cepat,Positif
lahh sering banget ganggu uang ku lama masuk sering pending chat layan jawab nya tidak ngasi solusi,Netral
uang hilang bagaimana supaya uang kembali,Negatif
dana tidak masuk padahal pesan nya uang masuk tapi uang nya tidak tambah susah atas nya,Negatif
jaring baik,Netral
aplikasi fitur sangat bagus tapi terkadang jaring nya sering ganggu,Positif
plisla apa banget mau transaksi gabisa tulis cuma bangak transaksi bla bla hadehh lebih tanggap la,Netral
sayang sekali dana dulau sampe sekarng slalu aja ganguan kadang tidak ngirim pas ligi butuh tidak tarik tunai poko bulan beberapa kali ganguanya,Positif
sangat mendukunng,Netral
kapan kelar ni ganggu mlu,Netral
mda jelas kirim dri mandiri dana belum masuk sekarang,Netral
emang bagus cuma sering leg di baik,Positif
dana rusak kahh,Negatif
maintenance ya gabisa tarik uang uang udh beliin emas,Netral
to up kok uang masih sama yh k padahal saya barusan abis to up,Positif
aplikasi hari minggu january jam jadi eror harao di tanggap cepat nya min,Positif
apa scan qr tidak transfer tidak coba logout eh masuk tidak jangan hilang uang saya,Negatif
tidak transaksi suruh nunggu beberapa menit mulu,Netral
jujur buat geram sama nih aplikasi pake sudah cukup lama tapi tepat malam ini aplikasi susah banget tarik tunai kalau sekira tidak penuh tidak usah banyak fiturnya coba baik,Negatif
uang tidak tambah bagus up padahal lapor uang masuk catat aktivitas kenapa,Positif
kok dana akhir banyak ganggu,Positif
komplain kembali uang kurang bayar qris tidak terima jual kurang tanggap lagi harus komplain tanggap barusan alami eror aplikasi bayar sukses uang kurang tapi nyata tidak terima jual mohon bantu,Netral
si transaksi gagal trs tulis sesi kadaluarsa memang pelerr,Negatif
hari bagus up kog g masuk padhl lapor ada pemberitahuan tapi saldo g nongol nongol,Positif
dana sering ganggu,Netral
woiiii dana erorrr,Netral
hari dana knpa sudah transfer tp ko riwayat nya tidak ya,Netral
malam aplikasi dana ganggu soal udh transfer tpi blum k terima uang kurang,Netral
benerin aplikasi dana nya elor melulu,Netral
kenapa tidak kirim e wallet masa rusak mulu sudah bolak balik pake data sama wifi loh aja tidak mau pake qr aja lambat bngt,Negatif
lambat sering ganggu,Negatif
transfer teman lalu qr allpay transfer k tapi tidak masuk uang potong aju layan tapi tiba tiba riwayat transfer hilang tidak uang mohon bantu,Negatif
apa aplikasi dana apa ganggu gimana kok kirim uang sodara belum masuk sodara tapi uang tiba hilang,Netral
sering kendala,Negatif
tidak transaksi rusak,Negatif
telah dana log out kok tidak log in lgi,Positif
baru mau transfer aja ganggu nya baik nihhh aplikasi nya jangan lama lama ganggu,Netral
apa sistem ngebug pulak kawan ngirim uang saya tapi saldo gaadak aneh,Negatif
sering eror transfer gagal tiba uang kurang tidak pemberitahuan kalau transfer hasil aplikasi gajelas uang sering hilang,Negatif
sekarang sering rusak aplikasi,Negatif
ganggu nii mau transaksi tidak kenapa lagi ihh,Netral
bongkar aja aplikasi tidak ganggu terus udh update sama isi dana sekarang besok baru masuk,Positif
woi ini aplikasi dana tidak di buka,Netral
aplikasi nya awal beli emas lalu jelang tengah jam tiba tiba tidak buka dri aplikasi sih bagus cm mohon baik fitur emas nya,Positif
kalau erorr buruk banget sampe gabisa ngirim gabisa qris mau mencet ini eror gabisa nge lag,Negatif
buruk lambat,Negatif
aplikasi bagus cuma kalau kendala per bagus up tidak masuk dana malah tidak di pulih padahal sinyal bagus mau robot ana malah tidak olah sinyal buruk,Netral
knpa gguan,Netral
banyak rusak njir udh ngirim tapi uang tidak nyampe padahal udh potong,Negatif
makin kesini makkn sering eror tidak jelas dana susah buat transaksi buruk,Negatif
dana ganggu transfer bank dana tidak masuk masuk saldo hubung layan nya tidak malah muter muter,Netral
hallo kendala ada notif aktivitas tera juga bukti ada sudah potong biaya transaksi tapi kok uang tetap sama tidak tambah tidak ada layan bantu wa ig maupun bantu layan ana jawab kendala tolong,Netral
udh bagus sih cmn suka rusak sama jaring lag terus,Positif
kenapa isi uang indomaret uang masuk lama ana susah hubung gimana tanggap developer,Negatif
benerin aplikasi lu bolo mau narik uang aja sulit,Netral
masa bagus up pake transfer bca riwayat masuk tapi uang tidak nambah,Positif
invest emas dana udh pas mau beli malah sesi kadaluarsa bagaimana,Netral
aplikasi ganggu terus baik,Netral
ganggu nya lama,Netral
banyak trobel,Netral
dana ya kok rusak bagus up bank pribadi bagus up dana ket transaksi hasil tapi uang dana kok tidak ada saya cek aktivitas rusak terus,Positif
sering lambat beli token listrik pulsa data,Positif
dana problem tugas ngk transaksi qris hubung live chat ngk,Netral
kak kok gabisa masuk yah bantu,Positif
telah baru jadi susah bayar pakai qr sekarang malah tidak log in,Negatif
ya sering tiba tiba kadaluwarsa mau kirim gopay tidak tolong dong baik sistemnnya,Netral
bagus up tidak masuk,Positif
sangat buruk selalu delay asa kayak main game aplikasi uang game sih,Negatif
bagus,Positif
pending terus nih,Netral
apa dana mau transfer gagal terus,Negatif
aplikasi nya eror cepat baik,Positif
br skrg ribet bet after update hari kgk dipake kmren emg bner nyusahin lama makin lambat entah data wifi uang aja ilang an,Negatif
aplikasi kadang tidak buat kirim uang,Netral
payah ganggu y,Netral
selalu masalah qris mohon baik,Negatif
lambat buruk,Negatif
cukup bagus tapi akhir akhir suka ngelag transaksi tidak baca,Positif
suka ngeleg kalau lgi bayar,Positif
suka eror,Positif
transaksi lama banyak ganggu,Netral
aplikasi cacat bnyak rusak nya jadi tidak nyaman,Positif
lumayan tapi uang telat masuk,Netral
lupa pin tapi verifikasi wajah tidak deteksi kanapa min padahal nomor masih aktif,Netral
kok aplikasi nya jadi ribet gin si suka ganggu tiba tiba uang ilang sendiri minta bantu nya dong kak,Positif
isi uang knapa tidak tambah bahkan trangsaksi konter hadeh kacau,Netral
transfer bank ke dana g masuk,Netral
dong aplikasi masa uang tbb rb ilang aja gapernah langgan apa dllnya tbtb baru isi ulang uang tarik gitu aja,Positif
sering eror,Netral
tumben nya ini trobel eror biasa aman nyaman mohon tingkat kualitas kerja layan transaksi finansial nya tidak pindah aplikasi lain lama banget pakai aplikasi dana buat transaksi finansial isi pulsa elektrik tagih wifi listrik pln,Positif
aplikasi kaga danta masa isi uang belum notif masuk padahal sudah restart hp,Netral
woi uang nya kok ilang buruk,Positif
min gimana narik dana tidak masa transfer shopepay kaga uang tarik saya coba kali kali kali transfer kaga padahal ganti ganti sinyal bagus tidak bisa tolong dong baik saya mau transfer uang jadi susahh,Netral
gagal eror,Negatif
minn kenapa dana tidak di pake minnnnn,Netral
knpa aplikasi dana kirim uang selalu gagal,Negatif
aplikasi nya bagus tapi ya jaring bagus apak nya aja terus jaring buruk buruk mu beli apa apa susah di tindak lanjut terimakasih,Negatif
info ganggu an tidak dana kalian,Netral
mau transfer bank lambat trus uang malah ilang tapi tidak masuk,Negatif
ini tidak laku transaksi apa transfer qr tidak,Netral
udh isi dana lama banget muncul dana nya padahal aktivitas udh gimana sih dong sistem jangan lambat,Negatif
ana ny susah bngt hubung kalau lgh problem loading mulu padahal buka aplikasi cepat,Negatif
gajelass bet ngirim uang malah gbs eror uang mas tb tb tidak adaa,Netral
selalu koneksi buruk padahal jaring bagus,Netral
kalau mu maintain usaha tengah malam jangan jam biasa sangat menggangu bayar,Netral
lambat,Negatif
makin kek taii,Netral
buruk sering eror,Negatif
rusak masa transfer x dah,Negatif
dana dri tadi tidak bsa transaksi malah tulis nya sibuk sedang bnyak transaksi ya kali jam tidak jeda sama sekali,Netral
belum buka aplikasi dana lancar tapi upgrade kemarin malah tidak buka,Positif
kalau aplikasi masalah malu im klu belanja,Negatif
bagus up notif masuk tapi uang masuk stengah apa baru ganggu apa gimana yaa,Positif
sangat baik,Netral
pesan inbok asil to up tapi uang tidak nambah bagmn cara biar uang nambah karna pemberitahuannya uang sukses masuk nyata uang tidak mau nambah,Positif
aplikasi dana tidak laku transaksi info min begini,Netral
barusan kirim uang bank lewat dana kirim gagal uang tidak balik uang dana,Negatif
eror terusss,Netral
sekarang apa dalam baik,Netral
enak pakai dana,Netral
banyak ganggu,Netral
ganggu mulu,Netral
gimana sekarang tidak buat kirim bank dki dana,Netral
anee isi ulang notif nya masuk malah ke potong rp tapi uang tidak gimana min tangvapan nya,Positif
apa tiba tiba sesi waktu habis eh pas masuk malah duit ilang buruk bener dana mana mau komplain kgk mulu tidak jelas ni dana,Negatif
baru terima transfer notifikasi uang masuk ribu tp jumlah uang tidak tambah sama sekali,Netral
ganggu,Netral
transfer banh sea bank telah hasil laku transaksi alhasil uang tidak tambah riwayat transaksi tidak aplikasi langsung lag itikad baik nya usaha,Netral
sering ganggu mau transfer bank,Netral
woi bangg ko kirim e wallet belah tidak masuk sih tidak di aktifitas uang potong,Netral
tidak pakai dana cicil tidak ngerti jelas ana,Netral
udh stop baru trs,Positif
tiap kali bagus up terima transfer lambat masuk makin susah aja nii dana,Netral
ada pesan masuk tapi saldo tidak nambah aduhhh,Netral
rusak mulu ah malesin,Negatif
suka,Positif
okey,Positif
dana paylater nya kok tidak ya,Positif
tidak di beranda dana dana playleter,Netral
gimana saya pencet lupa pin tapi muncul verifikasi tak penuhin tapi pas nyoba tetep ulang kayak gitu terus tidak masuk masuk ya tidak masuk pin baru,Netral
bagus,Positif
sangat bagus,Positif
dana cicil sedia tidak di guna sungguh kecewa,Netral
pakai dana beta,Netral
ana digital assistant nya tidak bantu tidak selesai masalah pop up isi tulis verifikasi ulang akun mu dapat tanya balik upa menu pilih s d pilih tidak satu empat pilih yang pilih saya memang tidak ganti ktp pindah akun bagai,Netral
tidak buka,Netral
dana instan tidak gimana aplikasi padahal sudah dana premium tapi tidak aktif,Netral
kk di isi kan fitur istan kk,Netral
iya,Netral
semua tagih lunas tapi sekarang fitur dana cicil tidak lagi guna buruk benar buruk,Negatif
dana cicil tidak muncul,Netral
aman makin amburadul dana uang ilang semu rb makin tidak tenang pake aplikasi,Positif
susah upgred premium ktp di guna padahal baru pakai aplikasi,Negatif
pagi tadi notif update lalu update tapi aplikasi tak pakai coba reset cache data gagal ada notif bawah koneksi putus jadi ingat kasus kira kira thn lalu aplikasi baru pakai guna wifi walaupun kuat jaring seuprit penting wifi kini jadi tidak malu sama aplikasi belah,Negatif
apknya gimana sih kadang kadang tidak mau transfer aja selalu muncul upgrade premium padahal data diri ke isi semua aja muncul padahal minggu kemarin tapi sekarang upgrade,Netral
aplikasi saya bagus cuman fitur dana cicil nya tidak di pake padahal transaksi pake dana terus dana cicil udh limit nya,Positif
alam pribadi dana bisnis lebih baik sedia fitur cair guna metode aman sidik jari pin opsi verifikasi wajah sering rusak,Netral
limit dana cicil rb tp tidak di pakai biasa dan lancar,Positif
sangat baik,Netral
bagus cepat bantu cicil,Positif
susah masuk,Negatif
gimana kalau nomor di daftar dana kartu nya tidak lagi,Netral
sya kasih bintang dulu kalau muncul dana cicil tambah lgi bintang,Netral
kadang eror tidak transaksi,Netral
hebat,Netral
bagaimana cra klaim pgembelian uang dana sya mohon bntu krna sma google play suruh mnghbungi devoloper kait trima kasih,Netral
dana cicil tidak ke buka,Netral
susah banget liat aktivasi pdhl sinyal hp baik,Negatif
sayaa guna fitur dana cicil sini gabisa,Netral
buruk a rewardsnya tidak di click malah gagal check in,Negatif
dana cicil punya goe tidak muncul,Netral
ini suruh update teruss sudah update padahal terus terus teruss,Netral
belum pernah guna dana cicil beberapa kali telat bayar sudah tidak lagi guna dana cicil bagaimana cara saya guna dana cicil saya kembali,Netral
susah masuk appnya hapus,Negatif
repot banget upgrade mesti pke ktp please lah bikin simple mudah kan buat transaksi jg mau kirim uang anak tpi anak ny cuma nerima aja kalau g updgrade g ngapa in capek banget,Positif
kk dana cicil playlater ku tidak guna bayar tidak telat waktu nya langsung saya bayar skarang tidak aktif kk,Netral
lumayan,Netral
benar bagus aja bantu tpikenapa lupa pin lapor ana kata suruh nunggu ata hari skarang ngak solusi aqada nomer pakai dana aman satu ngak trus kalau ngak solusi apa lapor ana tolongdi baik kita semua pakai dana mudah,Positif
bagus cuma sedikit lambat,Netral
bagus,Positif
bagaimna qris dana bisnis ada kendala tnya ana status verifikasi dana bisnia kata di tuju dapat guna qris tapi qris ada kendala di buat baik cepat,Netral
kali uang ambil tidak sah aku pihak jne ambil uang sebesarvrp terjdi akhir thn pas mlm thn baru aku pihak dana suruh verifikasi fitur pulsa data verifikasi uang saya hilang besar rp jadi tgl jan dari pihak dana kalau anda nomor oknum tipu nomor sebut langsung blokir stlh jadi saya jd takut guna akun dana krn jd tidak aman,Netral
riwayat ngebug stag bln desember,Negatif
tidak dana payleter dana cicil pdhl sering pake dana aneh bngt,Netral
bantu mau ganti no no say hilang,Negatif
tidak dana cicil,Netral
buruk tiba uang hilang,Negatif
bantu baik nya dana cicil aktif ingin di pakai fitur nya terang tidak sedia,Netral
bagus,Positif
kak tapi tidak tolong bantu kk,Netral
bagus,Positif
belum dana cicil,Netral
orang dana cicil punya ku ngak ada,Netral
bagus,Positif
baik,Netral
saya tidak tarik tunai,Netral
tidak tarik tunai loading trrus padahl sinyal full,Netral
saran saya coba tambah email layan hubung,Netral
bayar tepat waktu terus enggak naek naek limit dana cicil nya jadi males buat bayar tepat waktu jadi biar aja lah harap dapt naek dana cicil nya bisa buat nambahin modal usaha,Netral
nice,Netral
lumayan,Netral
dana premium ku tidak tarik uwang tunai main,Netral
halo min mau tanya berapa biaya cetak emas per gram dana bagaimana cara jadi emas fisik di apak tidak jelas rinci,Netral
dana cicil knpa tidak sedia padahal di bayar lunas tagih,Netral
gimana cara guna dana cicil dana tidak,Netral
sangat bagus,Positif
dana payah skrg mh pindah akun gagal mulu buruk banget,Negatif
tidak lihat aktivitas,Netral
dana cicil tidak guna baik,Netral
tidak dana instan cicil,Netral
baik aman wajib pin dana potong tidak jelas tiktok koin,Positif
bertranksaksi beberapa tahun tapi dana cicil belum oprasikan di akun mohon di tindak lanjut,Netral
ribet verifikasi,Netral
dana cicil kluar limit tidak di pake,Netral
kok tidak buka ya,Positif
kadang lambat kalau user nya terlalu banyak yang aman,Netral
moga selalu lancar,Positif
kasih bi,Netral
moga hasil mmuaskan,Netral
fitur dana cicil tidak muncul,Netral
saya tidak masuk buka aplikasi dana padahal nomor msih aktif susah skali bolak balik pencet ada kmbali lg awal kata mya cm mulai lanju gtu trs ganti nomor ngg liat uang krn ngg masuk buka bantu nya min gmn biar buka akun dana nya mau mnt bntuan ana tidak krn bener bener tidak ke buka aplikasi,Negatif
mau transfer uang selalu keluar tulis upgrade dulu padahal premium tetep aja gabisa hadehhh saat penting penting malahh giniii dong benerinn lagiiiii,Netral
bintang dulu,Netral
in masak g masuk dana langsung g masuk boss balik sendiri,Netral
apknya udh bagus tapi di baik rusak nya udh transfer tpi uang tidak nambah fi baik cepat,Positif
aplikasi ribet mau masuk aja susah mau kirim rusak melulu,Negatif
aneh banget mulai bulan kemarin tudak bayar langgan lewat dana padahal belum gimana dong solusi kalah kaga gjni,Netral
punya tidak dana instan nya,Netral
baik,Netral
aplikasi dana sedang masalah saya laku transaksi tidak mohon bantu,Negatif
bagus,Positif
tidak dana pinjam padahal dana masuk premium,Netral
okey,Positif
minn ini kok g kalau orang mau transfer saya eror truss minn,Positif
kadang aplikasi tak duga langsung serot dana kurang tidak kembali aman mohon tingkat terima kasih,Positif
baik yh kk aplikasi dana soal mau cair uang,Netral
joos bagus,Positif
dana uang gampang ilang si ak lit transaksi tidak tp kok tiba tiba uang ngurang,Positif
pagi isi ulang gopay uang kurang tapi riwayat tidak uang keluar riwayat gopay juga belum yang masuk dana kirim ana tidak solusi muter aja tanya nya,Positif
bagus,Positif
assiten help center nya kurang bantu pakai manusia jangan bot ai,Positif
lambat,Negatif
nya dana cicil guna telah angsur beres malah tidak bisa di guna,Netral
dana dong kenapa sih dana nya upgrade premium tapi kok tidak di buka keluar aplikasi terus aduh jadi nyesel upgrade dana dong soal nya penting banget mana data ku sana padahal upgrade baik aja,Positif
terima kasih dana bagus memang,Positif
transaksi tiap bulan nya juta tapi belum beri fitur pay later,Netral
knapa dana instan sya kendala pdhl sllu bayar lunas biasa lancar tarik limit,Netral
cukup bantu,Positif
sih aplikasih dana ngak buka diupdate dong baik saldo msih juga gimana cara sya mau kirim uang kalau dana ngak kebukaaaaa,Netral
padahal paket data banyak tapi gakbisa transaksi hrus pake wifi tlong dong pihak dana biasa tidak gin,Netral
aplikasi tidak di masuk,Netral
cara hapus transaksi dana,Netral
bagus manfaat,Positif
kenap akun tidak dana cicil,Netral
cukup manfaat mudah buat transaksi tapi skrng jdi tidak pakai dana cicil lg tlng bantu donk,Positif
oke sangat bantu,Positif
sering kendala saat transaksi maupun masuk,Negatif
dana cicil tidak jelas limid utuh g da utang tapi g di pake lg ky biasany buruk layan buruk g bantu benerin,Negatif
tidak di buka,Netral
dana cicil susal muncul,Netral
dana cicil tidak muncul,Netral
min fitur dana cicil akun dana tidak muncul,Netral
dana cicil tidak limit,Netral
banyakin aplikasi bagus up nya termasukk wuwaaaaa,Positif
sangat membanru,Netral
minn saya tidak verif dana cicil,Netral
woiii lh uang ku sisah rb dana tb ja hilng pdhl nd ad transaksi ku lakuin gilaaa mna sisa aj uang kuuu nd mauu lgi lg download lgii sumpahh nyesel,Netral
biasa,Netral
tiap mau masuk tetep tidak masuk padahal nomernya benar ribet muter ujung nya tidak masuk jujur sedikit buruk sama aplikasi dana,Negatif
ngebug,Negatif
tidak di akses lalu hp samsung j prime buruk sekarang nih aplikasi,Negatif
lambat sekarang aplikasi dana,Negatif
tugas dana mohon hapus merchant alfamart donk karyawannya sering tidak ramah customer dana tari tunai jadi buat apa merchant tarik tunai alfamart kalau saja sering tidak terima tari tunai aplikasi dana,Netral
skarang buruk knapa bisa masuk hp padahal benar milik akun lolos verifikasi wajah passkey tp kog ujung nnya masuk ducapil blum lagout hp gua rusak,Negatif
nggak masuk dana karena nomor telepon di guna tidak aktif mohon bantu,Netral
mohon limit dana cicil syaa segera proses krna beberapa pekan keluh hari dapat notif limit dana cicil sudah guna tapi saya cek tetap tidak guna limit tulis k tpi di smartpay sedia mohon pihak dana segera tanggap karna bukan sekali kali saya keluh ini saya notif limit saya biza di guna saya pikir pihak dana mengatazi mazalah ny,Netral
uang dana tiba tiba hilang rp tanggal januari jadi transaksi jam banyak kali padahal tidak laku transaksi sama sekali kembali uang,Negatif
mau aju akses dana cicil tp ko aplikasi belum fitur dana cicil nya,Netral
dana tidak untuk beli kuota internet uang cukup apa maksud provider sedang baik,Netral
tidak menu dana cicil,Netral
pakai dana paling bagus kendala karna jaring jadi kambat,Netral
baik,Netral
aplikasi keluar terus,Netral
uang hilang ribu tapi dana tidak peduli tidak mau bantu dana pinjam tidak padahal taun pakai dana premium dana abal pelit curang miskin,Netral
alhamdulillah sangat batu,Netral
bagus,Positif
bagus,Positif
ud download tidak di buka susah banget,Negatif
mau buka rekening susah sekali verifikasi wajah beberapa kali gagal terus bikin pusing,Negatif
ka gimna iyah salah tersper dana nomor udh tidak akitf dana nya,Netral
bagus,Positif
ganggu trus cok,Positif
masalah nya habis update trus mau masuk akun malah ngulang mulu awal tidak kelar tidak masuk akun dana nya gimana solusi,Negatif
bagus,Positif
dana kenapa tidak dana cicil di dana orang ada,Netral
woi kok rusak mulu dah tidak beli beli,Netral
punya ngk kunci aplikasi nya kaya pake sidik jari pin kenal wajah bgitu ngk jadi pdhl di aktif nnti orng loh msuk aplikasi dana ku,Netral
aplikasi dana bagus sangat bantu jd pihak dana lindung jg data data milik akun spy uang didlm dana aman,Positif
tuju,Netral
chek in aireward tidak terima padahal verifikasi update profil,Netral
apa sebab dana tidak buat transaksi,Netral
knpaaa akun danaaa sayaaa tidak muncul aplikasi dana cicil nyaaa padahal sayaaa guna aplikasi dana lebih thn,Netral
scan qris nya kdng ngebug udh discan tapi tidak scan gilir d foto lewat galery proses lama tidak kelar dah benerin ni rusak udh x nya,Negatif
aplikasi kurang batu masa lain fitur dana cicil sama dana instan nya tapi punya tidak muncul buruk banget si,Negatif
bantu,Positif
dana cicil tidak muncul,Netral
sekarang tidak tarik uang dana bisnis tidak live chat bisa bantu mohon sedia live chat,Netral
aman dana sangat lemah pilih lupa pin sistem langsung izin ganti pin verifikasi wajah biometrik hp hilang sim aktif akun ambil alih uang curi e wallet seperti shopeepay gopay ovo wajib verifikasi wajah reset pin mohon dana segera tingkat sistem aman,Netral
sangat bagus banget,Positif
bagus,Positif
kurang suka fitur dana cicil tidak jelas,Positif
kurang pas,Netral
bagus,Positif
jos,Netral
akun logout sendiri masuk tidak tolong di bantu buat layan nya,Netral
lambat,Negatif
aplikasi dana selalu tidak koneksi abis transfer dana mau transfer keluar kok tidak bisa alas tidak koneksi aaaaaaa,Positif
aplikasi dana tidak dana cicil nya min padahal selalu bagus up dana,Positif
gimana cara nya aju pinjam aplikasi dana sangat butuh uang butuh anak sekolah,Positif
aktif dana instan,Netral
minus fitur dana cicil doang bintang t,Netral
aplikasi dana sekarang fitur emas tidak jual tabung emas bisa beli mohon beri jelas,Netral
kasih bintang kalau pihak dana kasih akses dana instan dana cicil,Netral
fitur dana instan tidak sedia padahal lama update premium rada buruk,Negatif
bagus,Positif
ab tda,Netral
mau muncul pitur dana cicil susah berapa bulan harus tunggu pke dana berapa bulan dana sudah peremium tetap dana cicil belum muncul,Negatif
depan nya minta lah konfirmasi laku bayar dlu,Netral
transfer rekening dana limit status hasil uang kurang tapi rek tuju tidak terima uang tidak,Netral
bagus cuma paylater dana cicil blum muncul,Positif
bagus bagus puas bngt,Positif
kok aplikasi dana nya tidak pungsi,Positif
sekarang tidak tarik tunai sih,Netral
aplikasi bantu banget laku transaksi apa,Positif
bagus lancar,Positif
mudah mudah aman,Positif
kirim cepat,Positif
transaksi status proses malam sekarang tidak brubah,Netral
suka tiba tiba,Positif
psionalkan baik terimakasih,Netral
kak baik ya aplikasi pada menu aktivitas ini tidak nama kirim kalau sama dana juga kalau kirim org kirim uang bank catat transaksi dobel baik ya kak bagi aktivitas kayak tahun kemarin aja,Netral
mau tanya akun sudah premium tapi kok tidak transaksi yang ya suruh premium tapi gimana,Positif
terimakasih,Netral
kok tidak byar non taglis mohon jawab kak,Positif
dana gua tidak make kouta cuman male wifi bisa aneh,Netral
otp pakai email susah kalau email lupa,Negatif
manfaat,Netral
kok g daftar masuk nomor hp,Positif
butuh fitur dana cicil,Netral
bagus transaksi kurang masalah aman karna sudah hilang dana kali,Netral
bagus,Positif
makin tidak jelas fitur nya transfer tapi tunggu dana premium apa sihh,Netral
tidak log in diupdate,Netral
dana cicil mash belum di pake,Netral
ikan menu dana cicil bintang bisa guna,Netral
tidak pakai dana cicil padahal limit tentu,Netral
dana versi nya baru terus terus makin bagus tapi masalah nya sejak versi lama versi baru nya selalu jadi rusak rusak sekarang sering jadi rusak aplikasi dana nya tidak pernah baik sama sekali sampai versi baru pun,Negatif
gimana cara aju dana cicil,Netral
kenpaa aplikasi dana tidak dana instan,Netral
kasih bintang dulu dana cicil belum,Netral
buruk dana tidak upgrade k premium mau kirim dana jd susah proses ribet tidak live chat buat minta solusi,Negatif
lama banget kalau kirim pin baru pas dana malah mutar gajelas mana lama banget mutarnya padahal jaring bagus tapi lama banget aneh ni aplikasi,Positif
danacicil limit ada tidak di guna,Netral
kasi bintang benar dana bagus skali tapi beberapa kurang dana berani beri layan bebas tugas isi ulang e wallet transfer gratis lebih x harap pengembangang dana lihat,Positif
lumayan bagus,Positif
baik,Netral
kok tidak mindahin akun ktp nya,Positif
bagus,Positif
lumayan bagus,Positif
tapi kok bisa masuk aplikasi dana nyaa mauu masuk tapi selalu keluar tiba tiba terus informasi aplikasi henti yaa kalau kaya gitu mohon bantu nyaa kak,Positif
kasih bintang karna kcewa mau masuk selalu minta kode otp padahal kartu hilang,Negatif
kasih bintang dulu sya penguna aktif dana tp belum fiturr dana cicil maupun paylater,Netral
ana kalau masuk apa bayar usah pke muka yaahh bantu,Netral
tidak bagus up ff gagal terus transaksi ini min,Netral
hmmm bulan tidak transfer keluar atau isi ulang e wallet,Positif
dana cicil nonaktif sayaelunasi cicil belum,Netral
jos,Netral
sulit download ulang bagaimana cara tarik dana,Netral
mantp,Netral
fitur dana cicil blom ad,Netral
app nya tidak di pake buat transfer di upgrade hasil ttp tidak,Netral
bagus,Positif
gimana kalau rusak pas mau loginn,Negatif
alhamdulillah aplikasi di percaya,Netral
mudah praktis,Positif
knpa kok ngelek dana nya,Positif
simpel,Netral
lumayan muas,Netral
sayang tidak fitur dana cicil akun,Netral
akibat perna pakai no skrang no sudah hilang jadi dana tidak premium la buat dana jadi premium,Negatif
aplikasi bagus coba tidak pake verifikasi,Positif
sekrng transfer pake kode otp nomer sudh tidak aktiff haduhhh,Netral
tidak masuk,Netral
bagus,Positif
hapus data akun dana premium nomor hangus,Netral
bias dana cicil pakai pas sudah lunas tidak bisa pakai,Netral
kasih bintang tiga dulu di aplikasi dana tidak fitur dana cicil nya,Netral
saya tidak guna aplikasi,Netral
bagus,Positif
gagal masuk akun dana baru,Negatif
e walet sangat bantu transaksi mungkin harus baik segi aman di aplikasi suka banyak banget ngehakc tiba uang ilang,Positif
bantu,Positif
bagus,Positif
kasih bintang dulu soalm nya klw mau kirim di minta otp terus sedang kan no nya tidak aktip,Netral
aman nya tingkatin jadi trust issue karna banyak kasus tmn saya yang hilang uang pas pakai dana,Netral
saya slalu gagal pindah akun nomer akun lama hilang di mudah atur,Negatif
bagus cepat jadi di perlu,Positif
kenapa dana tiba tiba suruh premium padahal premium belum apa hanya rusak tidak transaksi kirim uang,Negatif
mksih duit ku sering bobol sma orang balikin kga,Netral
dana ku selalu kosong,Netral
sangat bagus,Positif
sangat bantu,Positif
itu kalau mau tarik uang kaya dana premium,Netral
hallo hr tidak transaksi terang nya banyak sedang transaksi maksud gimana saya butuh cepat transfer uang,Positif
bagus,Positif
baik fitur qris saya mau bayar qris proses nya sangat lama,Netral
dana baik saya lupa pin mau ganti pin saldo hilang nggk balik dana macam apa macam heker aja ambil punya orang saya kira dana aman bank lain nyata nggk baik ada salah buat akun lupa kata sandi keluar masuk akun uang jangan hilang dong sama macam curi je,Netral
tidak fitur dana instan,Netral
baik,Netral
bagus,Positif
baik,Netral
tidak bis narik alfa,Netral
bagus up kartu mandiri e money tidak masuk skrg duit tidak kembali buruk,Netral
lanjut baik,Netral
dana cicil ku belum sedia,Netral
padahal dana cicil ada tapi dana instan belum muncul akun premium sering transaksi,Netral
verifikasi email gagal trus,Negatif
kasih bintang dulu penguna dana lama tidak kasih fitur dana cicil kalau ada fitur dana cicil saya tambahin bintangnyaa,Netral
di akun dana tidak fitur dana cicil,Netral
dana cicil tida di akun dana,Netral
dana cicil tidak pakai padahal limit,Netral
kok punya tidak dana cicil nya,Positif
akun tidak fitur dana cicil padahal sudah update sering transfer padahal guna lama,Netral
lama pakai aplikasi dana tapi tidak muncul fitur dana cicil nya,Netral
aman simpan dana,Positif
bagus,Positif
susah bngt mau hapus akun,Negatif
bgus bngat,Netral
aplikasi dana tidak lihat aktivitas transaksi awal kira karna jaring buruk tapi tunggu lama tidak juga saya coba uninstall install masuk tetap tidak jadi saya tidak lihat kirim tanda bukti pembayarannn,Negatif
bagus,Positif
terima kasih atas mudah nyaman,Positif
susah banget masuk jangan pake gmail kek pake no tlpon aja biar langsung kali kali masukin email nya sudah bener loh tapi tetep aja salah gimana sih,Negatif
tidak liat riwayat,Netral
knpa tidak masuk dana cicil,Netral
akhir sering banget banget banget banget banget rusak cuy tidak transaksi kalau asuransi proteksi tidak centang hadeuh,Negatif
banyak sedang transaksi tidak di baik kh,Netral
dana cicil nya tidak di guna ini gimana,Netral
saran develop transaksi paket kuota harus pake jaring gimana kita situasi desak tidak punya kuota tapi punya uang dana dong adaain fitur offline kuota nya,Netral
ya dana cicil qu beku cuma telat byr tp sekali bayar langsung lunas,Netral
sangat muas respect,Netral
fitur dana cicil sering stuck tidak di buka,Netral
akun kouq tidak fitur pinjam padahal sering transaksi besar dana,Positif
mau tanya fitur dana cicil mengapa belum,Netral
malam sekarang transaksi pending terus tidak kaya biasa on jam,Netral
uang akun dulu tidak balik,Netral
developer dana donk mudah upgrade uang dana dana ulang coba isi uang dana hari jam di tentu tetap tidak tombol isi uang tetap warna bau abu tidak lanjut di mudah guna fitur dana nya,Positif
cara aktifasi dana cicil,Netral
ko pitur dana cicil belum di buka yng sudah kenapa akun belum sedang kan sudah lama pake akun dana,Netral
suka sekali moga pinjam uang dana,Positif
sekarang masuk akun dana guna otp nomer hp sebut tidak aktif,Netral
ya mau tarik tunai gabisa pencet tarik tunai cuman muncul logo loading doang,Netral
kasih bintang dulu banyak transaksi tapi gada dana cicil nya nya mohon bantu,Netral
aplikasi nya bagus buat nyimpan uang tabung buat masa tua,Positif
aplikasi tidak bsa sambung internet,Netral
uang tiba potong g jelas,Netral
sangat bantu,Positif
bagaimana cara dm ana masuk tidak ke akun tolong segera baik soal mau pake akun buat transfer,Netral
lambat,Negatif
mantaf,Netral
uang tidak transfer dana,Netral
transaksi besar an dana tapi tidak dana cicil,Netral
padahal aplikasi sudah bagus tapi mes nya limit beli,Positif
fitur tarik tunai nya benerin woy lambat banget gabisa buka,Negatif
di akun dana tidak dana cicil nya padahal suda banyak transaksi,Netral
saya tidak fitur dana cicil padahal transaksi sering mulai pasu sama keluar,Positif
aplikasi bagus tapi pas mau narik uang qris malah gabisa karna tombol konfirmasi nya gada jadi gimana mau narik coba baik dlu mau narik uang qris aja gabisa karna gada tombol konfirmasi,Positif
baik tuh dana bisnis masa delay lama bngt si transfer transfer oke tapi soal dana bisnis nya buruk bngt rate,Positif
beli pulsa tri rb uang ku di potong pulsa tidak masuk mohon info kak,Netral
kenapa gabisa bagus up game padahal enak sini simpel murmer di baik cepat buat pihak dana dana kalau beli membership game dengar harga nya cukup uang ribu tapi malah eror trus,Positif
dana cicil tapi tidak di ambil,Netral
kk aktif dana cicil playeter akun dana ku kk,Netral
tiap cek aktivitas lihat riwayat selalu update tapi tidak pernah selesai tidak dulu cek aktivitas selalu cepat mudah segera baik,Positif
sangat bagus,Positif
tidak menginstal aplikasi karena buka pin sandi pin sandi aplikasi lupa,Netral
lumayan bagus,Positif
bantu akun dana biar guna dana cicil,Netral
aplikasi dana tidak dapat fitur dana instan padahal banyak laku transaksi maupun guna dana lama tapi fitur baru selalu tidak dapat nya tidak ada tolong jelas demikian,Netral
kok aplikasi dana tidak menu dana pinjam teman gua menu dana pinjam gmana nih,Positif
kurang bagus tidak kirim sama e wallet langsung,Positif
bagus sih bagus tapi pas perlu penting buat kirim uang malah ganggu suruh coba kali mana lebih sekali,Positif
bagus,Positif
aktifin fitur dana cicil,Netral
belum puas butuk tingkat,Positif
akun baru daftar langsung dana cicil akun lama sering dipake tidak pernah,Netral
kenapa dah buka aplikasi nya nga langsung tendang keluar aja langsung keluar notif dana henti laku bagai cara tetap tidak sudah hapus download hapus download tetap tidak buka apl aman aman aj dong developer pdahal jaring bagus,Positif
aplikasi memang sangat memuadkan murah kantong,Netral
sangat bagus,Positif
sangat ke cewa tiap hari belanja itu sllu pakai dana tapi stelah dana cicil coba pakai masa habis sya lunasin full gbs guna aneh jdi tidak laku limit cuma receh aja gbs guna hadeuh payahh,Netral
gimana kok dana tidak padahal taro dana di baik,Positif
suka tiba tiba nyedot duit,Positif
ketat lgi sistem ke tipu di dana maksihhh,Netral
telah update fitur danacicilnya hilang yh,Negatif
kasih dlu karna dana cicil tidak muncul padahal tiap bulan transaksi puluh juta,Netral
awal pake dana sangat bantu tpi akhir tidak tau paket banyak tp d aplikasi dana tulis koneksi internetmu putus terus kalau apa tertring lebih dulu tidak tau apa salah,Positif
bagus,Positif
lah dana masa bagus up buat isi uang malah bisa pake baru tulis transaksi capai limit padahal di baru gimana,Positif
gmna masuk nya klw no hp udh hangus wa tidak sedang kn uang banyak tpi tidak bsa masuk,Netral
baik,Netral
aman simpan uang dana,Positif
dana selalu tolak bayar padahal nominal di bayar cukup tapi dana selalu tolak bayar,Netral
bagus,Positif
sedikit buruk dana sudah berapa kali uang potong sebab tanpa informasi untuk pihak dana di jelas,Negatif
tidak akses dana cicil,Netral
tugas,Netral
dana tidak daftar rekening luar negri malaysia tidak transfer dana dana tidak transfer luar negri,Netral
tahan android kalau di ringan kan ukur nya,Netral
hallo kak aplikasi tidak di pake transaksi aduh dong,Netral
tidak masuk hape hape bisa ya,Netral
lumayan bantu,Netral
bintang dulu soal tidak pake dana cicil,Netral
kalau masuk selalu masalah buruk,Negatif
dana cicil sedia semua guna dana,Netral
telah update aplikasi jadi tidak guna dana cicil,Netral
bagus dana,Positif
sangat bantu,Positif
ya pun telat bayar dana cicil trus dana cicil tidak sedia kalau mau pakai padahal kan bayar,Netral
win,Netral
aplikasi nya makin buruk,Negatif
bagus layan bagus,Positif
hallo ayu hilang uang nyata tanggap customer service nya bilang punya langgan aplikasi tentu padahal tidak langgan aplikasi mana erti uang tidak berapa tapi sangat harga pihak dana mohon bantu kembali uang sangat mohon besar harap uang kembali sambung hidup saya saya telah hilang rumah saya itu harap akhir saya,Negatif
elah biasa nya tidak potong skrng potong aneh bangt,Negatif
banyak transaksi tapi tidak buka fitur lain aplikasi,Netral
sya alami kendala mau transfer malah eror suruh tunggu hari mau batal tidak buruk,Negatif
sangat bagus,Positif
basgus,Netral
lumayan ringan kerja,Netral
knpa tidak daftar dana hp,Netral
ingin tanya pihak dana aplikasi dana masih awas ojk tidak,Netral
dana cicil ngak,Netral
bagus,Positif
puas,Positif
emang dana cicil keluar tapi tidak guna mohon pihak dana di cek atau memang sudah tidak niat baik,Netral
ko dana cicil tidak,Netral
saya gabisa narik uang si padahal premium sama uang cukup buat tarik tapi pencet fitur tari selalu gabisa segera tindak lanjut,Netral
sudh blokir hapus akun saya guna hari tapi gaxlebih gax bukak padahal lewat hari,Positif
bagus,Positif
sangat bagus,Positif
saran kalian buat tidak guna krn aplikasi dana akun msh nyangkut hp yang jual kalau busa buka dana akun hp tsb dg logout tp hp tidak dan mesti lwt sistem pihak aplikator,Positif
dana cicil tidak keluar padahal update baru di uninstal tetap tidak keluar dana cicil nya,Netral
sering sekali gagal isi e money brizzi maupun mandiri tidak lanjut refund uang d tulis hari tapi tidak jelas kali bukan sekali jadi ini,Negatif
tidak tau knapa ni akun d kirim luar negri tidak bsa trus,Netral
bagaimana cara atas salah transfer balik angka bnr harus malah jadi,Netral
pt espay debit indonesia koe lah customer service nya bagaimana minta untuk bantu gaada hasil nya sama sekali minggu lapor paling lambat hari sudah hampir minggu kirim lapor via email gaada tanggap sama sekali mau hubung customer service susah nya minta ampun coba baik,Negatif
dana busines nya eror mulu gabisa tarik uang,Netral
dana sering eror ya,Netral
sangat bantu,Positif
fitur dana instan knpa tidak ad,Netral
hallo ka mau minta akun dana tidak masuk no hp sudah mati hp juga rusak kamera depan nya sedang kan masuk pake kode otp verifikasi wajah sedang kan ada kendala semua mohon bantu keringanganan masuk cuma no hp pin masuk tugas mohon bantu terima kasih,Negatif
fitur nya kurang lengkap,Netral
sangat bantu tapi di baik kadang sering eror,Positif
tidak jelas dana masa uang k buat bagus up dm ff k hilang k mnah tidak ganti,Netral
kasih bintang kerna tidak fitur dana cicil hp padahal lagi butuh uang banget liat hp teman hp tidak ada,Netral
akun sedang proteksi di normal cepat trimakasi,Positif
minta solusi dong gimana cara ganti nmr dana sudah hilang nomor baru,Negatif
cepat proses pindah akun masa delay hari memang perlu lama padahal data perlu proses nya lengkap lebih profesional kerja biar langgan nyaman guna aplikasi dana,Positif
dana hilang transaksi saya tidak tahu dana meng iya transaksi sebut besar sudah bnyk korban nyaa,Negatif
sering tdak transfer,Netral
saat kenapa tidak kirim uang sama e wallet kalau kirim uang sama dana sih lancar transfer bank lancar tapi kalau kirim uang dompet digital selalu jadi salah sistem sudah langsung lama jadi harap baik sistem terimakasih,Positif
gabisa transfer orang,Netral
lumayan,Netral
susah lihat aktivitas jadi tidak liat detil transaksi,Negatif
sering sering fix rusak lag proses aplikasi dana mau transfer e wallet malah rusak sistem yang salah,Negatif
saya bagus up robux malah ad kode eror uang tidak cukup padahal uang lebih dri harus guna trus saya lupa kata sandi dana ku kode otp nya tidak ad sms ku,Positif
tidak muas,Netral
guna lama dana tapi knpa belakang dana tidak buka kalau log in ttep menu awal pas pencet mulai malah nge rusak dong di baik dana gmna saldo lumayan buat beli susu anak,Negatif
say buruk beli paket tapi tidak masuk tanya tanggap kurang jelas hari dana tidak kembali pihak dana paket data tidak masuk,Negatif
bagus,Positif
limit dana cicil sedia tapi tidak di guna padahal belum d guna saya lunas,Netral
coba dlu kasih tiga,Netral
gi mana nih akun dana ngak d pakai lgi,Netral
lebih baik depan segera tingkat cepat reload aplikasi pertama kali buka maupun akses fitur fiturnya,Positif
tidak masuk akun alas jaring sibuk,Netral
belum dana cicil nya hrus nunggu berapa lama min,Netral
tiap selesai lunas limit dana cicil tidak guna buat lapor dulu dapat nmr lapor harus tunggu dengan waktu beberapa hari sudah jadi tiga kali nya smpai skrg limit dana cicil saya masih belum saya guna,Netral
tidak akun hubung tetep uang dana sedot tau di bantu,Netral
dana ya gbs transfer suka rusak pas mau transfer muter dlu pdhl jaring bgus hrs download ulang mulu kadang suruh verifikasi muka lgi pdhl udh premium,Netral
gajelas tarik uang dana kali kali tetep gabisa padahal muka sejajar hadeh,Netral
ya tidak masukin data daftar dana premium,Netral
kirim uang dana jta ampe skrang dah hri gx masuk masuk,Netral
bagus,Positif
knpa daptar dana tidak d guna,Netral
kurang bagud,Netral
akses internet kpan update misal pket internet habis mau beli pket aja tidak harus hotspot dlu baru ke buka,Netral
ada fitur dana cicil nya,Netral
baru sistem bantuaan operator lebih baik,Netral
bagus sangat bantu,Positif
lain ada fitur dana cicil tapi tidak mincul,Netral
udh lama pakai dana kok belum punya belum muncul dana cicil,Positif
mau masuk akun dana yang lama kartu nomor hilang saya tidak dapat kode verifkasi solusi perihal masalah terima kasih,Negatif
bagaimana dana cicil,Netral
bagus pending,Positif
akun tidak di buka sim nya ilang pinn sama verivikasi muka nya bner opt nya tidak,Netral
fitur dana cicil tidak keluar padahal penuh semua syarat punya teman teman keluar semua chat ana suruh tunggu hari tapi nyata bulan bulan tidak keluar padahal guna lama jadi buruk,Negatif
dana cicil kenapa jadi hilang,Negatif
sangat lumayan bagus juga sangat bantu thanks,Positif
dong pihak dana padahal pas masuk pake otp jangan verifikasi wajah doangg,Netral
pin nya tidak angka nya,Netral
lebih mahal biaya antar bank itu masih lg biaya tambah,Negatif
versi donk d baik biar semua org pakai dana g semua org ram hp nya besar biar semua org lebih mudah guna dana,Positif
sering jadi tolak bayar laku transaksi padahal uang dana cukup,Netral
beri bintang karna tidak dana instan,Netral
fitur dana cicil belum muncul,Netral
selalu pin salah padahal baru bikin bagai mana tidak masuk masuk,Netral
tarik tunai tidak mulu padahal akun premium,Netral
tidak kirim uang guna fitur scan qris coba ulang kali tetap tidak,Netral
kak penguna lama dana masuk akun dana ko ngak ya,Netral
kenapa pas mau upgrade premium pas mau pilih provinsi bangka belitung terus mau milih kota nya tidak aneh banget sulit upgrade,Netral
tidak dana instan sama dana cicil nya saya padahal lama pake aplikasi,Netral
dana cicil tidak di guna kak aneh tapi nyata,Netral
kenapaa gabisa dipake,Netral
woyy gua isi ulang konter hasil tapi akun uang nya belum masuk,Positif
kata nya dana cicil gilir d klik dana cicil tidak sedia,Netral
kalau bisa guna dana cicil kasih bintang,Netral
sulit sekali laku pindah akun coba kali kali tetap tidak mw kirim uang upragde dana premium dulu itu minta laku pindah akun minta tunjuk dong tugas,Netral
bantu dengan baik sistem akun yang gagal verifikasi wajah masuk saya hubung layan dana,Negatif
hrus masuk otp trus verifikasi muka kan cukup kendala trus kmren,Netral
sangat bantu bl anja apa,Positif
abis baru masa tidak pake dana cicil hp,Netral
dlu min fitur dana cicil nya belum,Netral
belum fitur dana cicil nya ya,Netral
tidak masuk sekarang mah dana payah,Netral
udh bayar cicil tepat waktu tpi gkbsa guna dana cicil nyaa pas motede bayar warna abu abu yaa,Netral
dana cicil tidak di pakai,Netral
kasih bintang dulu karna fitur dana cicil nya fitur dana cicil nya muncul tapi tidak aktivitas telah saya riset ulang malah pas mau buka dana cicil nya malah ngestalk tidak mau buka developer nya baik atau jelas bisa itu,Netral
ya dana cicil tidak aktif padahal ada fitur tapi gabisa di klik aktifasi nya dong,Netral
kenapah akun sayah tidak dana cicil,Netral
di instal tp kok ngk buka ni aplikasi dana,Positif
aktif dana instan,Netral
ya akun dana di tangguh tidak di buka,Netral
susah ganti nomor dana,Negatif
tbtb mgilang tu fitur dana cicil pdahal di bayar di cari pake kata kunci lain halah ribet,Netral
bagus,Positif
bagus,Positif
bagus,Positif
dana cicil susah buka hapus dana lalu instal dana cicil malah hilang,Negatif
dana cicil tidak guna lunas minggu lalu padahal selalu bayar langsung nunggu jatuh tempo semua jawab ana tidak jelas,Netral
dana tidak di guna tuli transaksi gagal,Negatif
tidak di upgrade,Netral
tidak pakai daata seluler padahal kuota,Netral
bagus,Positif
puas,Positif
plss mode dana premium diilangin,Netral
buruk bngt nih aplikasi akun premium daftar ktp juga harus daftar ktp biar premium aplikasi nya baik,Negatif
padahal data aman tidak buruk tapi malah koneksi internetmu putus terus hadehhh,Netral
min yah kalau mau masukin no hp aplikasi dana suka balik lgi balik lgi padahal no hp nya udh ter daptar,Positif
bagus,Positif
awal senang dana tapi makin hari makin banyak bugnyaa trus terima dana potong teruss biasa tidak pernah ada,Negatif
moga depan tidak modus tipu aplikasi,Negatif
woy tidak buat transfer ya,Netral
aplikasi dana buat bikin qris bisnis tidak di upgrade ya,Netral
bagus,Positif
dana instan bom muncul padahal guna lebih thn transaksi selalu prioritas aplikasi dana,Netral
turun bintang tidak rasa pakai dana cicil malah tagih tidak jelas kayak gin padahal transfer buat bayar lohh bukan buat hutang,Netral
aplikasi dana kedok tipu apa gimana isi pulsa nominal k tgl januari jam saat tgl januari jam pulsa belum masuk tulis jelas kendala proses tapi uang dana tidak balikin refund dana padahal udh saya coba lapor layan nya tapi responnya gajelas itu bot gimana dana gimana selesai,Negatif
suruh upgrade tapi kendala terossss gabisa buat transaksi gimana dah bikin susah aja,Negatif
susah banget buat upgrade mau kirim malah suruh upgrade gilir coba malah gagal ribet banget,Negatif
knapa uang potong google padahal tidak langgan google mohon ibauan nya bagai mana supaya tidak potong aman nya bagaimana,Positif
banyak kendala,Negatif
mudah tiap transaksi,Positif
dana instan tidak di cair selalu sedang ganggu udh bulan,Netral
karna dana cicil nya gx jd bintang dulu,Netral
fitur akurasi rendah,Netral
punya kenapa ngak dana cicil nya,Netral
dana gua tidak buat transaksi mohon jelas,Netral
dpat notif wa kata bisa pakai dana cicil tpi belum fitur dana cicil gimana cara bisa aktif dana cicil,Netral
mau laku pindah akun sangat ribet,Netral
akun dana tidak layan dana pinjam dana cicil,Netral
mending bank salah kirim gagal otomatis kurang dana kalau dana kirim tidak yang halang transaksi walaupun alamat nomor tidak aktif sekali kirim salah beban yang ngirim plus minus kecuali dana mw bikin sistem guna lebih mudah nomor hilang pakai cara ambil identitas dana nya untuk kembali aktif lagi,Negatif
pls buat fitur dapetin izi guna user kalau misal akun sambung kembali langgan sama aplikasi tentu mau tidak langgan lupa matiin akun sambung ni uang dana langsung ilang buatin fitur verifikasi apa itu laku transaksi verifikasi plsss dah ulang kali begini,Netral
sangat bermanpaat,Netral
halo kak hp deteksi root padahal belum tidak deteksi root hp sudah cek pakai root ceker tidak bukti root update baru jadi deteksi root padahal aplikasi bank resmi aman aman,Positif
dana cicil belum timbul,Netral
cukup bagus,Positif
min hp ku hilang sama kartu guna aplikasi dana sekarang tidak masuk akun dana di karena pakai kode otp mau daftar akun dana premium baru tidak karna ktp ter daftar bantu ana tidak beri solusi,Negatif
maaf kasih bintang saya habis bagus up biaya bayar besar smpai k,Positif
dana tidak masuk knpa jaring masalah mulu padahal pke wifi,Negatif
saya update gabisa masuk,Netral
telah upgrade malah tidak masuk,Netral
baguss,Positif
mohon jangan kasih pin jadi susah masuk ulang,Negatif
bagus,Positif
upgrade premium kok gabisa transfer,Positif
lunas bayar dana instan skrg mala gagal melulu tari susah minta bantu layan dana tidak ngasih solusi,Negatif
oke,Positif
lumayan lah,Netral
tidak update premium belum milik ktp lalu kartu keluarga tidak soal saya lagi butuh banget nih,Netral
entah saya tidak masuk dana tulis akun root,Netral
lambat min force close terus saran jangan banyak function di load banyak pop up tidak kuattt bikin lama kalau mau bayar bayar,Negatif
dana jt lebih hilang bagaimana pulih nya dong,Negatif
dah lah lupa pin,Netral
bagus transaksi,Positif
akun dana sudah sedia dana cicil tapi tidak pencet aktivasi sekarang nya segera di respons,Netral
alam digitalisasi ekonomi,Positif
mohon baik layan ganti nomor premium mohon mudah milik nomor minta ganti nomor akun premium di guna supaya transaksi lebih lancar nyaman lebih banyak untung untuk aplikasi dana nya banyak keluh di bagi dari teman trimakasih,Positif
sangat bantu transaksi apa,Positif
bagus,Positif
pertama sih enak lama uang bobol jadi isss tambah dana cicil tidak sedia padahal tidak tonggak,Netral
ngisi uang trs hasil tapi tidak masuk masuk bner don,Netral
dana cicil tp tidak pakai jdi kasih bintang,Netral
punya tidak masuk apknya bagaimana mana kak suruh lalau pasu no ulang kali,Positif
oke,Positif
ko makin kesini banyak sering rusak sering gagal transaksi kalau tarik dana gols suka gagal terus padahl pencahayan bagus jangan jadi korupsi sebab runtuh dana perca orang,Netral
aplikasi dana uras batrai buat hp cepat panas mohon update depan lebih optimal guna batrai proses latar belakanng,Positif
saya tidak guna fitur rekan dana padahal akun premium selalu muncul upgrade premium,Netral
pdhl beli pulsa biasa jadi pinjam heran beli pulsa k pakai uang dana sendiri bukan pinjam,Positif
gabisa tambah uang padahal dah alfa,Netral
dulu pernah salah transfer padahal nomer dana nya tidak aktif,Netral
padahal dana premium tp karna lama tidak dipake upgrade foto ktp tapi tidak lagi sayang saldo sudah nunggu lama tapi tetep tidak,Netral
aplikasi dana cicil nya zonk,Netral
mao tanya ka uang kembali kirim sama dana tapi salah no nya no tidak pakai aplikasi dana mohon info,Netral
baik,Netral
selalu perangkat mau masuk cape y cuy ngekonfir mulu kalau bukan gwe,Netral
bintang tiga pas upgrade dana premoum hasil tapi tetap tidak dana bisnis tidak transfer pakai nomer pas mau upgrade tapi hasil saya lapor ke tugas tapi tidak hasil kecewa sudah dapat nomer laporanh tapi tetap tidak apa apa,Netral
pindah akun terus gagal,Negatif
duit ilang mlu ajg cpe saya cape min maaf terlalu toxic soal bawa emosi,Netral
sangat bantu terimakasih,Positif
tambahin menu beli perak dung,Netral
knapa tidak fitu dana pinjam,Netral
nih gimana y tidak bys bysanya dana buat transfer pending y lama banget apa c trus uang gmn nih aman to tidak,Positif
susahh buat daftar dana cicil,Negatif
bantu aktif dana cicil,Netral
susah banget pinjem uang dana,Negatif
sangat batu,Netral
lebih mudah bayar itu,Positif
baik,Netral
dana cicil aplikasi sedang tidak sedia sudah hubung diyana tapi tidak bantu lah mudah masalah dana cicil,Positif
haaaaaah akun premium non aktif cuma tidak bayar dana protect padahl tidak aktif dana protect,Netral
mohon bantu cara buat pin karna sudah beberapa x masukin pin srlalu gagal,Negatif
baik sekali,Netral
beberapa kali baru dana cicil nya tidak muncul,Netral
cukup bagus,Positif
sangat batu,Netral
dana mudah transaksi on line,Positif
dana jadi lambat buruk,Negatif
mohon bantu mau masuk akun kartu hilang tadi masuk masih perangkat sama mohon bantu kalau bisa kode otp nya kirim email jangan via whatsup atau sms,Negatif
bagus,Positif
sering eror forceclose sendiri,Netral
cara balikin akun sudah premium tidak bos,Netral
aman,Positif
sekarang uda tidak free transfer yah buruk banget tiba hilang,Negatif
uang ilang,Netral
ko biyaya tagih tidak ngehutang sama sekali jujur saya buruk sama dana biaa ada tagih,Negatif
aplikasi bosok perempuan malah jalok kode ae padal wes gowo muka,Positif
hebat,Netral
kuang bgus,Netral
sangat baik,Netral
akun dana klau mau ganti akun baru ktp sudah pakai susa upgrade nya,Netral
sih mau upgrade premium tulis nya jadi salah order kyc padahal kemaren bener upload ktp fisik malah tetap d tolak buruk asli udh chat ana beberapa kali tidak ubah tetap aja jadi salah kyc terus,Negatif
punya mlh tidak buka ya susah keluar keluar trs,Negatif
mau verifikasi malah ribet harus verifikasi akun yng terlogin hp nya nga ush log out dong,Netral
ya mau daftar dana tidak bisa,Netral
mohon buatin fitur masuk guna sandi fingerprint aplikasi bank,Netral
bener bener tidak solusi kah soal otp kalau wa tidak di buka trus kartu nmer nya ntah dmna,Netral
kok mau masuk kok tiba rusak mi,Netral
tidak masuk dana sendri sedanfkan dana saldo mau tarik uang sendri aja susah banget gimna tanggung jawabanya danagimana uang yang di dana ana tidak bantu,Netral
sering gagal transaksi,Negatif
sangat tertraik,Netral
tidak bosen aplikasi update terus x hari updatenya,Netral
dana cicil tidak di guna,Netral
blum ad dana cicil padhal saya sering tranksaksi sudah blan blum ad muncul,Netral
dana cicil hbs hapus chace hilang aplikasi dana,Negatif
semua buka aplikasi tampil mulai trus lanjut masuk akun loding kembali awal mulai tadi gimna mau kirim scrensot aplikasi dana orang tidak masuk,Netral
sangat bantu,Netral
kurang karna dana tidak muncul fitur dana cicil,Netral
dana cicil tidak buka,Netral
baguss,Positif
tidak ngerti sama dana cicil tiba tagih gitu mana total nya gede bangett teruus x beli pulsa no sendiri uang ttep segitu asli tidak ngerti,Netral
aktif pitur dana cicil,Netral
kirim uang rekening malah trouble jam lg,Netral
mulculkan dana cicil kasih bintang,Netral
kurang oke aja,Positif
bagus,Positif
bagus ap dana malah tidak masuk,Positif
mau kasih dlu dari berapa bulan dana cicil limit tapi tidak laku terus nya dana cicil kan buat bantu ko gbisa sama aja lah tlong dong gimana,Positif
mudah cepat,Positif
aplikasi sangat manfaat,Netral
lambat,Negatif
lambat,Negatif
pakai dana jd lebih praktiss,Positif
tidak jadi premium padahal sesuai ktp,Netral
aplikasi bantu cukup mudah guna sayang q ris tidak guna sandi,Positif
baik belum baik nya tidak bonusn ana,Netral
bagus,Positif
aplikasi tidak aman kata bikin uang balik tapi tidak bukti minggu padahal tidak kirim sama sendiri aja colong gimana aplikasi,Positif
tidak buka aplikasi masuk henti terus,Netral
sangat bagus,Positif
dana cicil ngak muncul padahal sudah tahun pakai dana juga aktip laku transaksi,Netral
dana cicil selalu gagal dlm proses aktifasi,Negatif
heran guna lma dana dapat dana cicil kok blom aneh bener dana pilih kasihk beda sama yang baru daftar udh dikasihk aja dana cicil saya tidak,Positif
amanin dana,Positif
baik,Netral
bagus lah,Positif
kok uang sya tidak msuk kk,Positif
saya tranfer dri tgl desember masih d proses tru,Netral
dana sekarang tidak di pake dana cucill nya ap kendala nya nih,Negatif
mau masuk aplikasi dana baru masuk suruh masuk kan pin,Netral
emang nomor,Netral
sangat buruk dana cicil ini tidak fungsi padahal seluruh tagih saya lunas,Negatif
sangat bantu,Positif
apa karyawan pt espay debit indonesia koe nama andrian mohon klarifikasi guna seluruh dana mohon sangat baik sistem nya tempat dm jelas belum dapat aplikasi tidak percaya perhati guna lama maupun baru baik jadi akun kalian yang alami baik saran segera tarik uang semua alih aplikasi yang lebih percaya,Netral
ken liat riwayat transaksi ku belum nya tapi tidak entah rusak gimana soal bulan lebih begini bukan mau nyari masalah segala macam tapi notif dana ku bilang belum tuntas transaksi sana saya mau check riwayat tapi tidak ya rusak,Negatif
lambat skarang dana knpa,Negatif
bagus sekali,Positif
transfer sama dana hasil uang potong tp notif muncul silah coba harus jeli cek transaksi kalau tidak rugi transfer kali,Negatif
tiga bintang dlu aplikasi dana cicil tidak di guna,Netral
sudah update versi baru tetep aja ngbleng kalau d klik dana cicil nya sama masuk tpi tidak veripikasi,Netral
tidak masuk hp infinix hot play,Netral
bantu buat munculin fitur dana cicil min akun penuh syarat tpi ngak keluar fitur dana nya sudah lama nunggu,Netral
knpa afk dana ngak bsa msuk muncul tulis dana macet kata nya,Netral
knapa dana cicil paylater skr tidak muncul,Netral
beberapa kasus sering kendala ingin transaksi contoh banyak guna aplikasi maka ada kendala transaksi jadi tidak laku beberapa hari saya tidak transaksi kendala sama,Negatif
tidak buat rekening dana nasabah lebih nomor asal data ktp benar ada tanggung jawab tidak masalah ktp bisa punya lebih rekening tidak alami seperti karna nmr lama hilang ahirnya sulit buka rekening premium alas ktp pakai di rekening premium lama ahirnya susah mau buat rekening kan karna batas rekening premium dg satu ktp beri dulu bintang,Negatif
ya mau buat qris udh update dana ny tpi trus muncul coba sudah ulang padahal,Netral
nanya ana kaga jawab jelas gilir email tidak bales bales hadeh,Netral
njir lah sekarang mulai pake tugas adminan mana lah coba gua ngirim adminya otw pindah gopay mah,Netral
tarik uang bisnis susah sekali gmn nih tlg dong perhati,Negatif
puas,Positif
buruk x transaksi bayar merchant sama uang potong transaksi sukses tapi merchant tidak terima dana masuk,Negatif
tambahin akses nya pake dana bukan orang,Netral
tidak dana pinjam pdhal transaksi udh th atas angka jt bulan,Netral
dana kok selalu bikin kesel sih update kok malah rusak terus baik kalau ratingnya ken naik masak kalah sama aplikasi orange belah,Netral
sya laku transaksi x tidak masuk d krim e wallet,Netral
loding lama,Netral
danacicil,Netral
bagus,Positif
sangat muas,Netral
ingin rubah informasi dana bisnis tetapi tidak tanggap,Netral
rusak nya baik dong baru masuk ke menu jadi tidak di pakai jadi ribet,Negatif
dana update malah aneh,Netral
ya buka aktivitas lama banget,Netral
bagus lancar,Positif
dana memper mudah kan dlam teransaksi pd tmn,Positif
baru nyoba,Netral
mantull,Netral
sangat bantu banget,Positif
lebih bagus kok cuman ya tidak isi ulang roblox tiap mau isi ulang mau rb atau rb tidak suka aja responnya rusak lebih batas blablabla plis deh harus ngapain biar isi ulang lancar padahal uang cukup solusi apa dong,Positif
kadang erorr,Netral
dana cicil tidak di buka blang putih jadi tidak aktivasi,Netral
sudah lama tidak pakai aplikasi dana pas maka tiba tiba kembali sendiri harus masuk nomor telepon pin sudah lupa pin tidak lagi pakai aplikasi sebut,Netral
bagus,Positif
coba alam baru,Positif
rutin laku transaksi dana beberapa tahun tapi update aplikasi nya tidak pernah muncul fitur dana cicil yang jarang laku transaksi malah fitur dana cicil,Netral
kendala buat qris kenapa,Negatif
entah dengan akun dana hp reset tidak masuk dana telah masukin nomer klik lanjut loding nya selalu henti di suruh masuk nomer selalu sinyal bagus tapi saja tolong dong tugas baik dana nya,Positif
tugas bagus up m bca tidak tentu kadang kadang itu tidak sesuai deskripsi aplikasi playstore biasa hari laku bagus up beberapa kali krn adminya cm rupiah tp kalau mah krasa dong jelas detile biaya adminya jangan lupa update deskripsi kata gratis bagus up,Positif
dana cicil tidak pakai padahal limit gede tiap tagih bayar tepat waktu ada telat mohon di jawab,Netral
makin lama makin ngeselin iklan fitur dana cicil dah kek iklan tugas pinjol udahlah stop pake dana bot akan nyuruh buat guna gunain dana cicil,Positif
semua transaksi lumayan bagus simpel tapi sayang belum fitur dana cicil instan nya padahal member aktif tahun lebih kurang puas aplikasi dana,Positif
tahun lebih guna dana tapi belum pernah fitur dana cicil,Netral
ko g di buka,Netral
dana sudah premium tidak dana cicil nya,Netral
baik suka,Positif
cara byr dana cicil,Netral
tiba dana kirim google play padahal tidak langgan apa bagaimana mana dana transaksi fiktif konfirmasi guna kok seperti,Positif
aneh suka tiba tiba hilang uang nya padahal tidak pake,Netral
baik,Netral
sangat mudah transaksi,Positif
aplikasi bagus bantu tapi buruk uang di akun dana hilang sebab saya erti,Netral
rumit,Netral
terkadang jaring tidak sedia terus,Netral
uang akun lama tidak di pindah di akun baru nomor akun lama mati,Netral
bangus,Netral
punya limit dana cicil tp tidak di guna alas tidak yang buat adu,Netral
coba dana no telp hilang saya lupa pin nya gmna tu,Negatif
dana yang kurang kok tidak spinjam pinjam dana,Positif
bagaimana aktif dana pinjam kok tidak jawab sudah premium,Positif
selalu awas,Netral
sangat senang,Netral
kata kirim transfer bank gratis malah sekarang kalau transfer bank kena tugas buruk sama dana di update pdahal qris pakai dana jelas hari ambil uang dana transfer bca kali aja berapa hari benar benar buruk sama dana kata gratis eh malah bayar,Negatif
mau hapus akun karena tidak pakai tidak premium tapi gara gara uang akun bisa hapus mau pindahin uang buat belanja cukup uang segitu cuma rupiah kok nyusahin banget hapus akun nyebelin deh ya baharu uang segitu saya minimal biar nggak rugi eh susah bener hapus akun,Negatif
buat buruk bayar dana cicil limit tidak padahal tera limit bayar angsur malah tida kembali sesuai sudah bayar angsur,Negatif
kasih bintang awal pake dana mudah bngt tp sekarang mau masuk akun susah bngt balik menu awal terus jd pengin hapus aplikasi susah pake,Netral
lambat berat aplikasi,Negatif
jos,Netral
sengaja kasih bintang soal pernah kasih bintang gantung situasi sekarang saya alami tidak transaksi mau ngetik pin nya susah tidak buat bayar,Negatif
dana cicil tapi tidak pernah minjam baik aman,Positif
buruk sama dana cicil limit dian tapi tidak di guna kalau gitu ngapain dana cicil kalau tidak di pake,Negatif
dong verifikasi wajah bagus kemarin aplikasi nya keluar sesi jadi masuk ulang verifikasi wajah jadi wajah ku tidak kenal saya cukur rambut jadi tidak masuk,Positif
tidak masuk menu ram nya tidak cukup ruang nya,Netral
gitu kalian niat bikin aplikasi sih mau masuk akun aja bisa balik,Netral
kalau mau daftar dana premium tapi belum ktp gimana,Netral
baik,Netral
tidak aktif dana paylater nya,Netral
sangat bantu aplikasi,Positif
guna lama tidak fitur dana cicil,Netral
dana cicil tidak guna padahal tidak cicil,Netral
dana cicil muncul cuma tidak di klik,Netral
di upgrade dana cicil jd hilang bingung gmn kl mw byr tagih,Negatif
ya aplikasi dana minta selalu update tapi makin update malah eror terus muncul,Netral
sya udh pke aplikasi dana dri dulu tpi tidak pernah muncul dana instan dana pinjam,Netral
loadingnya lama,Netral
bagus,Positif
untuk dana saran no terima sebut tidak aktif blokir hapus no sebut orang tidak salah kirim alami saya transfer uang no bahwa no sebut sudah tidak aktif dana pihak dana hapus blokir no dana sebut orang tidak laku salah sama terimakasih,Positif
fitur dana cicil tapi tidak di guna,Netral
kasi bintang dulu fitur dana cicil tidak buka,Netral
sangat baik,Netral
misal belum premium tidak transfer,Netral
bagus,Positif
aplikasi buruk,Negatif
sangat puas,Positif
pihak dana kuota beta tambah lgi saya tidak masuk dana lgi kuota beta penuh program beta,Netral
pakai dana sudah tahun lebih baru kali uang dana besar rp ambil orang pas pegang hp buka dana tiba tiba transaksi sendiri tahu padahal uang buat ngatar ibu kontrol nebus obat aju lapor uangbgak tapi aplikasi uang kembali kalau ketik curi sekrang mana uang di rakyat kecil kayak arti banget,Netral
sangat bagis,Netral
ko habis update jadi susah keluar aneh sekali,Negatif
laen,Netral
begini nnti sebentar bagus baru tambah bintang,Positif
bagus tapi sayang dana cicil tidak,Positif
baik lgi sering rusak,Negatif
bagus,Positif
ewalet kok aneh tidak transfer minta update premium masukin ktp malah tidak baca nah gimana dah duit ni tidak di apa apain tidak jelas,Positif
kenapa layan nya loading terus mau beli kuota gabisa token gabisa poko loading mulu di hp temen semua aneh banget dah,Positif
semenjak update tidak masuk,Netral
tiap uang masuk uang potong padahal dulu tidak mau transfer baru tuh uang potong yang masuk doang,Netral
layan makin buruk terlalu banyak iklan bonus tidak,Negatif
dana cicil tiba hilang,Negatif
jangan transfer dana kalau sinyal ngelek transfer dana ku potong tapi tidak masuk nomor tuju di baik dana,Netral
fitur dana cicil gabisa masuk baik,Netral
sangat bantu,Positif
oke,Positif
resah lama lambat apa ad kendala segala macam unggul gopay,Negatif
kenapa uang yang awal ribu langsung jadi padahal tidak ngapa in liat aktivitas tidak saya belanja pake uang dong dana sering gin terus uang dikemanain emg jumlah tidak terlalu banyak tapi kan sering begini kalau begini terus padahal kita tidak belanja ngapa in kan jadi repot rugi tindak lanjut,Negatif
aplikasi sangat bagus buat transaksi lebih cepat tpi kasi bintang saya tidak aju akses dana cicil,Positif
biaya ptngan skrg tiap yang isiin uang dana awal skrg stiap yang isiin uang kptng hmm,Netral
oke,Positif
min ini banyak tipu hadiah jt mengatasnamakan dana ditindaklanjuti orang gatau pasti asik asik aja mereka gasadar kalau tipu,Negatif
bagus,Positif
baikk bangett app,Netral
dana gimana sih daftar bisnis g verifikasi tapi qris nya dipake masuk alhasil pas mau tarik saldo g trs stlh update aplikasi nge rusak trs kluar trs ap hp yang rusak atw gmn,Negatif
bagus up sekarang pakai biaya alfamart biasa ny tidak,Positif
knapa mesti dana cicil aq tidak niat pake jd kena tagih dana cicil pantes aja uang q tidak kurang bikin males aja,Netral
ini fitur bekas ngirim nya hilang kmna woy,Negatif
aju downgrade merchant bronze aplikasi dana tgl saat masih belum selesai entah salah proses lama,Netral
sering ngebug aneh banget dah,Negatif
maaf maaf kok susah ngunduh qris aplikasi dana biasa gampang sekarang sulit,Netral
bagus,Positif
dana goals tidak di tarik sngt buruk uang g di tarikkkkkk,Negatif
tidak verifikasi perangkat percaya,Netral
mohon pihak dana hapus kode otp cukup scan wajah banyak keluh ini karna banyak nomor hp mati,Netral
bagus,Positif
aplikasi update tidak scan qr tiap scan selalu gagal gimana solusi,Negatif
buruk aplikasi dana orang banyak fitur baru dana cicil tapi yang sudah lma guna aplikasi dana tidak fitur itu dana tolong baik,Negatif
akun dana nggak jelas kawan nya muncul dana cicil nya ko saya ngak muncul,Netral
kok punya tidak fitur dana cicil padahal guna lama n premium apa punya dana bisnis,Positif
makas dana,Netral
lancar tapi tidak dana cicil,Positif
buruk akun tidak pakai dana cicil padahal akun premium,Negatif
bagus,Positif
bagus,Positif
ko tidak pake dana cicil,Netral
bantu akun,Netral
pas di update malah ngebug di baik,Negatif
bagaimana cara lepas akun hubung protexction,Netral
mudah untuk bayar makan,Positif
min baik dana karena dana tidak jadi sumber dana untuk transaksi jadi cuma metode bayar uang dana kartu aja,Netral
tidak dana cicil tidak ambil pinjam,Positif
jos,Netral
di baik tidak transfer,Netral
tahun kagak pulih dana premi main blok aja aju banding nggk yang damai,Positif
saya isi pulza gb kok jdi gb,Positif
tidak bagus up,Positif
sudah upgrade dana premium tapi mau kirim uang dapat saya upgrade premium padahal saya sudah upgrade gimana sih,Netral
tanggal malam masih lancar transfer pun laku bayar tidak lalu otp sekarang tanggal pakai otp sementara kartu sudah hilang sekarang tidak tarik tunai bayar lain,Netral
makin update malah tidak jelas internet putus kata padahal pake wifi buat transaksi jd hambat,Netral
cara ngetarik uang gimana cara uang tiktok dana tidak masuk masuk verifikasi gagal,Netral
baik,Netral
segera fix masalah masuk verifikasi wajah selalu gagal padahal milik asli dana nya tapi tiap verif wajah selalu tolak sangat rugi banyak orang ingin guna dana,Negatif
kok pas mau ubah pw kode otp nya tidak kirim kirim saya kasih bintang lima,Positif
tidak ganti nomor yaa,Netral
kak kok pake ktp sih blom buat ktp,Positif
baik cepat update ngulang terus habisin data tapi tidak beres beres,Positif
sekarang ko isi uang kena biaya terus padahal isi saldo alfa,Netral
bagus sih aplikasi cuma hrs ulang beberapa kali baik transfer upgrade,Positif
ko sekarang jadi kaya gin transfer uang tapi uang hilang cuma ribu hilang,Negatif
aplikasi tiba hilang sembunyi layar hp,Negatif
dana sudah premium tapi pas mau kirim uang suruh upgrade premium padahal nya kirim teman tapi entah tiba pas mau kirim uang teman malah suruh upgrade ke premium,Netral
dana tidak di buka bukti transfer tidak di liat,Netral
kurang bantu,Positif
premium tapi belum kirim bank bri,Netral
dong pihak dana ilangin kode otp nya no banyak hilang mau masuk hp tidak krna hrs kode otp jangan sulit,Negatif
thn pake dana update terus transaksi tiap bulan hampir juta terus tapi gapernah muncul dana cicil mohon bantu apa kendala nya,Negatif
bagus benar,Positif
cukup puas karna baru menggunakanya,Positif
ingin updet dana cicil,Netral
dana tiba tiba kurang padahal tidak beli apa apa,Netral
oke,Positif
ambil dana biaya administrasi bilang mahal,Negatif
gabisa pakai dana cicil padahal limit,Netral
makin kesini aplikasi dana makin buruk masa akun sya tidak konfirmasi bayar padahal jaring bagus,Netral
kerja sama ker,Netral
makin diupdate makin banyak kendala tampil buruk tidak tarik kalau mau log out harus sembunyi sekarang dulu bagus tinggal scrolll,Negatif
di update tidak masuk uninstal dulu cek dlu kembang kalau mas gakbbisa uninstall lama,Positif
sinyal bagus tapi tidak di buka kocak,Positif
bagus,Positif
bgus bnget aplikasi dana,Netral
maaf saya kasih bintang dulu soal jaring aman aja kuota ada tapi mau masuk aplikasi tulis jaring koneksi internet putus why apa putus jaring aman aja sampe ini tidak masuk aplikasi dana sampe sekarang tidak tau apa problem nya padahal di download ulang reset ulang aja nihil hasil nya,Positif
gimana cara ganti nomor min kok mau ganti eh malah kode verifikasi nya nomor belum,Positif
mau dana cicil,Netral
sangat bagus,Positif
dana agak susah masuk mau beli pulsa aja sulit,Negatif
aplikasi nya bagus tapi akun dana selalu minta daftar padahal daftar akun dana tapi pas mau kirim kode otp tidak padahal sudah di kirim tapi tidak di pesan cuma aja pekak,Positif
tidak guna dana cicil dana cicil tidak di dana tapi adek yang sekolah guna tidak berapa kok sudah dana cicil kaya tidak worktit aja terima kasih,Positif
naik bintanya jadi aja karna uang sayang nol sdah masuk akun dana yang lama nomor baru tapi saldo kosong kok ya sama pernah isi ulang rb ke dana,Positif
baik,Netral
kirim uang selalu proses selalu lama sudah jam proses,Netral
masuk susah banget,Negatif
jangan terlalu sering update dong,Netral
pihak dana dong kl mau masuk jangan pake kode otp lgi cukup pake pin verifikasi wajah aja biar lebih mudah,Positif
mohon bantu menu bayar nya dana cicil nya ngak di klik,Netral
kalau habis quota minimal ngakses bayar bukan cuma daftar jual quota milih paket tapi tak bayar minimal kasih akses voucher aktif voucher pakai habis quota,Netral
setela apdet kok mala tidak bis buka,Positif
jauh saya pakai amaann,Netral
tidak niat bantu sama guna mau log in pake otp nomor tidak aktif chat ana tidak bantu hanya bikin emosi pindah akun gagal tidak dengan ribu alas padahal uang banyak tapi pihak dana buruk paea,Negatif
laku transaksi dana langsung hilang di baik dong jangan sampe mudah bobol,Netral
mudah,Positif
dana tidak event free gopay treasure hunter,Netral
tidak buka inbox padahal penting buruk,Negatif
sangat bagus,Positif
tombol aktivasi dana tidak padahal sedia dana cicil,Netral
punya tidak fitur dana cicil nya,Netral
knpah dana cicil sayah gagal terus,Negatif
syaa tidak fitur dana pinjem nyaa hadeheh jelas kan biar yaa lengkapin bintang nya,Netral
coba dulu,Netral
tidak terlalu baik banyak potong,Negatif
bintang tiga dulu,Netral
prem tapi tidak dana cicil rugi,Negatif
dana sangat lambat sekali trus tidak buka activity nya jadi kalau mau lihat bukti transfer uang masuk tidak tolong evaluasi,Negatif
selamat malam aplikasi dana sekarang tidak transaksi padahal kemaren baik aja dong baik untuk aplikasi nya jadi susah bayar segala macam,Negatif
hari sekali updatenya,Netral
masa gaada sumatra utara provinsi jadi gimana mau upgrade nya,Netral
cukup kesan,Netral
super truk,Netral
transaksi bgus mksh,Netral
ada dana sangat bantu transaksi tkasih dana,Positif
masih tahap ajar lewat dana,Netral
akhir dana loading minta ampun mau liat riwayat baru tapi tidak uang nambah tapi riwayat tidak muncul matiin hp dulu maru mau muter,Netral
loading terus sie mohon baik gan nyaman guna,Positif
bagus,Positif
rada buruk sampi detik sya tidak pake aplikasi dana pdhl ktnya msh fungsi hp android,Negatif
mantab bagus sekali,Positif
jadi lambat jlek,Negatif
tak kasih bintang soal akun dana tidak fitur paylater dana cicil padahal premium,Netral
habis update malah tidak di buka sama sekali aplikasi,Netral
tidak update premium,Netral
tak kasih bintang dulu bagi konfirmasi bayar looding terus,Netral
kapan punya tidak di buka terus buka biar pakai,Netral
sama pas kompirmasi bayar louding trus kasih dulu lah,Netral
transaksi louding bahkan spe hr sore sampe hr hapus instal lg ttp aja tidak transaksi,Netral
responnya kurang jawab beda apa tanya,Netral
baik aplikasi nya masa keluar sendiri melulu rusak banget aplikasi dana mungkin orang bagi alami kaya mohon baik,Negatif
sangat bantu,Positif
tidak masuk menu awal terus,Netral
sangat buruk dana cicil tidak guna buat itu tidak sangat buruk,Negatif
tidak transfer wee malah muter terus pas mau kirim,Netral
aga buruk sering elor,Negatif
mengunakan aplikasi dana sangat mudah bisnis belanja pokok nx paket komplet ayo segera gabung aplikasi dana,Positif
kasih bintang coba transaksi gagal padahal pin saya guna benar minta verifikasi wajah sudah tp gx tanggap gimana coba ana mau bantu,Negatif
dana kacau sekarang lambat nya minta ampun buruk,Negatif
oke notip nya telat,Positif
sya kcewa dana masa bayar muter aja pda snyal pnuh full smpai sya tggu brapa hari bhkan sminggu msih aja sprti adu chat dana mlah tunggu g mau hpus dana msih uang tlong dong phak dana jgan sulit amanah lah dlam penggunaanya mf sya ksih bintang kalau sdah kmbali normal sya ksih bintang,Positif
kenapa di ugrade dana sayaa tidak tarsper tidak mau muncul muncul mau ditrsper tidak mau nongal kayak jringan lambat suka gebung sendiri untuk rekan pakah yang rupa,Netral
dana cicil tidak guna padahal naik limit nya jadi eh sudah naik limit malah tidak sedia lagi mohon bantu nya dong,Netral
kembalikn dana dulu kasi hp ku ngak akses karn upgrade aplikasi dana skrg ngak ke buka masa ganti hp uang ku ngak di pake dong,Netral
buruk dana kirim sempat gagal uang belum sudah saya aju tapi hasil nihil uang belum,Negatif
belum besar tulis sukses nya kecil buat filture qris tab,Netral
makin kesini bukan lebih baik malah makin amburadul sunggug buruk,Negatif
mau tanya ini dana ko tidak transfer ko no dana harus pake qr doang biasa berapa kali tidak transfer nomor dana muter doanv chache sudah di hapus aplikasi sudah update tapi tidak transfer keneh bisa kasih solusi tidak sihiiihhhh,Netral
tlong bantu akun dana mau byar pkai qiris tiba aja tidak,Netral
tidak transaksi aplikasi,Netral
bantu untuk kirim uang dana soal tidak bisa kirim uang dana siapa entah knapa bantu nya,Netral
bagus,Positif
aplikasi dana rusak jaring data wifi lancar tapi metode bayar tombol kirim tidak muncul gimana mau transaksi,Netral
nice,Netral
dana tidak dana cicil sudah update udan kandidat potensional,Netral
kurang seru ni dana tarik uang snek vidio ribu rupiah masuk dama jadi rupih kok gitu sih kok potong sih jdi kasi bintang aja lh,Netral
buruk banget masa ngisi uang malah saldo g masuk,Negatif
dana cicil tidak muncul muncul,Netral
transaksi stak verifikasi,Netral
jangan kasih pake verivikasi kode wa masih uang sana nomor juga mati,Netral
uang hilang jejak ribu dana wkwwk,Negatif
isi uang uang gapernah masuk gapernah dapet nofit masuk dana tiap isi gamasuk gada notif dana dibenerin segera mungkin kalau terus terus gin gabakal yang nyaman pake dana trimakasih,Positif
dana cicil belum guna,Netral
beli paket belum nyampe sattt,Netral
transaksi tambah mudah dana,Positif
buat aplikasi aman tapi masalah saya baru beberapa beli roblox kok tidak tanda eror gitu pilis benerin lagi saya beli mahal mahal loh padahal mau beli minecraft,Netral
lambat sekarng,Netral
susah log in euy,Negatif
bagus,Positif
permisi tugas akun dana tidak guna mungkin kendala hp nya kurang support krn selalu aja layar tulis koneksi internet tidak stabil tapi kalau yang bisa,Negatif
lumayan bantu,Positif
kenapa koneksi putus terus nih padahal kuota banyak,Netral
suka gx kirim uang,Positif
aplikasi dana habis update ko malah jadi tidak transaksi bayar kirim uang untuk segera baik,Netral
bagus,Positif
kenapa gabisa tarik tunai tiap tap opsi tarik tunai nya selalu loading tetep tampil home hp di restart tetep nihil bahaya nih kalau urgent gin baik dong,Netral
bagus,Positif
dana banyak spam wa loh minta aktivasi nyoba masuk,Netral
bagus,Positif
kenapa ko log out terus sendiri sih padahal lma pke dana mudah mudah depan nya bagus,Positif
bagus,Positif
tidak isa transaksi minta pin bayar tidak tampil reload terus,Netral
kok dana tidak dana cicil,Positif
uptade banyak rusak pertama masuk lama balik ke awal terus verifikasi no hp ulang kali dua mau transfer loading lama mutar terus padahal sinyal aman perangakat hp tidak masalah buruk,Negatif
sering eror transaksi manual qris,Netral
flesibel banget,Netral
yang sadar tidak chek in hari selesai misi lama hari tapi selesai chek in hari hingga hari enam masuk misi hari me reset sendiri mulai hari pertama sudah sering alami,Netral
belum masuk dana cicil,Netral
lambat banget buat transfer baru terus jd lama lama g rekomend lambat kalau lg butuh guna dah lima lebih dana premium di baik systemnya jangn pada buruk pindah belah,Negatif
mntap,Netral
aplikasi dana tidak buka aplikasi tulis aplikasi tidak root trus gimana cara uang ada di dalam,Netral
update malah tidak laku transaksi bayar muter terus di konfirmasi bayar hadeeehhhh mana yang di bayar lgi uang nya di dana gimana apa solusi nya,Netral
kurang baik reputasi jelang akhir tahun turun bahkan drastis gantung layan nya masa iya loading terus konfirm bayar nya chatbot csbot sosmed gt gt ajh solusi adu tidak tau gimana lanjut nya,Netral
pas bagi bayar muter muter padahal jaring bagus sinyal kuat,Positif
ribet banget pindai depan tugas segala bukan mudah tp bikin ribet,Positif
di akun tidak fitur dana cicil nya bos sya terus update nih,Netral
susah kirim uang,Negatif
waduh ini tarik uang dana tidak masuk dana mohon jelas,Netral
pake dana tahun tahun tpi download update inj malah tidak lihat bukti transaksi masuk aktivitas nge rusak cuma blank putih pdhl koneksi sinyal lancar mau bikin lapor bantu dana cuma blank putih,Netral
kembali telah memang betul betul,Netral
nya aplikasi enak sangat bantu tapi sekarang aplikasi tidak pakai transaksi henti di konfirmasi bayar cuma muter terus hubung bantu chat ana muter terus aplikasi mau hilang ada tanggung jawab,Netral
makin update makin sering rusak ingin kirim dana kaget transaksi selalu tidak dan muter terus ingin pasu pin,Netral
buruk guna lama tapi fitur dana cicil tidak pernah muncul,Negatif
hallo dana akun kendala tidak transaksi apa masuk beli pulsa data mohon bantu nya segera tangan terima kasih,Negatif
koneksi buruk,Negatif
tidak di afgread,Netral
banyak rusak untuk cepat baik,Netral
kasih guna lama tapi belum fitur pinjam,Positif
dana makin kesini makin buruk layan nya aplikasi nya banyak nge rusak,Negatif
bagus sih apknya cm lambat,Netral
ko tiba tiba uang dana ke potong uc drive premium maksud apa padahal tidak laku transaksi mohon jelas,Netral
sekarang tidak langsung kirim bayar k tiktok payahh nh sulit konsumen,Positif
penguna lama saya apdate tgl kok malah eror ngak di pakai transaksi mau bicara sama ana servis cuma muter terus bagaimana solusi,Positif
kenpa akun dana tidak masuk tidak masuk teruss,Netral
abis updet tidak di buka dana ny,Netral
pakai dana dh lama ko barusan update malah tidak transaksi padahal jaring bagus isi pls tidak tranfer tidak,Positif
tidak jelas dana ada fitur dana cicil nya tapi tidak aktivasi sekarang aneh padahal premium transaksi sering malah hampir juta tiap bulan tapi pas fitur dana cicil nya muncul sekarang tidak klik aktivasi dana cicil nya aneh tidak jelas aplikasi dana niat mau kasih tidak sih,Netral
kenapa pas download dana buat akun nya tidak itu gimana gin aja dulu belum buat akun dana,Netral
aktif dana cicil,Netral
kok sekarang dana buat transfer beli kuota muter muter terus tidak buat bayar nya dong perbaikin masalah,Netral
lambat kanapa,Negatif
bantu sayaa tidak masuk akun dana coba uninstall install ulang tetap gaa masuk,Netral
dana kalau mau buka kendala jaring trus padahal jaring sinyal bagus buka aplikasi lain aman aman aj aplikasi dana ganguan trus,Positif
bayar gagal sebab,Negatif
gimana kok sekarang ngebug baget si lambat banget,Negatif
sedia paket data khusus operator by u dana,Netral
bisa chat layan nya tidak sih jangan sama bot gaenak banget mau ngasih keluh ken nanya dngan bahasa sndiri dong adain fitur chat layan jangan sama bot ana teruss saya pdhl suka sama aplikasi dana tapi meni gabisa chat layan ngmng panjang lebar sama ana tetep aja tidak mudeng sulitt,Positif
eror ni,Netral
tidak lakuin transaksi apa sampe konfirmasi bayar tidak muncul apa loading ntah sampe kapan baik jangan nyuruh install ulang tidak ngaruh kocak,Netral
kenapa kak kok buat transaksi susah banget baru kali sih kemaren kemaren enak enak aja segera petbaiki,Netral
tidak dana cicil nya punya tolong dong mau pakai fitur sebut,Netral
dana bisnis tidak buat qris payah,Netral
dana sekarang ribet masak pindah hp tpi susah masuk nya ada sms via wa sms biasa,Negatif
sangat bagus,Positif
kok tidak masuk dana saya udh nyobain berapa kali malah tidak masuk,Positif
mau transfer malah kaga sudah hri tidak laku transfer,Netral
aplikasi dana lumayan oke seringkali banyak rusak jadi tidak klaim hadiah hari dana deals hari dua yang fungsi hari pertama sekarang entah saya tidak laku transaksi sistem ira saya sudah bayar uang saya masih tetap tidak kurang baik min,Positif
baru malah bisa buka,Netral
aneh suka tiba suruh vrifikasi padahal akun verifikasi lama beli apa suka gagal di tolak sensitif banget emg aplikasi satu,Netral
kok asa berat banget aplikasi,Positif
bagus,Positif
blakangn sering rusak transaksi kirim uang muter muter kayak tidak jaring saya minta bantu chat tugas tetep tidak kirim uang,Negatif
kok stuck tidak masuk dana,Positif
baru coba buat aplikasi dana benar jamin nyaman uang untuk langkah awal beri bintang,Positif
poko bagus ngak ribet nya,Positif
bru coba bintang dulu,Netral
tarik tunai gerai alfamart selalu tidak sedia selalu bilang tidak uang belum yang bagus up sudah sering sekali lebih baik pindah e wallet saja,Positif
banyak transaksi juta ratus ribu tapi dana cicil tidak mau muncul,Netral
sangat bantu administrasi online,Positif
tidak terima kode otp sms whatsapp nomor hilang tidak aktif,Negatif
ayo teman turun kan rating dana biar erti keluh kesah yang hilang nomor sim tapi tak masuk,Negatif
tidak bayar megunakan quir,Netral
bintang bagai penilayan yang tidak mua hasil nya beberaoa x coba dapat aflikasinya tetap tidak gagal terus aflikasi nya tidak bisa buka no hp di tolak terus,Negatif
sangat bagus tidak ribet mudah cepat,Positif
abis baru malah mental mental mau loginnya aneh,Netral
aplikasi nya kadang eror kalau mau masuk akun suka kirim kode otp mullu masalah nya no sma kartu nya ilang cuma apal pin nya doang,Netral
aplikasi akun dana tidak di buka,Netral
lambat,Negatif
guna dana thn tidak pernah fitur dana cicil,Netral
sanget mempaat,Netral
hlo mohon tanggung jawab dana invest emas besar hasil transaksi update kok masuk gmn cerita kok curang mohon tanggung jawab nya rugi kan harus g,Netral
bagus,Positif
sayang sekali tidak join sama shoppe,Netral
aman kurang kemarin uang ku rb pas cek hari tinggal rb hilang rb bukti transaksi dana tidak ada,Netral
aplikasi kenapa susah buat kirim uang metode konfirmasi pemabayaran pending terus hari pending terus jadi susah buat kirim uang,Negatif
kemaren sekarang tidak tarik tunai nih aplikasi rusak terus mau tanya ana tidak kenapa begitu begini huff,Negatif
oke,Positif
ko susah banget masuk sih masuk nomer menu tampil masuk pin nya tidak muncul bagai cara tetap,Netral
kalau hapus akun transfer lama banget bahkan tidak ke hapus sudah hapus cache tetep koneksi bagus tapi tetep eror,Positif
mau transaksi kok tidak min padahal uang nya cukup tapi kok eror terus ya,Positif
dana cicil tidak buka di guna mohon di tindaklanjuti,Netral
bagus,Positif
susah banget c ngehub layan padahal kendal scan qris,Negatif
kenapa dana malah tidak transfer transfer manual atw via qris tanya layan suruh tunggu dm via media sosial tidak bls ka saya urgent ka ko elyanan nya lambat banget dana ka kalau behini cara nya banyak nadabah dana pindah ka layan nya trlalu lama,Negatif
gabisa install dari tadi tak coba gabisa uda hp dongg,Netral
baik,Netral
alhamdulillah sangat bantu,Positif
tidak ngirim uang loding mulu kalau buka ana loding sama aplikasi gajelas emang,Netral
dana sekarang eror gmna susah banget buat ngeupdate riwayat pasu keluar nya jdi susah kalau mau rekap segera baik min,Netral
beli pulsa sudah beberapa jam tapi belum masuk,Netral
no ganti tapi masih nyangkut aplikasi masih nomor lama kenapa transfer mbanking tidak temu akun,Netral
aktifitasnya lambat delay mulu liat history,Negatif
aplikasi mau masuk selalu log in trs padahal data penuh selalu ngelex tiap buka aplikasi nya mohon baik,Netral
bintang satu naikin jadi bintang complaint dibales ngasih rating buruk moga depan fast tanggap kurang rangin sedot uang sembarang,Negatif
habis baru susah masuk akun dana,Negatif
tidak transaksi aduuh pdhl lama make premium selalu delay mau konfirmasi bayar tidak transfer pdhl pepet kepake uang nya di baik mohon,Netral
maaf kasih ada bikin kesal fitur dana cicil tidak muncul beli pulsa apa karna skor kredit rendah mohon kasih cerah pihak dana terimakasih,Netral
aplikasi mantab tidak ribet,Netral
kasih bintang deh banyak transaksi tpi dana cicil gabisa pakai,Netral
ko tidak tran saksi,Netral
tidak untuk transaksi,Netral
ya udh muncul fitur dana cicil tapi pas klik malah ngebug warna putih ajaa dong baik krna prcma fitur dana cicil tidak guna,Negatif
sangat baik,Netral
beta nya penuh,Netral
buat transaksi lambat muter terus,Negatif
tidak transfer hari,Netral
tidak transaksi bayar pun transfer siang ampe mlm,Netral
baik,Netral
knapa dana mau beli token listrik kok malah stok habis mksdnya gimana makin susah aja,Positif
baik cepatt,Positif
tetep tidak di hp harus pake wifi atou hospot dri dri hp laen baru aneh,Netral
kurang bantu,Positif
bagus,Positif
tidak transaksi alas upgrade premium coba upgrade nik ktp pakai nomor tidak kenal tidak rasa pakai gagal pindah premium ada aset pinjam di akun dengan ktp,Netral
kak kok dana nya gabisaa buka malah lagi lagi,Positif
baru di update tapi malah lambat buka aplikasi nya,Negatif
tugas terlalu mahal,Negatif
mf di baik transaksi klu terima klu kirim tidak muter trs kasih dulu deh,Netral
tidak transfer tidak chat ana bantu nya cache d sih tapi tetap belum ubah,Netral
dana cicil tidak di guna percuma lunas tagih,Netral
sangat baik,Netral
gmna ko dana fiturnya g mo tarik uang bisnis jg g chat ana jg g mohon info,Netral
asa belum x transfer tapi bayar aja kata gratis x transfer bank mah tidak samsek bayar aja,Netral
uang hilang konfirmasi tidak tanggung jawab aplikasi dana sangat buruk masa transfer uang ngak konfirmasi pswd nya uang hilang penguna buruk yang potong rupiah tdak masalah jt uang hilang semua tanggung jawab aplikasi dana bagaimna,Negatif
bgus tapi notik uang masuk telat kasih bintang,Netral
tadi malam bagus up shopepay lewat dana uang kurang tapi uang belum masuk sekarang belum masuk,Positif
punya fitur dana cicil aj tidak buruk,Negatif
di updet langsung nge rusak,Negatif
jajal dulu,Netral
uang bisa hilang tapi lapor paylater toko dia saya tidak sangkut bisa hilang tidak akun sambung makasih,Netral
tidak transfer mana urgent,Netral
knpa skrng aplikasi dana tidak tansaksi bayar padahal sinyal nya bagus loh tpi ttp tidak tolong dong buat perhati nya,Positif
ingin muncul fitur dana cicil dana paylater,Netral
stok pulsa listrik bisa habis bantu,Positif
transaksi tidak,Netral
dana cicil plis tidak perlu verivikasi wajah trus kalau mw dipakek buat belanja malu banget kalau verifikasi wajah bayar offline,Netral
hari konfirmasi bayar tidak buka mau transfer jadi tidak gimana,Netral
bayk bugnya,Negatif
aplikasi tidak kirim duit,Netral
dana kemaren tidak proses bayar sampe sekarang padahal jaring lancar gimana ni min dm layan ana tapi belum proses sampe sakarang moga proses nya cepat sama kendala,Positif
tidak pinjam uang dana,Netral
konfirmasi bayar akun dana loading trus sinyal padahal bagus stabil,Positif
ganggu apa kmha dana kok gabisa transfer sih,Positif
aplikasi sangat bantu,Positif
tidak transaksi ya sekarang,Netral
tidak tranper,Netral
pemberitahuan apdet yah gilir apdet ngirim nya loding terus hari loding terus logut di hapus msh kali kali msh loding ngirim di calcenter msh loding gimana cara nya mind,Netral
ya ko tidak laku transaksi tadi jam padahal udh diupgrade hapus cache bahkan data jg sudah ngikutin semua arah,Netral
baru pertama kali nya masalah pakai dana tiba tiba tidak kirim uang mau lalau apa selalu loading mau bayar tlg bantu lancar biasa nya,Netral
buruk dulu dana cicil kepake sekarang enggak aneh,Negatif
ngeleg d bayar protection jawab ana mohon maaf bukan live chat proses hampir jam lebihh lama lama bikin buruk pakai aplikadi dana kata uang waktuuu padahal jaring stabil mau pake data wifi sya hari buruk anjingggg,Negatif
lumayan bagus,Positif
aplikasi dana memang bagus ko sering banget suruh masuk ulang vermuk terus padahal baru aja vermuk berapa lama vermuk ini emng kaya gitu gimana ka,Positif
bagus,Positif
fitur dana cicil kenapa belum ya pdahal premium,Netral
makin susah mau hub customer carenya ada problem bisa lalu email proses lama,Negatif
tidak transaksi bayar ambil kirim tidak sistem loading terus terus biar menit tetap loading akun baik bagai guna aplikasi dana tidak nyaman masalah tolong baik segera,Positif
dana tidak kayak dulu aktif kan langkah kode verifikasi tidak kirim email kyk dulu masak nomer lama nomer lama ilang mau ganti nomer masa transfer data uang tidak ikut pindah uang lama juta an libih dana baik masalah nya tahun tahun pake dana kalau ada kantor dana jawa tengah enek kantor di jkt masa benerin ke sana,Negatif
uang kemarin malam hilang sebab hubung layan dana tapi tetep uang tidak kembali,Negatif
sangat bantu laku transaksi,Positif
tidak muas sama sekal layan dana d ganti manusia biar jelas bukan chat bot,Netral
upgrade jd tidak pakai transaksi,Netral
bantu,Positif
sering transaksi sama gunain dana tidak dpt fitur dana cicil,Netral
sayaa hilang uang sendiri kali,Negatif
knpa dana sya tidak tmpil pas bagi mau ngirim mlahn ngebug kya g ad sinyall pdhl sinyal lancar,Netral
d apdet tidak transaksi pake qr lbih d baik,Netral
baik,Netral
padahal pin sama verivikasi muka benar gabisa masuk gara gara nomor tidak aktif,Netral
apa sih g jlas banget limit ad g buat apa bulan kemaren masih d buat beli pulsa,Netral
makin tidak adil sama premium tapi fiturnya yang tidak lengkap,Netral
sanggat baik,Netral
aplikasi bagus cuma sayang tidak fitur pinjam kalah maju sama aplikasi ewallet lain,Positif
kaka ko uang dana ke sedot gogel mohon maaf butuh banget uang dana nya balik,Netral
lambat banget,Negatif
ya makin kesini aplikasi dana tuh makin gajelas saldo tbtb kurang pdhl gaada transaksi akun tangguh akun belum pakai susah log in ngechat ana tidak ngebantu apa tlpn layan ngejelasinnya gaada hasil payah ewallet teribet,Negatif
kenapa mau kirim uang tidak padahal akun premium,Netral
di aplikasi dana sya belum banyak fitur padahal dana premium jadi bintang dulu klau ada fitur baru di kasih bintang,Netral
very nice cuman layan nya aja susah banget hubung,Negatif
ngbug teruss,Negatif
ingin hapus akun nomor hp tidak aktif harus kirim otp nomor hp kan nomor tidak aktif gimana cara lihat tidak kasih pilih kirim otp kirim nomor hp kirim email coba beritahu untuk hapus data dana nomor hp tidak aktif tidak dapat otp nomor tidak aktif,Netral
halo kak tdi alami msalah slah kirim dana padahal teman tidak punya dana ovo,Netral
kenapa sekarang tidak buat buka emoney jenis dah udahupdate aja kgk,Netral
sedikit lambat masuk kalu yang kirim kalau tidak langsung buka aplikasi tapi aplikasi sedang aktif langsung masuk,Negatif
aplikasi dana knapa dari tadi pagi smp sekarang tidak transaksi,Netral
bagus,Positif
lagi min kalau beli aplikasi tidak perna gagal bayar bagus up tidak perna eror semua lancar uang langsung potong tapi heran nya kalau mau tarik dana selalu eror gagal trus hari min,Positif
lama mengguanakan aplikasi dana transakssi biasa nya lncar skrng tdak bsa transaksi akun dana premium,Netral
aplikasi todak kirim uang padahal uang,Netral
bagus up pulsa x hari sama selalu rusak masuk yang lanjut selalu proses nunggu hari gila bet gitu potong dulu uang nya pulsa belum masuk baik tuh,Netral
habis d ufdet jadi lambat untuk kirim nya susah bngt,Negatif
mau transakri ko tidak kenapa padalahl sinyal bagus tapi muter terus uninsatl app lalu pasang tetep tidak solusi gimana,Positif
uang nomor lama tidak pindah nomor baru kata nya uang pindah otomatis tapi nyata tidak di pindah nomor baru uang dikit aja tidak di pindah apa uang nya banyak,Netral
icon dana cicil keluar tapi tidak buka,Netral
haloo knpa sya tidak trangsaksi udh h tidak trangsaksi gama inih,Netral
kompirmasi bayar loading terus,Netral
tiap transaksi muter terus min jadi tidak transaksi stiap mau bayar muter jaring baik turunin bintangny dl min kalau baik baru naikin,Netral
perangkat sekarang update aplikasi jadi gabisa kirim uang mungkin hp versi lama,Netral
sering nge rusak,Negatif
aplikasi dana tidak koneksi sama kuota bornet xs,Netral
bagus,Positif
cukup baik sekali,Netral
moga manfaat,Netral
biaya tugas kacau,Netral
dana kenapa sih kemarin masuk apl susah syekalihhhhhhh gx masuk ulang kan masukin nomer hp selalu keluar dari apl dana masukin nomer hp kya gtu sudah minhgu kya gitu terus gimana mau chat ana wong baru masukin nomer hp kya gtu,Negatif
aktivitas tidak di buka,Netral
kalok kalok limit pemberitahuan dulu bukan sukses dulu jadi biar tidak rugi berapa kali orang ngirim gagal tpi uang udh fi kasih,Negatif
sangat baik,Netral
bantu kenapa akun dana tidak konfirmasi bayar padahal mau beli pulsa tolonh bantu min,Netral
malah nge rusak,Negatif
wow dana makin bagus nov adu lalu ana akhir selesai sendiri bantu pihak dana,Positif
sya lama guna aplikasi kok tidak muncul dana pinjam,Positif
lumayan mudah guna,Positif
aplikasi ribet mau loginn aja susah minta ampun kendala no hp hilang,Negatif
bagus,Positif
baik layan nyaman aman guna aplikasi dana terima kasih,Positif
jadi jlek abis update bkn y makin bagus malah mkin jlek transfer rek bri x dana tidak yang masuk uang y tapi uang dana y potong gmna coba kmna uang coba,Positif
update jadi tidak transaksi sana sini beli paket pulsa tidak transfer nomor tidak qris tidak sinyal lancar sudah coba ulang kali tidak hanya loading terus terus segera baik,Positif
malah tidak transfer haaduuuh,Netral
tidak min udh ikutin saran ttp tidak,Netral
sangat bantu kasih bintang dulu,Positif
baguss,Positif
uang potong tiba upgrade tan buat tidak ambil sisa uang potong dana kurang terima uang kurang sendiri padahal tidak di pakai gitu malah bikin upgrade an mana ingin ambil uang sisa potong dana kadang harus upgrade terus padahal sudah premium jadi tidak bisa kirim uang lewat nomor telepon qris tolong dong tuh dana kaya gin aja,Netral
ko sering upgret skrng,Netral
sangat bagus,Positif
buruk dana cicil tapi tidak di diaktivasi,Negatif
halo kenapa tiba bayar langgan saya udh batalin jauh hari tpi msih bayar gmn sih gmn rafund ny di google gd riwayat transfer brrti dana,Netral
dengan aplikasi g di bukak,Netral
suruh tunggu berapa mau samapi kapan butuh soal no hilang premium baru suruh nunggu tapi lama banget,Negatif
kapan akun ku danacicil,Netral
kenapa mau lupa pin minta wa terus update atas perbaikin lah bisa otp nya sms,Netral
sering rusak kl mau payment tiktok shop pdhl udh verif tp ttp aja lgi,Netral
ko load mulu,Netral
bagus,Positif
moga sukses selalu my dana,Netral
bagus bantu tapi dana cicil tidak d menu kenapa hal udh pers baru trus,Positif
gimana sih dana cicil tidak naik bayar lewat tokopedia tidak padahal tidak pernah cicil apa lewat dana cicil kait e comemers tidak aneh,Positif
masukin nomor malah eror,Netral
tidak jelas tiba tiba tidak buat transaksi apa apa bayar tolak alas aman pas buat lapor tidak tanggap,Positif
bagus hebat bagus kali,Positif
rasa yang baru nich,Netral
ingin lihat riwayat transaksi tahun kok tidak gimna solusi mohon bantuanya donk,Positif
dana cicil tidak guna padahal limit,Netral
lapor transaksi sering rusak di baik,Negatif
awal nyaman maka tapi tidak tau tiba tiba akun beku pihak dana uang tidak di tarik sudah buat lapor tapi tidak tindak pihak dana sudah berapa hari buat lapor belum bisa transaksi di aplikasi dana uang saya hangus,Positif
maaf kasi bintang aja dana guna hari pihak dana tidak pernah keluar pinjam guna nya saat tentu terimakasih,Positif
buruk,Negatif
lah masa abis update mlh g transfer g ngrim tolong dong min benerr duit g bsa ambill rusak apa,Negatif
aplikasi bagis,Netral
aplikasi dana ya laku update versi malah sama sekali tidak untuk laku qris transfer kasih bintang,Netral
kanapa jadi rusak nh,Negatif
ko jdi lambat keluar sendiri sekarang tidak di buka aplikasi nya sangat buruk,Negatif
sangat cocok guna,Positif
baik,Netral
aplikasi rusak update masuk susah cuma mentok masuk aja baik rusak nya,Negatif
bagus,Positif
layan dana sekarang sangat kecewa akun dana sampai ini belum di buka,Netral
uang pernah hilang sini,Negatif
dana payah sedia dana cicil tapi klik tidak pencet aktivasi sekarang terus buat apa adain dana cicil akun dana,Netral
tidak buka dana goal yah mau simpen uang sanah tp malab eror trus,Netral
baik sangat bagus,Positif
sangat guna,Positif
bagus semua cuma dana tidak muncul fitur dana cicil buruk,Netral
cukup bagus,Positif
knapa aplikasi dana tidak dana cicil,Netral
kenapa dana tidak tarik uang dana goals nya selalu gagal baik kasih bintang dulu soal kemaren belum dibetulin,Negatif
aplikasi masuk akal masa iya fitur dana cicil dana instan muncul akun lama premium transaksi tiap hari tapi tetap ajah nggak muncul fitur dana instan dana cicil,Netral
aplikasi dana sangatembantu,Netral
riwayat bayar tidak update bayar makan masa nungguin jam dulu buat liat riwayat bayar,Netral
di bantu dana cicil tidak di klik aktivasi sekarang,Netral
mau ganti nomor tapi lupa sandi nya tunjuk nya nomor lama hilang ken ganti baru,Negatif
dana cicil tidak buka ya,Netral
makin kesini makin loading makin lama guna jadi tidak satset kayak dulu jadi payah sih aplikasi dana padahal guna setia buruk jadi pakai aplikasi,Negatif
sangat baik,Netral
oke,Positif
tidak buka riwayat,Netral
pas mau bagus up shopeepay enggak mulu dong baik muak kesel banget enggak bisa perlu banget ni,Positif
aman mudah proses tidak ribet praktis suka,Positif
kenapa aplikasi dana gabisa buka pulsa data terus gabisa buka riwayat transfer ana dana gabisa buka,Netral
banyak maling dana,Negatif
kok aplikasi nya update terus sama leck,Positif
menu dana cicil sedia tidak laku aktivasi bantu bisa guna terima kasih,Netral
dana limit selalu tidak muncul padahal tidak pernah telat bayar sudah dilunasin match tempo tapi sekarang limit tidak sedia selalu,Netral
sekarang nyimpen uang dana suka hilang jelas,Netral
bagus,Positif
sudah lama pakai aplikasi dana tapi aneh tidak fitur dana cicil,Netral
fitur dana cicil tidak jelas punya limit uang dana cicil eh kaga di pake,Netral
susah banget mau pindah akun,Negatif
transaksi cepat,Positif
cara dana cicil gimana mohon bantu nya man teman,Netral
ko dana tidak ke buka d hp oppo a f,Netral
mau masuk dana tapi loading lama,Netral
gj pindai wajah gajelas padahal jelas jelas muka liat suruh ngedip bisa malah gagal gajelas,Negatif
itung itung nyelengan jg masa depan,Netral
aplikasi butut uang tidak di ambil dan tidak di transfer,Netral
akun dana tidak buka,Netral
baik,Netral
lumayan,Netral
suka ngleg pas mau kirim uang,Positif
baik,Netral
untuk pihak dana baik aplikasi buka dana guna data seluler tidak pernah padahal kuota jaring sinyal lancar saya buka aplikasi bisa tapi cuma dana tiap buka selalu ada tulis koneksi internet putus,Positif
download tidak ya langsung pending terus ke awal masuk,Netral
kenapa beli pulsa batal,Netral
bagus,Positif
oke,Positif
begimana saya nyoba mindahin uang dana dana biasa masa kagabisa padahal verifikasi wajah penter banget layar hape masa iya kga tolong dong ubah kalau mau mindahin uang pake pin aje,Netral
turun bintng dulu karna hari qriss bisnis belim selesai buat butuh buat bisnis karna sering pakai dana kalau gin mungkin tidak pakai dana soal butuh banget apak qriss langgan kalau dari luar negri jadi mohon di selesai dana atas nama usman herman pakuagam macak nama dana bisnis bukan will store,Netral
kartu tidak atif harus pake kode otp,Netral
aplikasi bagus harap aman meni gkat,Positif
sangat bagus,Positif
cukup bagus,Positif
kurang paham,Netral
tidak aman akun apliksai slalu kondisi masuk,Positif
saat bayar minimal notif jangan lasung bayar uang sisa k padahal mau simpen malah potong buat bayar tidak jelas sisa uang k sakit hati wok,Positif
cukup bantu,Positif
di up date kok malah susah log in,Netral
saya tidak akses danapaylater,Netral
diroot maksud gimana kok bisa buka sekarang,Positif
dana playlater tidak pdhl sudah pakai aplikasi dana cukup lama,Netral
dana ngebleng sekarang,Netral
tidak dapat fitur dana cicil saya guna aplikasi dana sudah lebih tahun loh hadeh,Netral
aplikasi mudah kan ber transaksi tapi sayang sekali fitur nya pilih kasih fitur dana cicil dana instan pilih kasih buat jadi iri,Positif
kurang cocok bisnis dini soal dana premium,Positif
tolong baik beberapa rusak soal dapat kendala ingin bagus up game jadi masalah beli dana mungkin sampai limit silah kunjung dana padahal baru pertama kali bagus up game juga kadang bagus up beli lebih uang mohon isi ulang isi uang ratus pas bagus up cuman k,Negatif
bayar dana cicil tpi notifikasi tagih nya masuk terus bikin jengkel sih,Netral
k mau tanya kata tmn nyipam uang dana banya di bobol kata memang benar k,Netral
tidak masuk akun karena nomer ny ilanh padahal udh aktifin paskey,Netral
aplikasi dana bikin buruk apdate sebelumx dana cicil dana di pake buat beli pulsa sekarang malah tidak tolong balikin kaya mula donk dana cicilx di pake buat beli pulsa lau tidak maaf kalu bintangx q kasih ingat aja dulu di baik lagi balik kaya mula tolang baik tidak jdi bintang nilai q,Negatif
fitur livechat nya belum jam asuransi layar retak rugi guna uang potong tapi asuransi tidak pernah guna,Negatif
aplikasi nya bagus di update malah errrrooorrr mulu selalu balik menu awal gmana sya sngat butuh kan aplikasi,Positif
kok di updet masalah,Netral
muncul dana cicil,Netral
ya dana cicil tidak muncul padahal sudah lama pake aplikasi dana cicil,Netral
aplikasi rusak,Negatif
dong rusak connection eror nya baik masa di pancing pake wifi terus buka dana sekarang dana malah banyak rusak nya sih tidak kaya dulu aman aman aja,Netral
lambat transaksi tunda,Negatif
kok sekarng qlo mw masuk kdana susah nomer nya bener tpi tidak verifikasi wajah nya lama banget kembali ke awal,Netral
bagus sih tapi mau masuk nomer tidak aktif selalu minta kode otp padahal belum tidak pernah minta kode otp cukup verifikasi wajah sama kode pin cukup masuk,Positif
bagus,Positif
nice,Netral
suka,Positif
dana cicil tidak muncul,Netral
hai dana dong baik buat hp j prime samsung susah buat masuk,Negatif
beberapa hari lalu ponsel riset terus kan ada uang dana hp ku kenapa tidak masuk akun dana padahal kan pin no nya benar tapi bom masuk masalah apa apa aplikasi eror,Negatif
ada masalah akun dana,Negatif
mulai spam,Netral
makin kesini makin banyak potong,Negatif
bagus,Positif
manfaat banget,Netral
aplikasi dompet digital simpel bagus,Positif
fitur dana cicil tiba tiba hilang,Negatif
dong baru dacilnya buka fiturnya layar putih sama tidak aktivasi,Netral
bagus dana hebat,Positif
kenapa saya laku lunas langsung semua dana cicil pas mau make malah gabisa,Netral
bagus,Positif
aplikasi bejat masuk mumet tok ae,Positif
lihat aktivitas selalu kendala tidak lihat catat dana masuk,Negatif
ko akun tidak fitur dana cicil sama dana instan padahal udh sering transaksi lewat dana ko tidak ya min buat fitur di akun,Netral
ya akun qu tidak masuk padahal kan bener,Netral
gara gara hapus terus mau masuk malah kaga aplikasi kaga jelas mana kata aplikasi dompet digital baik indonesia tapi malah sering ngebug,Netral
tidak masuk jaring masalah coba,Negatif
dana cicil tidak,Netral
benar lumayan bantu tapi sayang nomor saya pakai tidak aktif hilang mau masuk tidak karena tidak terima otp lapor pusat bantu sudah ikut langkah nya tetap tidak di buka mohon bantu cara masuk akun kode otp,Netral
mohon bantuanya suda ikut daftar dana premium tapi jam dana masih belum preminum mohon bantuanya,Netral
ngk buka detil bayar,Netral
isi ulang uang mau masuk verifikasi layar malah ngeblank warna hitam gabisa buka,Positif
dana cicil tiba laku aktivasi,Netral
kurang aman,Positif
belum terima email pihak dana kait pindah akun,Netral
kanapa tidak punya menu dana cicil,Netral
gajelas baget badahal uang lebih tapi tulis dana tolak bayar jumlah lebih batas transaksi periksa akun dana atau pilih metode bayar ajar lebih lanjut or pfgvem,Netral
dana cicil tidak pakai,Netral
sedih tahun tahun pake dana tidak pake dana instant dana cicil huhu,Netral
uang tiba tiba potong sendiri padahal tidak laku transaksi langgan google play,Netral
kok tidak kayak dulu saya ku hapus dana trus lupa pin trus dlu reset kok tidak tolong min,Positif
semenjak dana cicil saya kirim pakai dana biasa tp ke kirim dana nya pake dana cicil belum hari ada tugas uang jatuh tempo lebih,Netral
hp habis root pakek aplikasi dana terus gagal loding akun dana,Negatif
sangat bantu,Positif
baru coba dana,Netral
tidak dana cicil padahal sudah banyak laku transaksi,Netral
bagus aman,Positif
aplikasi bagus tapi ya kalau mau bagus up harga lebih kecil saldo selalu gabisa,Positif
tiba tiba aplikasi masuk muncul tulus aplikasi baya beli toko tidak resmi itu keluar sendiri sudah updet kali kali uninstal jg msh sama untung saldo tidak banyak mohon bantu penyeleseannya,Positif
aneh kadang geh aplikasi nya limit dana cicil sedia masa pake tidak bizaa kan aneh,Netral
mau transaksi rusak terussss,Negatif
lumayan,Netral
tidak masuk beranda nge bub terus sangat buruk,Negatif
dana insan tidak muncul padahal dah tahun pake dana,Netral
bagus,Positif
kok malah susah sih diuprage nya inj,Netral
fitur dana instan tidak di cair kan gagal trus ini,Negatif
saya tidak fitur dana cicil,Netral
tak kasih bintang dulu lah kalau dana cicil dah acc bru bintang,Netral
hp redmi c tidak masuk belum aman aja mohon di baik rusak nya,Netral
halo kak kendala salah transfer sama dana gmna yaa balik tidak udh hubung customer service tpi belum ada jawab puas gmna yaa,Netral
kenapa kok uang nya nga ubah ubah gitu nga qris sama kirim,Positif
bagus,Positif
sip bagus cepat,Positif
cukut baik,Netral
buset dri kemaren tidak masuk kohh keluar keluar trus payah nii lama klamaan dana niih,Netral
pertama kali transfer bca tidak masuk mau hotline tidak masuk masuk kendala apa,Negatif
kalau apl pake malah tidak masuk transfer stiap yang mau kirim saya dana tidak masuk kenapa yahh,Netral
lumayan sgat guna,Positif
transfer nomer lewat dana tapi tidak masuk padahal ada bukti,Netral
aplikasi dana sangat bagus cuma tiap kali bagus up sllu potong,Positif
enggak masuk tiap masuk lagi halaman awal gimana,Positif
gabisa ngirim uang atau laku bayar jujur ganggu banget buat sering guna dana saya coba minta bantu ana tapi selalu hirau alas banyak yang hubung mohon banget kinda disappointed karna tidak satset tanggap padahal minggu lebih,Netral
lumayan cukup bagus cuma sayang dana punya ku tidak dana ciclan pinjam,Positif
aju dana cicil selalu tolak kalau tidak niat buat kasih pinjam tidak usah adakan dana cicil,Positif
dana viz perlu hipangkan masa gagal terus jelas muka sama ug daftar tapi tetep aja gagal,Negatif
bagus,Positif
mohon baik apalagi rusak transfer bank e wallet masa ganggu mulu tiap mau transfer kalau kayak gin kan nyusahin akses cepat apa,Netral
pernah unduh tp hilang,Negatif
dana cicil nya tidak mau nongol,Netral
kok aneh skrg dana isi ulang kena potong salo perak makin kesini pajek mulu heran,Positif
gimana dong dana hari tidak masuk terus mana saldo k tidak terus masuk,Netral
bisa bagus up roblox lancar,Positif
jujur sa at alhamdilillah aman ajah semua transaksi pun msh wlw td lgsg cuma kendala saya belum ngerti qris td di unduh pdhl nya semua cr ku coba tp ttp td,Netral
transaksi bpjs ketenagakerjaan bayar atau bulan harga sesuai mau bayar bulan harga tera tetap harga bulan ini jadi perhati cepat segera baik untuk maju aplikasi dana sendiri terima kasih,Positif
min serius nanya kemarin bagus up besok buka dana nominal hilang ada transaksi apa,Positif
tapi belum milik dana pinjam,Netral
temen kirim uang uang jga potong rupiah buruk inh temen kirim total biaya wajar tidak wajar ko uang jga ikut potong,Negatif
bantu boss kok ndak buka sama sekalli di update baik boss bagus thanks,Positif
tidak aktivasi dana cicil fitur nya ada tp saya tidak aktivasi sekarang,Netral
aplikasi nya bgus tpi uang ku ad dana hilang pdhl tidak pernah transfer siapa,Negatif
bagus,Positif
dana ini gimana cara ganti verifikasi wajah nya apa tidak di ganti sesuai foto yang di ktp,Netral
ada beli kuota dana tpi belum hbis kok udh g,Positif
baguslaa,Positif
aplikasi dana tidak fitur dana cicil dana paylater bantu aktif muncul,Netral
suka,Positif
bagus,Positif
sekarang dana loadingnya lama bnget trs dah msukan no hp tidak msuk muncul warna lyar item,Positif
dana cicil belum ada transaksi beli pulsa sering,Netral
lama pake dana tp tk punya kawan punya paylater,Netral
aplikasi dana hp eror terus tidak pake jaring data sendiri mau transfer ngewifi dulu baru jaring stabil rumah tidak punya wifi,Netral
aplikasi pilih kasih jarang transaksi malah dana cicil dana instan nya sering transaksi malah ada,Netral
akun dana gi erorr,Netral
mudah simple pakai dana,Positif
kirm uang baru kemarin uang tidak terima terima tapi notifikasi sudah terima,Netral
bagus,Positif
kok dana tidak buka aktivitaa yahh gimana kalau tagih listrik bayar tapi tidak nomor,Positif
sering eror kirim uang,Netral
di baik,Netral
kasih mulai aneh ni aplikasi buka tidak,Netral
mohon baik bagi scan qris sering ganngguan mau scan tidak guna scan nya,Positif
bagus aplikasi nya bos,Positif
sayang aplikasi dana tidak pitur dana playleter nya,Netral
mantep,Netral
tramfer skrg kl no krg aja acc dulu uamg,Netral
dana tidak masuk,Netral
kalau kartu hilang nomer nya tidak pake wa gimana cara masuk tampa otp,Negatif
koo aneh kan padahal sudah ketik lupa pin tapi pas ganti tidak itu gimana iya kan lupa pin jadi ketik lupa pin pas ganti tidak malah lagi nomor dana nya,Netral
gabisa masuk malah keluar terus di upgrade,Netral
bagus sihh,Positif
beberapa handphone masuk android aplikasi dana terlalu lambat pertama kali buka tanggap aplikasi terlalu lambat ingin transfer,Negatif
sangat bantu,Positif
bantu aplikasi dana tidak di buka satu minggu lebih,Netral
aplikasi nya sering ubah bahasa sendiri,Netral
bagus tapi limit isi uang perlu ubah masa cuma jt bulan,Positif
tidak usah ngadi deh minta baru data kok maksa banget bagi kerja isi malah opsi jabat acara doank terus orang kerja bukan tidak pakai dana gitu trus gmn irt tidak juga,Positif
kasih bintang kalau fitur shopee,Netral
sudah lama pake dana utama dana cicil tidak pernah bayar telat tapi sekarang dana cicil tidak dipake percuma donk pake dana kalau tidak pake paylatternya pokok tunggu baik cepat,Positif
fitur dana cicil belum keluar,Netral
akun dana proteksi,Netral
najis kasih bintang tiga karna rasa bodoh fitur fiturnya dong depolover benerin tuh fitur dana deals cekin hari situ tulis dapat uang dana pas saya klam malah dapetnya cmn transaksi ewallet tolong dong biaya adminya di kurang,Netral
ngelunjak update mulu dikit update,Netral
bagus,Positif
oke,Positif
sangat bagus,Positif
aplikasi dana sangat muas,Netral
aplikasi sering keluar tiba tiba,Netral
bagus,Positif
bagus,Positif
min bantu dana supaya dana cicil yah nati tambah bintang,Netral
dana cicil muncul tapi tidak di aktivasi,Netral
biaya tugas tidak kaya aplikasi warna oren gratis tugas,Netral
update aplikasi makin susah buat masuk yang malah keluar dn kmbli awal mulai guna aplikasi tolong baik develop di aplikasi ada uang saya masuk aplikasi jika masuk aplikasi gua kasih bintang sekarang gua kasih bintang dulu aja oke developer aplikasi,Positif
akun tidak buka nomor tidak aktif mau daftar baru eh kartu lain tidak bis bagaimana,Netral
akses dana cicil belum,Netral
dana cicil di beku apa di baik supaya di guna,Netral
ribet sih dana masalah masuk kalau kartu hilang susah dapet otp mau ganti sama no baru susah karna ada aset kata jadi hapus aja cape ada tiket masuk email tiket pindah akun tidak juga,Negatif
bintang tiga dulu bru bintang lima,Netral
sekarang pake kode otp padahal pin benar verivikasi wajah benar di suruh pake kode otp kasi no hp nya hilang tidak masuk dana,Negatif
bagus,Positif
aplikasi tidak log in no hp ilang tidak terima otp,Netral
dana saya mau masuk akun masuk kode otp via email biasa langsungg masuk padahal tidak imelnya buat masuk otp di jelas terima kasih,Netral
update mulu hampir tiap minggu,Netral
bagus,Positif
saya chat ana tapi tunggu konfirmasi dulu mohon proses cepat,Positif
kurang bagus,Positif
terinstal tapi tidak di hape aneh,Netral
cara cek uang tarik tunai,Netral
limit dana cicil nya kecil bngt padahal udh sering transaksi bayar selalu tepat waktu cuma dpt limit rb,Netral
lucu teran saksi sendri jdi hilang duit nya gimanah nih aplikasi,Negatif
dong min slalu penuh aja kalau mau transaksi masa iya sllu susah kalau pake quiris selalu penuh kadang muter aja lama tidak transaksi asa dulu tidak gin coba baik min biar sllu trnsaksi,Negatif
kok gabisa yaa udh dicatet nomernya malah yang pertama,Positif
jangan limit lah buat isi ulang nyusahin gilir mau bayar cicil susah,Netral
halo min bagaimana cara pindah akun uang dana lama nomor baru tidak masuk nomor dana lama sudah tidak aktif sehingga tidak dapat kode otp beritahu langkah yang harus ambil lanjut,Netral
tools affilate dana tidak lagi aplikasi dana ya coba baik dong min,Netral
aplikasi dana gimana si coba nabung emas tapi sekarang emas tidak buka bagaimana ni minn mana lumayan,Netral
baik,Netral
aga tidak bagus soal beberapa kali bagus up dana nya tidak masuk bagus up nya lumayan banyak,Positif
maaf bintang dlu soal fitur dana cicil tidak di buka jadi tidak aktifasi kalau transaksi lancar cm pernah sekali hilang dana hampir rb keluar bayar t p pdhl tidak punya aplikasi t p,Netral
tidak dapat fitur dana cicil akun dana padahal akun sudah lama premium sering guna transaksi,Netral
bagus si tapi sedia dana cicil dina pakai,Positif
bagus,Positif
ringkas,Netral
min nomor sudah tidak aktif tidak terima kode otp biasa nya masuk pake pin langsung buka segala pake kode otp ribet bnr min lah min dana skrng gausah pake kode otp tinggal masuk in pin verifikasi wajah min susah masuk dana nya no saya sudah tidak aktif,Negatif
kirim teman dana belum masuk gimana atas,Netral
tidak muncul dana instan padahal sudah update dana premium,Netral
bagus,Positif
cara akun perangkat baru proteksi,Netral
keamananya d kuat akun ada sadap uang curi orang tanggung jawab lapor udh layan dana tp gada tanggapn sampe sekarang tanggapanya suruh nunggu,Positif
gimanaaa woyy cara narik dana plus,Netral
bagus,Positif
bagus up make uang administrasi masuk dana potong perak,Positif
punya tidak buka gimana,Netral
sangat bagus,Positif
knpa dana cicil tidak muncul padahal di baru,Netral
dana anjig tidak di pencet kode qr,Netral
tidak fitur dana cicil pinjam uang padahal akun lama premium,Netral
suka dana karna fiturnya bagus bagus tapi hal bikin kesal selalu gagal upgrade limit padahal sudah benar di pulih dana karna butuh qris jual,Positif
kenapa tidak masuk si allah ampe gondok banget pen banting ni hp,Positif
kasi dulu nnti kalau masuk tidak pakai otp kasi bintang kalau kali bantu dengan baik kasi bintang uang bnyak tapi tidak bisa buka pakai verifikasi muka,Positif
kurang kualitas,Netral
fitur dana cicil tidak ah tipu,Netral
kasih tiga dulu,Netral
bagus sangat bantu trimakasih,Positif
sering aktif dana sering transaksi tapi fitur dana cicil tidak sedang jarang aktif aj pdahal udh premium,Netral
rada lambat akhir moga baharu,Negatif
hp dana nya tidak keluar semua fitur dana baru padahal premium,Netral
apl selalu ngebug balik setel awal selalu minta ganti nomor di baik,Negatif
baik,Netral
baru prtma kali pakai dana mau ambil rb tpi tidak tulis tarik uang dana ada tarik tunai ketika klik tidak dan loading lalu beranda tlong balas sya btuh jelas sya bru mke tgl desember premium,Netral
bagus,Positif
moga lebih aman,Positif
puas,Positif
ka knapa punya q gx masuk dana mental mulu,Netral
daftar selalu suruh log in akun padahal saya ingin daftar,Netral
tidak di install,Netral
di baik dong masak dana cicil di bayar terus tidak di pake,Netral
bagus,Positif
tidak menginstal lah baik,Netral
sangat senang,Netral
suka keluar sendiri,Positif
sangat mudah bagi,Positif
bantu nya ken narik dana saya,Netral
lancar terusss,Positif
masuk tidak masuk masuk knapa dana jadi gin,Netral
aplikasi rusak tidak update sllu balik balik terus rusak buruk kalau masuk trs capeh buruk tidak mulus aplikasi,Negatif
belum muncul dana cicilnyaa padahal udh traksi banyak udh pernium,Netral
sangat bagus,Positif
mohon sedia bahasa indonesia tidak semua orang ngartikan bahasa inggris,Netral
aplikasi dana untuk ubah operator nya lebih garcep tangan kendala layan utama segi aman,Netral
bintang dulu kalau kedepanx lebih baik tambah bintang makasih,Netral
baru coba moga aplikasi bantu,Positif
baik,Netral
ngeleg,Netral
dana mmbuatku mudah mlkukn tranfer banyak,Positif
aplikasi masuk nya susah banget kalau ngambil pin malah balik menu awal trs banyak rusak lain bikin capek chat asisten dana sama sekali tidak ngebantu dong baik rusak nya jangan nya cuma ngasih saran doang,Negatif
sangat baik,Netral
sering nge rusak tidak rekomen,Negatif
punya tidak dana cicil,Netral
proses tidak muas upload hari tidak deal mohon jelas terimakasih kasih,Netral
kok jadi begini woii sering ngebug,Netral
tes bintang dulu,Netral
aman nya lebih tingkat kan aplikasi baik sangat bantu,Positif
mau masuk akun no hp tidak aktif saran pindah akun tapi selalu gabisa makin kesini makin gajelas dana paraahh,Netral
cukup bantu transaksi,Positif
aplikasi dana tidak di buka,Netral
kalau dapat hadiah baru kasih bintang penuh,Netral
dana baik buat urus lagi tetap,Netral
riwayat transaksi eror terus,Netral
sangat mudah,Positif
aplikasi dana guna ini toko aplikasi tidak resmi data aktivitas kamu ini risiko informasi pribadi akses pihak tidak tanggung jawab maksud gimana min kok gabisa buka padahal instalnya lgsung app store disni,Positif
dana goals sering tidak di buka di baik,Netral
tidak di buka,Netral
buruk dana cicil muncul tidak guna buat apa di munculin,Negatif
ma af ka ko tidak masuk tulis jaring masalah padahal pake wifi buruk,Negatif
aplikasi nya rusak buka dana malah kata koneksi internet putus padahal baru isi kuota tapi kalau pake hospot orang malah,Negatif
kemarin masuk kok lagi menu iklan padahal butuh banget buat transfer uang di baik cepat saya coba kak tetap ke iklan,Positif
cepat buat transfer,Positif
sekarang kalau masuk segala pake kode otp padahal dulu tidak pernah cukup vermuk sama pin aja sekarang akun dana tidak buka masih sisa uang ngajuin mohon lewat email tapi tidak balesan,Netral
telah update kirim rekening bank tidak ya,Netral
bantu upgrade dana premium,Netral
tidak terlalu jamin cashback karena uang dua orang tua x hilang uang baca an sedang proses total uang sudah kurang mohon tingkat soal lindung uang,Negatif
kenapa didownload kenpa tidak layar hp baik sudah ke play store mau buka aplikasi dana,Netral
dana cicil nya ntah kek mana,Netral
tidak download dana,Netral
bagus cuma dana cicil tidak,Positif
tidak masuk,Netral
donlod nya lama akhir dana sring eror,Netral
bagus,Positif
kok sekarang transfer bawah rbu potong yaa dulu aja tidak potong transfer berapa huuff kalau kaya gin rugi loh baru ya min,Netral
uang ambil google one lumayan besar rp lebih saat tidak di kembali padahal bagi cara ku urus tetep nol hasil,Netral
ngebug tidak maksimal dulu,Negatif
dana nya tidak buka saya udh brp kali masuk memori padahal banyak bisa jelas,Netral
abis update malah nge rusak padahal jaring aman woyyyyyy gimana nih,Netral
punya tidak liat pesan contoh abis transaksi tapi tidak liat tanda bukti nya kan jadi susah ya baik,Negatif
eror tiba tiba,Netral
buruk,Negatif
aplikasi apa cuma punya aja tapi rasa berat banget loading nya koneksi bagus hp mumpuni mau pilih beli pulsa proses nya lama pilih beli paket data tidak muncul pilih lai cuma loading ya tidak sat set lah trims,Positif
buruk saya guna lama namu fitur dana cicil dana instans nya tidak muncul,Negatif
kirim nya cepat,Netral
masuk nya susah,Negatif
apa aplikasi dana kanapa selalu suruh muat ulang jadi masalah koneksi padahal jaring baik baik saya laku semua clear cache update versi baru restart hp tapi tetap seperti bahkan ana tidak hubung dichat,Negatif
bagus,Positif
dong developer ngebug mulu update malah tambah rusak mau kasih bintang tpi ada kendala di apknya malah nyesel update,Negatif
kendala gabisa tarik tunai,Negatif
bagus up dana lewat m bangking bca tadi malam sekarang belum masuk uang bca sudah kurang mau kapan tunggu uang masuk harap jawab baik pihak dana,Positif
mf saya tanya nada lemah lembut dana makin kesini makin ngaco aja padahal belum tidak kya gin d dana bisnis masa tidak d tarik k personal saya alami ini tidak tarik uang tidak livechat tidak buka pesan tidak cek riwayat transaksi baik,Netral
bagus,Positif
baik,Netral
buruk berat mau narik uang dana goals sesuai target malah tidak di tarikk,Negatif
turunin bintang nyaa aplikasi nya rusak sering pake buat upload qris malah keluar sendiri terus an itu kalau gada solusi nya ganti yang,Negatif
maaf kak update malah ngebug terus baik,Negatif
oke,Positif
udh bagus up game mobile legend kata ny dpat skin tpi udh bagus up kok tidak ad skin ny,Positif
dana cicil tidak muncul padahal aju,Netral
bagusss tapi suka lama pas transaksi ny,Positif
proteksi extra adalah wajib pihak dana buka jual paket proteksi xtra murah akan dana kurang aman kalau mau aman beli paket proteksi,Positif
sangat susah tidak malah muncul aktif dana cicil padahal akun premium sudah hari transaksi akun sudah tahun buruk sama dana,Negatif
bos kok dana ega masuk bos uang kirim dana tapi uang nya belum masuk dana apa ganggu bos dana saat,Positif
fitur dana cicil tidak laku tidak pakai akun tolong di benerin padahal limit rb tapi tidak pinjam uang dana cicil sangat tidak muas,Netral
aplikasi ku ngakada dana cicil,Netral
lunas bayar dana instant dana cicil jadi tidak di guna,Netral
suruh tingkat aman tapi sidik jari tidak di aktif,Positif
dana cicil ko limit belum cukup padahal premium sering transaksi lewat dana,Netral
sangat bagus,Positif
gimana cara ada fitur dana cicil padahal dah lama make aplikasi dana selalu update,Netral
sya beri bintang karna kali sya bagus up selalu muat ulang akun,Positif
ko tiba tidak log in malah krluar dari dana ko dana kaya gin trus tambah buruk mohon bantu terimakasih,Negatif
sekarang g masuk mohon bantu mudah masuk gbisa buka,Positif
lumayan,Netral
bagus,Positif
bagus,Positif
fitur dana cicil muncul tidak di aktivasi,Netral
bos padahal transaksi bulan nya juta guna dana tahun lebih tapi bom dana cicil nya,Netral
voucher tagih tidak di guna di bantu terimakasih bintang saya tambah apabila voucher tagih di guna,Netral
mohon mudah cara hapus aplikasi hubung harus merchant sedia fitur hapus akun permanen guna milik akun dana terima kasih,Positif
bagus,Positif
dana ini sh ko tidak masuk uinstal jg tidak masuk cara gmn om dana,Netral
kenapa nyimpen dana plus abis tidak tarik minggu lebih aneh banget,Netral
suka aplikasi saya transaksi repot beli tanpa repot tapi masalah harusnyaa ketat suka transaksi tidak sah tanpa tahu guna lebih bagus bagus aja tapi kalau transaksi harus butuh konfimasi pihak guna nya biar bisa tau transaksi nya aja,Positif
aplikasi makin banyak problem dana goals tidak buka sering ganggu terus status proses tapi tidak buka makin kesini buruk sama dana mana uang simpan goals semua dana goals gx buka jadi males pakek dana dong aplikasi dana di baik tahun tahun pakai dana baru aplikasi nyusahin banget,Negatif
sangat bantu sekali,Positif
maaf baru pertama download aplikasi karena lebih mudah transaksi isi uang awal ribu jadi ingin transfer shopee pay tak harus upgrade coba upgrade semua perintah nya laku kata tunggu hari guna tapi besok nya pas buka saldo hilang dong solusi nya,Positif
tidak share bukti transaksi ya,Netral
padahal pake aplikasi nya nyaman nyaman aja nya tapi sekarang sering banget uang ilang iya tau ilang cuma ribu ribu tapi kan uang tolong dong baik kalau gin kan jadi takut kalau mau bagus up uang sini,Positif
maaf ka kenap susah banget mau hapus akun dana padahal sudah laku sesuai arah tapi tetep tidak gimana ka mohon solusi ka ka ya mau nambah no rek bri tapi tidak bsa itu kenapa yah ko susah banget ka,Negatif
okeh,Positif
lumayan kk suka pmai dana,Positif
baik,Netral
dana goals sekarang lambat banget aplikasi jadi sering ngebug padahal update terus baik,Negatif
kaka knpa tidak masuk lobin pental trs di bimbing jelas detail ka,Netral
sangat percaya,Netral
kok tablet redmi ped se tidak dukung,Positif
bagus,Positif
gagal masuk masukin pin hasil tapi pindai wajah gagal mulu padahal belum verifikasi pake ktp,Negatif
bagus sih bagus saja kalau mau transfer bank harus upgrade premium dulu itu pas mau upgrade ribet banget minta ampun mana tulis kata ktp nya daftar tapi pdhl tolak terus mksd kmu apa gitu banding aplikasi lain harga pulsa telepon token listrik mahal sekali tolong plis,Positif
telaah update kok gaa masuk blank trus input nomor terus baik jadi tidak nyaman,Positif
limit dana cicil tapi pas mau guna tidak di guna,Netral
akun dana hilang pas download mau premium ktp udh guna orang tolong solusi gimna dana tidak guna orang,Negatif
update malah tidak di akses,Netral
dana sekarang erro sering bisa buka,Netral
dana goals ny tidak di buka padahal baru kemarin sekarang tidak tolong baik,Netral
sangat baik cocok,Positif
maaf kk dana kena suspended mohon timbang di tinjau ulang kk,Netral
dana tidak d baru dimna harus memperui,Netral
yaa lambat sekali bukak aplikasi ny selalu hitam pas mau buak mau bayar jg lama solusi ny bagaimana,Negatif
kok tidak pakai dana cicil,Positif
ada akun tapi pas masuk keluar masuk terus padahal jaring lancar suruh masuk dah masuk akun layar hitam lagi tidak masuk,Positif
fitur dana cicil,Netral
bagus lah pokok,Positif
kok aplikasi bolak balik kayak gangsing g ke buka layar hitam gelap di bantu bagaimana cara,Positif
a reward tidak nikmat tidak klaim apapu,Netral
aplikasi bukan tambah bagus malah tambah somplak tidak buka masuk mau masuk langsung keluar terus buwat masuk gelap gulita di update tidak masuk,Positif
oklh,Positif
ka dana nyh klow long ko hitam sih kk,Netral
makin kesini makin tidak jelas kalau malem mau buat bayar makan malah tidak transaksi,Netral
tiba tiba fitur dana cicil hilang tapi masih tagih gimana cara bayar nya,Negatif
tidak masuk,Netral
bagus,Positif
dana paylater nya tidak muncul,Netral
di update jadi premium dana loadingnya lambat sekali sering ngebug ngelag sendiri di buat klik link baik aplikasi dana loadingnya cepat tidak ngebug terima kasih,Negatif
baik,Netral
sebenernya buruk banget ngajuin pinjam trnyata selalu gada apa lg baru dana cicil boro muncul aplikasi dari awal sekarang tidak pernah dapet walaupun premium nya,Netral
di belum layan dana cicil nya padahal sudah lama pake transaksi sering aneh aplikasi,Netral
dong kak knpa tidak qriss baik dong kak,Netral
dana goals kalau masalah bagus hapus menu investasi orang butuh duit buat ambil aja susah banget isi proses hari lapor ana gila kali jawab robot tidak solusi,Negatif
abis upgrade jadi tidak masuk sudah uninstal trus instal tetep aja tidak masuk,Netral
moga,Netral
aplikasi kocak mau download qris dana bisnis malah pental mulu kocak udh install kali,Netral
dana gbisa buka,Netral
akun dana beku,Netral
masuk kok ngk ya tulis jaring masalah padahal jaring lancar dong gimana mau lapor ana ngk,Positif
tidak muncul dana cicil nya ah,Netral
fitur dana cicil tidak ad,Netral
skrg masuk tidak terus selalu balik input nomor padahal baru update malah jadi begini tidak buka lg coba baik kalau seperti terus tidak mau pakai saya kasih bintang tidak muas,Netral
oke,Positif
makin ribet dah ni aplikasi,Netral
baik,Netral
uang dana goals bisa hilang tiba rusak apa sih trus kapan mncul,Negatif
mulai mulai ngawur aplikasi dana goals benerin,Netral
sayang dana cicil belum muncul,Netral
buruk transaksi hasil tapi uang tidak masuk makin kesini makin kesana,Negatif
tidak dana cicil yah punya,Netral
baguss makin muda buat transfer uangg,Positif
bagus,Positif
buruk nga aman nya kurang,Netral
beri bintang fitur dana cicil tidak di guna,Netral
cara hubung customer service bagaimana sih jangan suruh untuk chat ana yaa sama aja kaya ngobrol sama bot plis lah customer service,Netral
bagus,Positif
lumayan lancar cuman terkadang lambat,Netral
di balikin versi di updeat aja min apknya soal sya sulit masuk akun dana sya bnyak ngeluh nihh guna dana buruk,Negatif
kok yah transfer sendiri dah lenyap deh ku k gara tranfer sendiri google,Positif
dana sering hilang,Negatif
beli kuota dana kendala transaksi uang rang tapi sudah hari tidak jelas apa gimana kalau memang kendala uang kembali,Negatif
sebal sekali check in hari harus dapet gede mesti hilang tiba ulang hari pertama niat bnget mainin orang mana makin hari makin lambat,Negatif
ko g masuk akun dana tolong baik,Netral
bagus,Positif
lumayan bantu,Positif
normal hari doang sekarang malh tidak buka,Netral
kk dana cicil blom kluar padahal selalu aktif transaksi,Netral
bagus,Positif
sayang dana cicil blum,Netral
bantu,Positif
aplikasi dana tidak buka,Netral
simple end bagus,Positif
lumayan,Netral
jadi tidak masuk bintang buat versi lawas up to down jg g makin kacaw aplikasi dana jd ribet duit nyangkut g digunain krn aplikasi tidak di buka,Netral
x kirim uang indonesia malaysia,Netral
maaf mau tanya minjam dana cicil yh udh tidak aktif yah padahal sudah ngelunasin yhh kasih bijak dongg biar bantu banget,Positif
ganti hp baru akun dana hp lama hapus masuk lg di hp baru selfy masuk kata sandi minta nmr whatsapp mslhnya nmr hp whatsapp nya tidak aktif sekarang msh belum masuk tlg bantu nya tugas dana,Netral
sagat bantu,Positif
jadi rusak gin aplikasi dana tidak masuk sih,Negatif
aplikasi lambat kalau mau buka,Negatif
masuk kali baru itu ada loading nya lama,Netral
knpa dana selalu koneksi internet mu putus trs pdhl koneksi bagus tidak ad mslh tpi ttp aja kek gitu pdhl udh bagai cara baik nya liat tutorial yt ttp aja tidak udh copot pasang aplikasi nya ttp aja koneksi internet mu putus,Positif
gabisa claim uang kirim wa yahhhh uang mana nyaa mohon betul supaya gaada ganggu banget,Netral
tidak di buka,Netral
aplikasi dana sekarang susah buat ngisi paket data sendiri mungkin yang tidak tau gimana cara,Negatif
cukup manfaat aplikasi nya meski ada rusak nya,Negatif
baik,Netral
bagus,Positif
sangat baik,Netral
ingin masuk selalu guna kode otp hubung nomor tidak aktif hilang jadi susah buat masuk nya belum masuk pake kode otp,Negatif
aplikasi banyak banget tipu,Negatif
kembali claim kembali dana hilang transaksi tidak pernah laku akun saya prenium terproteks masih jadi seperti sudah adu beberapa kali tapi sudah bulan tidak tanggap yang jelas,Negatif
waktu verifikasi wajah selalu gagal alas cahaya kurang posisi wajah tidak tepat kira kira ya aplikasi dana sekarang mohon segera baik,Negatif
mau fitur dana instan muncul akun,Netral
sekarang tidak masuk dihp ku,Netral
dong nomer akun dana sudah tidak aktif hilang mohon bantu biar masuk karena ada uang nya,Negatif
sangat bantu,Positif
sering rusak kalonga banyak pake dana males banget apkikasi banyak make tp tidak pernah nyaman pake rusak mulu tiap transaksi struk nya tidak di ss lambat buruk,Negatif
mohon bantu tidak masuk dana mohon bantu aplikasi dana terimakasih,Netral
dana tidak masuk apa sampai hapus di instal tapi tetap tidak masuk haduh bagai mana,Netral
ko akun tidak transfer uang padahal sudaj premium,Netral
nunggu dana cicil lama gilir dana cicil tidak pakai mending gausah dana cicil,Netral
dana buruk sumpah akun tidak masuk no hilang ngapain pake pin verifikasi wajah tidak masuk buruk sumpah kalau tidak saldo males bner pake dana bulan bulan ngajuin masalah sama aja tidak dana buruk,Negatif
aflikasi dana tidak resfon mau aktif tolong baik alas dana sering laku kris padahal tidak langgar atur dana kan apa harus me nonaktipkan dana saya,Netral
kasi bintang dulu kenapa aplikasi nya tidak bagus up mohon baik,Positif
punya tidak aktif dana cicil,Netral
sekarang dana susah masuk pake kode otp padahal belum cukup sandi sama verifikasi wajah doang,Negatif
pakai dana sudah lama tapi hal turut kurang aplikasi susah hubung tugas layan nyah mau komplen kita selesai berteransaksi selalu muncul iklan ada iklan meski tidak ganggu tapi selaku guna dana takut iklan bawa virus akun dana kena retas pihak dana baik semua guna nyaman tenang guna simpan uang ewalet dana terimakasih,Positif
ka ko di apdet tidak liat transaksi nya pdhl sinyal bnyk eror gmna yaa,Netral
minggu tidak masuk dana karna nomor hilang kode otp suruh ganti nomor baru pindah akun tetep aja gagal trus gimana udh hampir bulan tidak di buka,Negatif
bagus,Positif
ingin mena kan kalau mau lapor gimna soal nya uang lenyap kurang lebih padahal tidak laku transaksi apa kata pihak dana bakal jamin kalau nasabah hilang uang tapi saat chat mau gmail dana nomer dana tidak jalan keluar nya tolong proses segera aju lapor sama pihak ojk saat kasih bintang dlu uang saya kembali baru saya kasih bintang,Negatif
cukup simpel bagus,Positif
enak mudah ini aman,Positif
baik rusak tidak masuk,Negatif
smakin mudah ber transaksi banyak layan kualitas aplikasi nya,Positif
sekarang lebih banyak masalah muncul,Negatif
sekarang sering msk lngsung kluar sendiri padahal uda update,Netral
terlalu sering update hp jd berat,Netral
sering update malah tidak pake g wifi aja baru mau,Netral
gimana masuk terus layar gelap terus saya cobak hapus data terus daftar terus layar gelap ngulang gitu terus pagi sampek siang belum selesai sampek malam gin belum apa masuk muter ngeblank terus daftar aduh plis baik mau ambil uang soal,Netral
asal data uang lindung baik lanjut,Netral
knapa g masuk masukin nomer layar gelap trus knapa updet di hapus dowload tetap sama sudah restart tetap sama,Netral
bagus,Positif
tiap bula dana selalu tulis koneksi putus,Netral
benar bagus tapi sayang terlalu banyak potong uang uang masuk terpilotong kirim uang potong tidak sprti lain gratis transaksi,Netral
uang dana emas kurang sendiri pas mau jual,Netral
bagus,Positif
kok dana tidak masuk kak aneh banget mana uang nya akun gimana solusi kak hub ana masuk aja tidak,Positif
pertama bagus makin kesini makin ribet,Positif
dana goals gabisa tarik terus mau kemanain uang tanggung jawab gaada sama sekali,Netral
kok jadi susah buka aplikasi jadinyakan ngrepotin klik x susah buka kanapa min banyak pindah gope apa kalah saing,Netral
aplikasi bagus tapi ya slalu g akses tulis koneksi putus padahal ada kuota di baik kita nyaman guna,Positif
suka ngilang jaring,Positif
di instal tapi tidak di buka,Netral
ya dana tidak buka ganti nomor baru baru buka trs udh lancar di upgrade nomor baru di dana tapi uang hilang dong pihak dana balikin uang saya buruk bgtt kalau kaya gin,Negatif
maaf sebelumya dana cicil gunain tapi sekarang malah tidak gunain padahal kemarin aja sekarang malah tidak bisa dan suruh verifikasi ulang verifikasi malah tolak belum tidak kek gin lancar aja mohon bantu fitur dana cicil saya bisa di gunain terimakasih,Positif
dana cicil tidak muncul,Netral
sayang sekali dana instan nggak,Netral
dana tarik terus uang dana potong google ada apa asa tidak langgan terus akun nya gimana sekarang saya pakai rek,Netral
bagus,Positif
kok updeat bkan bagus malah tambah buruk yaa dana dong balikin lgi kya belum soal sya pake hp jadul masa kga masuk abis updeat,Positif
susah transfer,Negatif
dana makin butut masa harus masuk pke otp kan biasa nya frivikasi,Netral
susah lihat riwayat hedeh buang waktu,Negatif
bagus,Positif
ku kasih bintang tiga tidak masuk dana,Netral
awal nya sih lancar aja buat isi ulang habis isi ulang mau isi ulang eror baik,Positif
dana tidak log in gelap layar karena hp model lama,Netral
tari dana instan selalu gagal mohon baik,Negatif
kali kali coba upgrade mindah akun lama yang baru tidak bisa hemm coba hubung ana jg tidak hasil,Netral
sih susah banget dana mau blokir akun,Netral
bintang dulu soal transfer temen dari brimo hasil tapi di dana tidak masuk uang nya,Netral
kok dana belum fitur dana cicil yaa padahal lama pake trus transaksi nya bulan tidak kurang jt mohon dong bantu nya,Positif
dana emang bagus tapi soal selesai masalah langgan sangat tele,Netral
ingin buat akun dana tapi pasu nomer tidak klik lanjut,Positif
aplikasi dana bantu mudah transaksi kirim uang tapi sayang nya fitur dana cicil nya bom di guna,Positif
apani dikit dikit update premium padahal premium eh pas update agagl terus hadeh buruk,Negatif
buruk sama akun dana transaksi kirim uang isa pending jam tidak jawab and uang pun potong,Negatif
buat buka transaksi eror baru update,Netral
ka g tarik tunai kode token g muncul kalau d klik lngs keluar aplikasi,Positif
dana dari kemarin kemarin g masuk mau masuk keluar sndiri mau masuk keluar sendiri padahal mau guna tapi malah eror kyak gin aneh memang,Netral
sangat mudah guna,Positif
lumayan cepat,Positif
dana punya ku yaa kalau transfer uang bank suka tidak pdhl nomor rekening udh bener terus dana punya ku udh premium tapi susah banget kalau mau transfer bank kalau sama dana bisa,Netral
baik bayak sekali bag tidak di pencet,Netral
limit danacicil tapi gilir guna tulis dana cicil tidak sertedia,Netral
sering jadi pending lama transfer uang,Netral
lumayan bagus,Positif
lebih baik belum,Netral
apa saya bayar tidak sesuai apa saya terima alas apa sangat tidak masuk akal,Netral
sekarang dana sdah ngak tikus air sdah kompeten,Netral
sayang nya dana instan tidak muncul,Netral
mudah bagus,Positif
kali pakai dana cicil lancar lancar aja baru aja lunas ken pakai sudah tidak padahal baru bayar lunas saat mau transaksi tidak milih dana cicil tidak sedia coba chat customer care proses nya lama hhhmm bikin buruk aja,Netral
baik,Netral
sangat susah sering rusak,Negatif
bagus bangat,Positif
mudah pecah masalah nunggu x jam,Netral
kartu kan ilang pas mau masuk udh klarifikasi sandi wajah tpi kode otp wasap kalau kartu nya udh ilang tidak masuk soal nya yang tranfer gmna donk solusi tugas,Netral
nnti tambah,Netral
tiap isi ulang potong terus denger orang mh ngk potong,Netral
bagaimana cara kembali uang salah kirim no tidak aktif,Netral
dana cicil tidak guna,Netral
akhir dana sering crash,Netral
pihak dana alami sulit transaksi guna dana viz selalu gagal saat nonaktif gagal selalu bisa bantu,Negatif
tiba tiba tidak buka keluar terus padahal mau pakai penting,Netral
dana sekarang kalau masuk log in nya lama bener,Netral
tgl november temen nyimpen uang jt tiba tiba hilang dana cek tidak aktivitas uang hilang hati kawan jangan nyimpen uang banyak dana sekian terimakasih,Negatif
limit dana cicil tidak naik,Netral
sering lag,Netral
jujur tidak recommended masa kena tugas terus potong di dana like why tidak sekali aja gitu malu lho jadi bagus up gegara potong doang mah minimal bagus up itu tidak kecil lho kalau tidak adik tidak punya mbanking mah sudah uninstall app,Positif
dana tidak di buka gimana yah baik dong,Netral
kirim no hp gimana cara kenapa dimasukin nomernya tetep tera bank apa,Netral
apl bgus,Netral
emang bener naruh uang digital jangan percaya turnamen mini game tidak menang bukan player mungkin kasih balik modal tidak bakal untung gratis mending investasi emas,Netral
oi naha bet eror anjir ges hari eror kie tebisa kumha kumha ie aplikasi,Netral
ya kirim uang lapor transaksi hasil tapi uang tidak di no tuju padahal no benar,Netral
sangat mmbantu hidup mohon dana cicil serta,Netral
ke hilang uang hampir jt tapi kembali tengah google play laku transaksi tahu jujur sangat kecewa sudah pakai dana sejak,Negatif
tiap bayar selalu tolak,Netral
oke banget,Positif
aplikasi tidak bsa ngirim uang bisa nerima uang padahal premium knpa,Netral
bayar dana cicil gabisa padahal limit nya,Netral
tidak bayar steam padahal kemarin tolong baik tanggal deadline diskon game incar desember,Netral
saya dm lewat twitter akun resmi dana tapi tidak balas pihak dana langsung,Netral
untuk beli bintang fb pro selalu eror,Netral
transaksi pending belum kabar kembali dana jujur buruk si bagus up shopeepay eh malah pending uang potong tpi transaksi pending jadi belum masuk shopeepay,Netral
sangat rekomendasi,Netral
di hp belum muncul dana paylater padahal dana suda permium,Netral
mau transfer bank aja tidak alas banyak lagi transaksi,Netral
butuh fitur dana cicil aktif segera soal udh lama ngajukan tapi belum muncul,Netral
fitur dana cicil belum muncul akun payah padahal sering transaksi,Netral
bagus sih sayang nya kl daftar qris ribet dn lama proses nya belum lg kl gagal bulan pon kl jadi kl tidak ulang dn ulang,Netral
ada kendala kok tidak masuk,Netral
skg aplikasi nya kl buka susah loading lama malah keluar tidak buka spt nge rusak dong baik tingkat aplikasi nya,Negatif
lalau banyak potong inibitu,Negatif
sya udh lama pake dana tpi ksihan banget dana cicil cmn rbu dana instan rb jga ggal trs mw pake kasih baik buat guna,Positif
tampil qris bisnis baik font tampil nama toko nmid nama toko potong nmid jadi baris qris share baik bisa cetak sendiri edit edit,Positif
bagus,Positif
banyak jadi uang hilang ya lebih kuat sistem aplikasi,Negatif
aplikasi dana buka cuma loading jha,Netral
sangat bagus sekali,Positif
aplikasi lumayan bagus tapi sekarang kalau masuk fitur dana goals susah jam jam sampe jam coba buka belum bisa,Netral
halo dana ingin sampai keluh kena aplikasi dana belakang asa sangat lambat sering buat proses transaksi jadi hambat buka aplikasi loading sering lama juga ingin kirim dana buka menu lain mohon baik performa aplikasi lebih cepat stabil ini sangat ganggu aktivitas terima kasih,Netral
dana cicil tidak d pake,Netral
dana habis diupdate tapi tadi sore jam sekarang tidak buka gimana nih padahal mau transaksi,Netral
pen nabung dana goals tapi stuck tulis proses hari kek gin tapi sisa alhamdulillah bagus aja,Positif
saya tidak masuk padahal no msh aktif,Netral
lumayan cuma bom untung blom pakai danacicil,Netral
transfer gopay hasil tapi dana belum masuk,Netral
sumpah ribet banget tiap hari aktivasi nomor ribet,Netral
knpa tiba tagih google padahal tidak langgan apa mohon baik,Netral
aplikasi sagat penting guna,Positif
lambat buka nya tidak daftar,Negatif
kasih bintang soal fitur dana instan dana fitur dana cicil akun belum muncul,Netral
masih belum paham sepenuh,Netral
semenjak baru dana jadi lambat berat buka kadang buka balik sendiri paya nih,Negatif
transaksi qris tanggal status hasil tapi uang tidak masuk rekening merchant transaksi dengan merchant sangkut pending sekarang tgl belum selesai uang tidak ke rekening jadi hambat transaksi sungguh kecewa,Netral
bagus,Positif
masuk susah bnr sekarang,Negatif
nilai bintang,Netral
tidak masuk tidak akun dana gimana sih,Netral
lambat banget,Negatif
tidak bisah masuk akun dana karna tidak bisah terima kode otp kartu hilang,Negatif
saat mau buka forse close sendiri pdhl udh update lakuin bnyk cara tetep aj tidak,Netral
netral,Netral
min dong baik solana tidak loading trs,Netral
tidak cetak qris,Netral
kok susah bnget mau masuk dana tidak kyak kmaren kalau masuk kan nmer langsung lgi,Netral
ringan,Netral
sangat guna,Positif
tolong dana jangan batesin gtu beli listrik kalau darurat jam pas apa nunggu tengah dlu bru kenapa si di batesin allah keburu mati token org mana sinyal susah cuma ngandelin wifi doang,Positif
susah hapus permanent akun,Negatif
dana cicil tidak guna butuh,Netral
dana cicil tapi tidak pakai,Netral
mau komplain uang emas ada lebih sedikit barusan tambahin beli emas kok uang nya tidak namba malas pas sisa uang emas yang nya kok kaya gitu sistem buka profit malah kurang,Positif
ini transaksi pending terus,Netral
sekarang ngirim dana pakai biaya tugas kalau isi ulang potong,Positif
isi uang aja skrg pake tugas trf bank tidak free tugas samsek tidak kaya apl digital pada free trf bank apa hadeuhhhh,Netral
mau masuk applikasi dana kenapa tidak masuk tiba keluar sendiri sudah baru tapi tetep tidak masuk,Netral
sering forceclose sekarang aplikasi nya terus kata kalau kuota habis buka tapi ko saya tidak bisa yah,Netral
dong saya baru isi gabisa buka dana,Netral
fitur dana cicil tpi tidak di aktifin padahal aplikasi stiap hari pakai,Netral
saya coba tetap tidak bisaa mau masuk tiba layar hitam langsung balik halaman awal,Positif
sudah lama pakai aplikasi dana tapi sekarang tidak bagus kronologi tranfer gagal saldo potong pihak dana jamin uang aman di kembali rek sampai sekarang belum saya sangat buruk mau tranfer takut,Positif
bukan favorit isi uang tidak gratis,Netral
kurang simple,Netral
min dana cicil tidak guna,Netral
maaf tidak log in pake hp,Netral
kecewa di bantu dong qris dana tidak di cetak,Netral
fix rusak,Negatif
dong tugas upgrade dancil nya kalau jatuh tempo ingat lewat w a di telfon milik akun biar tidak lupa lupa soal g pemberitahuan bukan g mau bayar min tapi lupa krn tidak pemberitahuan biar tidak kenal sanksi akun,Netral
min kembali dana dlu ngirim k aja tugas otomatis sama temen perak di baik,Netral
kenap limit dana cicil tidak di pakai,Netral
suda pakai dana lama sering transaksi tapi fitur dana cicil tidak,Netral
gimana mau buka sih kok ke masukin nomer mulu tiba layar hitam masukin nomer dah uninstal kali tetep sama aja,Positif
dana makin kesini makin lambat aja nih sering tipu sering duit ketelen aplikasi tampa tuju milik,Negatif
sgt bantu,Positif
cukup bagus,Positif
sering lag ama gagal verifikasi pas lgi pembyrn baik,Negatif
alhamdulillah lancar pakai dana,Positif
bagus,Positif
sering ngebug susah di buka kadang rusak,Negatif
knapa di buat repot buat dana goal ko peripikasi wajah ribet ngak kayak dulu percuma atur sandi mohon kembali sedia kala kyak dulu,Netral
nice application tapi lama pakai aplikasi dana aneh signal perihal update aplikasi aneh signal perihal nya laku usaha kartu seluler three cabang negara sendiri indonesia karena aplikasi selalu guna beda nomor kartu seluler beda email beda milik meski terkadang masih anggap kerjasama sama ganda nomor kartu seluler tapi jejak html nomor kartu seluler bisa tipu internasional,Netral
hari bom di tarik uang qris,Netral
bagus,Positif
kacau gada dana cicil bosss buruk,Negatif
bgu,Netral
bagus,Positif
bagus,Positif
makin lama makin jadi biaya adminnyaa lahh dana rangin biaya tugas nyaa,Netral
dana sudah premium tapi tidak laku check in hari sering rusak dapat terang suruh laku verifikasi ulang mohon perhati rusak nya baik minta solusi atas ini,Negatif
dana tidak hapus riwayat minta uang nya,Netral
hadeh makin ndk enak aja dana cara nonaktif dana cicil ndk padahal dah dak mau ikut utang salah bayar selalu arahin otomatis sana manual buat mindahin bayar normal padahal uang sendiri asli dah makin lama makin taik,Netral
sering jadi rusak,Negatif
sangat lancar,Positif
kenapa saya mau upgrade dana premium gabisa terus pdhl sinyal lancar pls jangan eror,Positif
cukup bgs,Netral
dana cicil tidak pakai,Netral
dana ya mau transfer kok suruh upgrade terus dana premium pdahal di upgrade aja tidak transfer saran bantu kak,Positif
min punya saudara lupa pin kok verifikasi nya lama banget nunggu hari pun belum apa saran dong min kalau bisa rating nya naikin,Positif
tingkat,Netral
lebih harus bagus fitur nya,Positif
dana cicil ngk di pake pdahal ngk pernah sma sekali pake pas sekali nya pake ko gagal bayar terus,Negatif
sering rusak,Negatif
mulai rusak update tidak kirim tarik dana minta upgrade premium upgrade ke menu mula clear cache malah semua tidak buka,Negatif
fitur dana goals ng blank jadi tidak tarik uang dana goals,Netral
jaring putus,Netral
lumayan sihh cuman dana cicil tidak keluar keluar padahal sudah lama transaksi pakai dana saat event dana folly koin nya tidak tukar alasanya stok habiss,Positif
dana lah akun sudah lama premium tiba tiba jadi non premium tidak upgrade premium,Netral
payah infinix hot play tidak buka kalau pakai data seluler make wifi baru dipake,Netral
fitur dana cicil kenapa tidak keluar min pdahal sering transaksi gimana,Netral
cukup puas,Positif
dana tutup adabug maksud apa,Negatif
transaksi jt lebih tapi tidak fitur dana instan jd bisa lihat limit,Netral
limit dana cicil tidak di guna,Netral
tidak buka,Netral
akun dana ngak dana cicil nya,Netral
sayaa meng upgrade dana biasa premium lengkap ktp selfie tapi foto ktp kurang jelas jadi arah kan dokumen dukung dokumen dukung pilih kartu keluarga nah situ aplikasi dana saya mulai aneh fitur foto mau guna foto kartu keluarga tidaa seperti nge fresh hitam,Positif
susah kitim dana,Negatif
makin kesini makin buruk aja aplikasi dana ni saya mau teransfer bank gx di suruh premium padahal premium gx lg kan jadi kendala tolang lah developer baik rusak gituan kok makin rusak apak bkn makin bagus,Negatif
proses pangiriman buruk masa ingin kirim uang selalu gagal ada notif jadi kasalahan mohon cek ulang,Negatif
sangat bagus aplikasi dana,Positif
min sekarang dana cicil tidak di guna padahal tidak tunggak,Netral
sering transaksi tahun banyak sekali tapi tidak aktif aktif fitur dana cicil nya,Netral
gimna cara kalau lupa password tpi nomor mati,Netral
bagus job,Positif
kok tidak buka padahal suda di apdaet,Positif
dana cicil tidak muncul,Netral
susah bayar robux langgan webtoon dana nya masalah tidak guna,Negatif
hilang pinjam biar guna lebih aman karna di salahgunakan,Netral
ya kok sekarang dana kalau buka baru halaman utama tau keluar sendiri kadang kalau pas mau transfer uang keluar sendiri jadi ngulang dari awal padahal dulu dana tuh cepat loh aplikasi nya,Positif
bagus,Positif
dana cicil tidak pernah kluar padahal dah taun,Netral
sering transaksi pakai dana tp tidak fitur dana cicil,Netral
tidak tau akhir sering rusak,Negatif
sangat mmbantu dana is the bes,Netral
tidak dana cicil padahal transaksi bulan besar,Netral
nggak buat transaksi pdhl uang cukup selalu mncul notif upgrade dana premium di upgrade masih sama nggk buat transaksi,Netral
lebih tingkat tangan masalah nasabah kalau buat tanggap balik untuk telpon nasabah ada buat lapor masalah banyak sekali uang nasabah nyangkut dana tidak di ambil,Negatif
suka,Positif
tiap mau transfer suruh upgrade premium mulu padahal premium alhasi lgak buat transfer terima transfer lapor ana kata baik nyata belum juga,Netral
verifakasi wajah nya buta,Netral
apl bagus,Positif
dana cicil tidak sedia lunas tagih,Netral
belummengerti,Netral
dana ganggu kenapa tiba tidak guna transfer ada ket suruh upgrade premium thn udh premium waduhhh,Netral
gmn tidak verifikasi email gagal terus akun premium sama tidak partisipasi a reward tidak update app lg,Negatif
lambat suka loding lama baik,Netral
aplikasi dana selalu rusak ya,Negatif
dana makin kesini makin kesana verifikasi wajah pin benar tapi kenapa masih minta otp lewat no tlp nomer tidak aktif chat ana kemarin email tidak notif otp masuk kak baik pngn masuk akun dana tapi tidak krna tidak otp masuk email nomer sudah tidak aktif,Netral
bagus,Positif
knapa tidak d download tablet wifi,Netral
bagus,Positif
bagus aplikasi dana,Positif
sekarang biaya tugas terus,Netral
apa kalian sama aplikasi dana tidak guna di hp infinix koneksi internet putus terus harus pake waifi buat depolever dana segera laku upaya,Netral
tambah ribet pindah akun proses hari,Netral
sangat bantu,Positif
knpa tidak ya download dana tlong baik,Netral
tarik tunai kol tidak ya,Netral
dana cicil tidak guna padahal tidak tunggak sama sekali pihak dana dana cicil di guna,Netral
dana cicil sedang tidak sedia padahal limit ada mau pake sedang tidak sedia,Netral
bagus,Positif
ko punya gada fitur dana cicil padahal akun dana lama transaksi banyak,Netral
knph mau masuk akun dana tidak masuk pas poto wajah sudah tp tidak juga dana transaksi mau ambil kph tidak masuk,Netral
hari guna dana bayar toko tp ko dana cicil tidak sedia aneh deh,Positif
jauh aplikasi baik,Netral
sangat puas aman,Positif
kok aplikasi dana belum muncul dana instan dana cicil,Positif
sbnrnya bagus tp singkat aja uang gua sering tbtb kuras gt dlu rb tidak pke apa tbrb ilang rb walaupun kecil tp uang tetep uang nah trs td rb hilang rb untung aja gua bawa cash tdi kalau tidak planga plongo di bnrin,Netral
g masuk,Netral
kadang eror sendiri keluar akun bikin males,Netral
di baik min masa lihat riwayat kirim sama keluar tidak,Netral
bagus,Positif
cukup baik,Netral
uang suka tiba potong,Positif
sangat buruk lapor bukan laku transaksi tapi tidak di batal padahal notif coba kirim transaksi kok tidak di bantu dana tidak amanah sekarang aman kalau buat yang ada gapapa uang ribu hilang,Netral
banyak promo rusak nya jga,Negatif
bayar live tiktok eror jadi tidak terlalu bagus,Positif
sekarang kalau buka dana enggak tolong atas karna enggak lagi buka dana,Netral
transfer uang sekarang jadi ribet proses proses lama hari di perbaikin dana,Netral
tiba tiba dana bukan premium padahal premium mana no dana nya hilang jadi bingung,Negatif
bos kok dana tetap di upgrad pdhl udh premium,Positif
dana tidak scan qris terima kasih,Netral
sering masalah lambat,Negatif
sangat bagus,Positif
ikan tiga karna kemarin dana ku susah baik hp ku bisa pake sekarang mau buka hp lain download ulang,Negatif
bagus,Positif
bagus,Positif
harus nya akun dana di terbit dana cicil bgi semua guna bukan kecuali,Netral
lama pakai dana tapi tidak kasih fitur dana paylaternya dana cicil tidak bijak,Netral
bagus,Positif
aplikasi makin lama buruk uang tidak tambah laku bagus up,Netral
aplikasi dana cicil belum,Netral
jaring sinyal sering putus mau transaksi buka aplikasi padahal jaring seluler bagus buka aplikasi,Positif
dana cicil nya tidak di guna,Netral
premium balik ke dana user perbaikin dong rusak mulu,Negatif
tidak buat dana,Netral
uang dana tidak di ambil padahal akun premium versi baru si tal oke ya,Positif
banyak buk,Netral
rusak ros rusak ros ni dana,Negatif
padahal aplikasi sudah premium tapi tidak baca premium,Netral
bagus,Positif
aneh fitur dana cicil ada tapi gabisa guna percuma aja cuma jadi pajang ganti nomer tetap aja gbisa guna,Netral
tidak masuk selasa masuk pin selalu arah whatsapp terus jadi bisa masuk account,Netral
kadang lambat menuebalkan,Negatif
makin hari makin tidak jeles suka ngelek sendiri,Positif
aju masuk akun dana malah gabisa padahal hp hilang,Negatif
bgus,Netral
cara hapus data akun gimana,Netral
uang suka hilang,Netral
pakai dana tahun lebih premium transaksi banyak tp sayang fitur dana instan belum muncul akun dana,Netral
bagus,Positif
saya tidak bsa transfer pdahal laku upgrade,Netral
bos saya tidak lagi kiri m uang sama dana mohon bantuanya bos,Netral
paling ribet kalau soal passkey malah aplikasi dana tidak buka sampe hari layan dana terlalu sulit hubung,Netral
buruk skrg biaya adminnya jdi lebih mahal pdahal dlu msih gratis,Negatif
aplikasi tidak jelas,Netral
kalau fitur dana instan muncul akun tak kasih full bintang,Netral
beri fitur dana instan aplikasi dana dana sudah premium tapi fitur dana instan nya ngak tolong beri fitur nya aplikasi dana,Netral
aplikasi gmana to udh premium kok sekarang hilang premium nya kan tidak kirim bank please lah saat urgent kok gin mana semua masuk k dana,Netral
kak dana kenapa tidak d pakek saya buka aplikasi dana selalu keluar jaring kurang stabil saya buka aplikasi lain normal aj jaring nya tlg gmna solusi ny donk,Netral
selmat siang kk ko aplikasi nya tidak di guna dong,Netral
tidak masuk seta verifikasi wajah,Netral
tab aktivitas lama sekali loading nya,Netral
proses transaksi dana bca bisa makan waktu jam,Netral
di baik rusak nya,Negatif
tidak buat beli pulsa udh hospot temen tp tidak masuk buat beli pulsa,Netral
dana cicil tidak di gunain stiap abis verifikasi wajah malah ke beranda mulu,Netral
cepat tanggap,Positif
dana sekarang rusak notif dana blum permium sudah premium dana lohh,Negatif
upgrade nya terlalu lama,Netral
suruh baru data malah eror pilih camat,Netral
lama gaada kendala aplikasi bagus overall tapi malam beli token listrik nominal nomer token tidak masuk masuk terang sedang proses hubung layan tanggap suruh tunggu x jam chat karna waktu sesuai nomer token belum dan uang potong minta refund tidak uang kembali bukan soal nominal nya tapi saat sedang urgent malah main ini,Positif
daftar dana premium kok ngak layan dana cicil,Positif
fitur pinjam saldo tidak padahal sudah pakai dana sejak lama buruk sih,Netral
adain lah menu hapus akun,Netral
hallo dana dapat limit dana cicil bulan lalu coba pakai dana lunas jatuh tempo x angsur lunas semua langsung nah sekarang fitur nya ada kenapa mau guna nya terang nya tidak sedia tidak laku kenapa pdhal tidak pernah telat malah saya lunas jatuh tempo,Netral
dana cicil tidak muncul padahal sering transaksi dana,Netral
tidak ad fitur pinjam uang kasih bintang aja,Netral
bagus,Positif
gimana cara upgrade jadi premium susah banget pakai dana ribet kalau gin mending tidak pakai dana,Negatif
tidak isi uang dana,Netral
sekarang tida kirim uang mau kirim uang selalu motip upgrad padahal sudah premium suda upgrad x mas belum kirim uang saya sangat butuh uang ituh,Netral
kirim uang muncul upgrade hasil tapi tidak kirim,Netral
bagus,Positif
semua transaksi slalu pake tp dana instan aplikasi dana ko tidak,Netral
aplikasi dana sekarang tidak pasang di layar utama,Netral
dulu bagus lancar lancar aja sekarang sangat buruk hai makan kalian punya maaf bikin emosih aplikasi lama lama hp saya banting baru aplikasi dana ketawa diam diam rasa batul laiiii,Positif
dana tidak bayar belanja online kalau bayar dana kaharrusa gimana ci dana bikin tak nyaman aja di perhati tu pihak dana,Positif
akun tidak premium akun lama sudah tidak aktif sudah ulang kali buat lapor di ana tapi tidak hasil sama sekali minggu kenapa masalah tidak di selesai,Negatif
fitur dana cicil aktif akun dana,Netral
apak dana kok sekarang banyak iklan video wanita game game online sangat resah,Positif
limit dana cicil kecil banget,Netral
bantu min bagus up shoopepay belum masuk hari pihak shoopepay kata kembali dana pihak shoopepay tidak terima uang masuk dari bagus up shoopepay tapi uang kembali belum masuk,Positif
aplikasi nya suka eror orang premium suruh update premium cuman salah nya di logout dlu baru normal,Positif
di updet malah teransaksi tidak transfer malah tahan jam tidak kirim kirim di updet lancar lancar aja lah sekarang malah gin bukan nya tambah bagus malah tambah busuk,Positif
aplikasi nya bagus nyimpan uang perlu tapi mau ambil daget tidak tolong baik,Positif
mulai aplikasi tapi belum dana masuk,Netral
kasih bintang tapi akhir karna sangat ganggu sering rusak jadi kurang lah dulu nnt klu dah bagus kasih bintang baru mulai investasi dana tapi klu suka rusak gin mau masuk aja tidak gimana mau lanjut tunggu beberapa waktu moga aja baik tapi klu belum ubah mending pindah aplikasi,Positif
dana tidak terima transfee,Netral
simple sih,Netral
tidak tanggap kait lapor transfer uang aplikasi shopeepay tgl november jam hingga ini uang belum terima tidak lanjut pihak ana riwayat transaksi dana uang hasil sampai ini uang belum terima mohon kembali uang nila kalau gaji kurang mending cari kerja daripada ambil hak orang,Netral
bagus,Positif
tidak kirim uang notifikasi nya suruh upgrade dana premium padahal sudah premium upgrade hasil masih tidak kirim uang mohon solusi,Netral
gajelas banget uang dana sering ilang,Netral
sangat bantu,Positif
maaaf dana kasih bintang tiga soal baru hari saya mau beli data pulsa tidak loading terus biasa nya ini jadi kek gin sih aplikasi nya,Netral
lumayan bantu,Positif
dana lemoootttt,Netral
bagus banget transfer tidak pernah kena biaya,Positif
dana akhir akhir suruh upgrade premium stlh klik hasil upgrade tp tidak buat kirim gmn sih jdi bingung,Netral
dana tidak di buka,Netral
dana baik bugnya saya masuk knpa selalu muncul notifikasi aplikasi ada bugnya baik buk,Negatif
lama pake dana tapi dana cicil nya blum,Netral
hasil pindah akun tapi uang hilang gimana dana,Negatif
mohon baik dana keluar,Netral
dulu dana cicil bisa sekarang ngk,Netral
dana sudah premium tidak kirim rekening malah minta upgrade premium ini bagaimana solusi,Netral
kok gag bsa buat transfer,Positif
dana skrg kok makin ngk benar sya ngk bagus up aplikasi atau google uang sya di tarik padahal sya tidak laku transaksi apa,Positif
dana cicil ada aktif nya tapi tidak aju pinjam ketika laku bayar via qris pilih metode dana cicil tetapi dana cicil tidak laku padahal saya telah aktif dana smartpay,Positif
kalau mau beli kuota data selalu gagal alas jaring internet hilang sebel tau jadi kasih bintang aja deh kalau lancar tambahin,Negatif
dulu pas mau update dana premium gampang banget sekarang malah banyak kendala coba kali kali bahkan tadi sempat hapus apknya lalu download dan tetap aja tidak selalu tulis jadi salah buat order kyc dong benerin,Negatif
dana sangat bantu,Positif
quris a selalu tidak,Netral
lumayan lumayan,Netral
nice,Netral
bagus,Positif
kapok pakai aplikasi,Positif
dong langsung sambung customer care kalau kendala masa susuh nunggu jam tidak konfirmasi,Negatif
belum maju,Netral
bagus si,Positif
kan jual reksadana k tapi masuk cuma k aja tidak full rebu gimana min tolol jelas,Negatif
tidak dana cicil,Netral
sangat saran sewa orang artis ahli gambar buat iklan dana premium iklan di buat manusia langsung lebih hidup tarik perhati ketimbang gambar imitasi di buat ai,Netral
beberapa tahun pake dana transaksi udh bnyk ttp aja belum muncul fitur dana instan sama dana cici huh asu,Netral
sangat mudah praktis,Positif
dana cicil tidak di aktivasi,Netral
knapa skrg aplikasi x notif aplikasi dana tutup krna bnyk rusak trus gua kalau mau narik uang jual tiktok dana ilang dong uang aduh delevoper perbaikinla jangan rusak,Negatif
dana kenapa sistem sibuk mulu min,Netral
suka ngelag lama loadingnya,Positif
transaksi susah,Negatif
sbelum nya verifikasi pakai wajah sekarang lalu whatsapp sms,Netral
halo dana cuman mau kasih tahu kalian terlalu riba emas untuk beli jual cetak kirim milik biaya tidak banding hasil tabung emas rasa sangat rugi cetak langsung emas aplikasi dana,Negatif
tangan komplen lamaaaaaaa banget mau mindahin akun aja ribet banget,Netral
kecewa premium tapi tidak di guna,Netral
kenapa tidak laku transaksi tobat sampe tetep tidak solusi gimana sudah bagus up sampe k loh uang tabung rela bagus up dana buat beberapa malah tidak transaksi mau aplikasi apa juga tetep sama tidak tolong lah gimana sampe nang duit yang dah dikumpulin ilang gegara rusak ini tolong lah baik,Netral
coba dulu,Netral
sangat bantu,Positif
kalau buka kunci verifikasi wajah harus kamu bikin benar benar nali milik akun sudah pakai tahun tahun tapi kamu tolol tidak kenal,Negatif
bagus guna,Positif
masalah sekarang ngebug sudah baharu tidak ngefek mungkin kerja extra lg baguan it karena serang nggak tau moga mjd lebih baik,Negatif
sangat baik,Netral
baik layan dana alhamdulillah,Netral
susah dapat paylater mintak min bantu,Negatif
tidak masuk,Netral
bagus,Positif
dana cicil ko tidak di guna,Netral
baik mau tranfer sering susah sulit kagak biat tranfer,Negatif
bagus,Positif
sangat mudah cepat,Positif
assalamu alaikum beneran buruk bangget sm aplikasi dana inih mau tarik uang tunai tidak trs sm update dana premium tidak gagal trs jdnya gmnh nih mau tarik uang tunai kl dana premium tidak ya kasih bintang dulu kl bisa premium trs sm kl bisa tarik tunai baru kasih bintang,Negatif
kok aplikasi dana tidak di buka balik lgi halaman utama jelas butuh bantu,Positif
mau kirim rekening sendiri aja sulit,Netral
banyak menu rusak rusak utama aktegori uang kalau belum benar siap jangan luncur donk bikin percaya hilang aja,Negatif
dana cicil tidak nongol padahal transaksi gede terus,Netral
buka riwayat tidak langsung hrs nunggu besok gbsa otomatis lambat,Netral
dana lambat mau transaksi apa lambat mulu payah padahal sering kali upgrade,Negatif
okelahh,Positif
sungguh buruk sulit,Negatif
bagus,Positif
buruk banget sama aplikasi sudah update tapi tetap tidak guna uang tahan dana bingung ini gimana jg sulit,Negatif
lumanyan aplikasih,Netral
masuk selalu mental kluar,Netral
uang belum telah laku pindah akun,Netral
tidak log in perangkat baru tiap buka aplikasi selalu force close,Netral
cukup baik,Netral
bagus cepat,Positif
kasih bintang dulu soal ndak pernah bonus,Netral
bagus,Positif
sekarang amplikasi dana makin eror kalau pakai data tidak tanda merah bawah ada baca jaring putus padahal data baru isi hanya bisa umpan melaluwi wifi aduh kok gin sekarang,Positif
buka aplikasi dana susah tulis sesi habis gmn cara baharu min,Negatif
benar bagus aplikasi tapi saat beli paket data gb promo masuk cuma gb kek apa lah kalau memang tidak ad promo jangan buat kek gitu buang uang aja buruk sihhh pdhl lumayan lama ku pake,Netral
banyak kendala nya,Negatif
yth dana buat lapor tidak masuk tidak terima kode otp nomor hilang hangus minggu masalah saya alami tidak selesai padahal e ktp sesuai hrs masukin kode otp terlalu sulit kalau apa pakai kode otp harus kalau memang vermuk sudah sesuai izin masuk harus make kode otp,Negatif
hari dana selalu rusak padahal di hapus cache restart ponselnya tetap rusak buruk,Negatif
ana sama sekali tidak bantu komplain sini baru bantu aplikasi ada layan asli,Positif
developer cangenam,Netral
plss dong dana akhir akhir bawa virus bikin satu hp ngeleg,Netral
suka pakai dana tapi buat sekira langsung arah aplikasi beli apa g pay biar tidak usah masuk aplikasi pihak tiga,Positif
aktivasi bagi rusak kasih solusi dong tugas,Negatif
terimakasih sangat baik proses nya cepat moga depan makin baik,Positif
uang sering hilang,Negatif
ajar cari rejeki raja,Netral
kembali uang bermsalah lama pdhal sdah kirim bukti sesuai minta,Netral
kali qris nya baik sering kendala trus mau pakai tadi mau kasih bintang tidak jadi karna qris sering kendala,Negatif
mntap,Netral
ah tidak dana cicil bulan transaksi juta tetep ndk ad,Netral
bagus benar tapi dana cicil sering off sedang tidak sedia padahal limit uang masih aplikasi paling update juga sinyal bagus dah,Positif
serta pin laku bayar langgan sekalipun,Netral
fitur dana cicil akun dana kok tidak padahal transaksi lalu dana terus,Positif
aplikasi nya tidak buka lg,Netral
makin sini makin buruk ni aplikasi makin berat makin susah buat masuk tidak kaya tetangga ringan aja buat masuk,Negatif
pernah hapus tidak sengaja pas diinstal ulang susah banget masuk ribet pake pin otp enggak masuk pusing pusing banget unistal hapus aja,Negatif
gimana nih mau qris ada kendala mohon ganti qris lain gitu mulu baik dong susah banget kalau mau luar pakek qris,Negatif
mntaf,Netral
aplikasi kalok buat isi ulang diamond ff ribu kok tidak masuk diamondnya dong mimin,Positif
bagus,Positif
kalau punya langgan jangan asal sedot dana nya jdi kesel dana nya buat butuh mohon baik,Netral
jelak sih kogabisah unduh,Netral
baik,Netral
belakang suka logout mulu susah buat masuk tolong baik lg,Netral
kenapa habis update malah aplikasi nya tidak di buka tiba keluar sendiri gitu terus tidak jadi padahal perlu malah gin mohon cepat doperbaiki,Positif
fitur dana instan tidak kah pdhl dana premium terupdate,Netral
bantu biasa masuk dana pakai scan wajah no tidak aktif sekarang pakai kode otp bantuanya,Netral
aplikasi dana tidak akses selalu ke menu masuk,Netral
hallo min ya dana cicil belum muncul padahal sering transaksi pake dana mulai belanja beli pulsa tapi sampe skrng belum buka dana cicil nya,Netral
semenjak diupdate jadi sangat ribet premium malah suruh upgrade jadi premium enak dulu tidak ribet dan tidak banyak fitur,Netral
aplikasi nya bagus cuma loading nya lama hp mana,Positif
bagus banget,Positif
baik,Netral
yah punya selalu muncul kode verifikasi yah padahal tidak mau masuk,Netral
update mulu jadi susah mau transfer dana pribadi,Negatif
rusak,Negatif
di baik karena dana sekarang transaksi nya lambat banget kaya keong,Negatif
bagus,Positif
suka ngeleg,Positif
gimana sih masuk sudah pake scan muka aja tidak tolong baik rusak yah,Negatif
eror tidak masuk gimana,Netral
akun dana mintak upgrade trus dana premium mau kirim uang padahal upgrade premium lama laku,Netral
punya orang laen ada dana cicil tempat belum ya,Netral
mental terus kalau buka dana,Netral
lain bagus cuma dana cicil tidak guna percuma limit buat beli pulsa listrik tidak pdahal pas posisi desak tidak keluar rumah,Positif
dana makin ribet bayar batas pdhal baru pake k malah batas harus tunggu ganti bulan,Netral
aktivitas tidak terupdate moga baik kak,Netral
dikit otp sekarang jadi akun hilang,Negatif
dana cicil kok tidak muncul pdhal sudah lama pakai aplikasi kayak tidak harga guna,Positif
sudah pake dana lama ko belum dana cicil gimana sih,Netral
tidak di share bukti transfer nya,Netral
punya gada dana cicil,Netral
sangat bantu,Positif
apa apa guna verifikasi wajah,Netral
knpa tidak masuk k akun dana mohon baik,Netral
saya sesal saat beli reksadana lama nyesal mending pakai aplikasi belah,Netral
dana cicil tidak muncul padahal sering transaksi premium,Netral
kenapaa akunn akuu gabisaa dibukaaa yaaa kaloo gaadaa isinyaa ngaa masalah tapi ini adaa isinyaa,Negatif
bagus,Positif
gaes list transaksi hari kenapa g ya,Netral
dana kok tidak buka,Positif
bagus,Positif
dana cicil nya di lunas tidak sedia tidak laku payah pake dana makin tidak asik,Netral
dana cicil limit tidak di guna,Netral
dong mau transfer tapi tidak update sudah premium tidak kenapa cobaa bantu nyaaaa susah uang bnyak tidak di ambil,Negatif
bagus,Positif
lambat notifikasi,Negatif
semenjak diupdate kok makin lambat mau kirim pulasa paket data lama banget keluar menu nya liat aktivasi lama banget hasil nya,Positif
mudah transaksi nya akun tidak buat transaksi alas aman,Positif
enak lebih cepat kalau lgi perlu dadak,Positif
rusak nya mohon baik mau tarik tunai tidak,Negatif
sangat baik,Netral
dana cicil tidak guna padahal bayar lunas semua mau guna ada tulis dana cicil tidak sedia bantu makasih,Netral
bagaimana cara hapus nomor dana sudah daftar,Netral
sering mengunakan aplikasi,Netral
dana jadi tidak tarik tunai padahal premium tugas dana donk kalau bisa baru kasih bintang,Netral
bagus,Positif
dana ku eror tidak masuk di baik,Netral
baru saya alami masalah dana liat aktivitas transaksi gabisa padahal butuh banget buat liat detail transaksi udh chat ana jawab nya cma muter muter udh hapus download masih tetep gabisa kacau,Negatif
kenapa akun dana tiba tiba tidak transfer kirim tidak di pakai tidak kata upgrade sudah upgrade tetap tidak transfer memang masalah bagaimana tidak notifikasi ke akun,Negatif
bagus,Positif
dana kmren sempet ilang mohon baik,Netral
lumayan,Netral
kenapa sih aplikasi mau masuk mau transaksi haduh haduh,Netral
y stelah ketik nmr hp tidak lanjut ikut,Netral
bantu bayar sedang alami mana tarik tunai atm bca id password tidak beri uang potong lebih jam belum kembali uang malah skrg saya cek aktifitas nya hilang kait tarik tunai mau komplen sulit ada robot ana jawab sangat tidak bantu mohon baik dana bgmana kalau jadi jg sm lain terimakasih,Netral
judol haram,Netral
beberapa hari aplikasi dana tidak buka pas di buka selalu keluar sendiri ny tidak pernah jadi ini,Netral
oke,Positif
dana tiba eror ko rusak di tinjou dong ko tumben eror,Negatif
kok dana nya terus ngurang sih to up kali tapi tetep ngurang padahal tidak beli apapa riwayat gaada,Positif
woyyyy uang dana ku kok hilang siee k gmna si aman danaa tanggungjawab uang buat modal jual pisang coklat,Positif
tidak di buka pin dana klik lupa pin keluar tulis ganggu coba nanti gimana solusi,Netral
dana tidak di buka saya up grade tapi tetep tidak di buka,Netral
mau ss via aplikasi dana gimana masuk jyga tidak semua cara anda kasih dah ciba tetep tidak kenapa meski gin di update uang gimana,Netral
saya gabisa buka aplikasi butuh versi web,Netral
hari susah cek riwayat transaksi dana poin coba lah kalau niat kasih casback gampang dapat jangan event event kalau sibuk males ngerjain,Negatif
potong besar j,Negatif
klik dagetnya terlalu lama klik link dana kaget tapi malah diam layar awal tidak muncul amplop sungguh meng sad kan sampe muncul om jongkok alias tulis yah kamu lambat please baik oke makasih tanggap akan coba,Positif
buruk tiap aktif fitur dana cicil selalu aktivitas gagal,Negatif
dana bagus bagus aja tapi akun bisnis dengan fitur dana agen beta tidak di akses doong saldo lumayan layan dana gimana,Positif
saran aja sih jangan premium lah susah bayar nya,Negatif
buruk padahal sering transaksi lewat aplikasi tapi tidak dana cicil,Negatif
kaka bantu ini tidak masuk dana henti terus,Netral
sangat bantu,Positif
dana proses loadingnya baik lama banget loading bayar,Netral
baik,Positif
fitur dana cicil sama dana instan punya tidak aktif syarat semua lengkap,Netral
bagus,Positif
cepat mudah,Positif
suka sih pake dana tapi kendala laku isi ulang game uang kirim tidak masuk sama sekali kalau isi ulang lain masuk segera munkin bisa di baik lebih lagi tugas,Positif
harus bintang tp buruk dana krn bln akun masalah tidak masuk krn kartu tidak aktif sudah kali aju pindah akun tapi gagal terus masih minta otp nomor lama nomor lama sudah tidak aktif hanya suruh tunggu tunggu tp ujung nya buruk hasil tidak muas apalg pin verifikasi wajah tidak masalah,Negatif
buruk dana bisnia merchant silver kena tugas tapi uang tidak lngsung di tarik,Negatif
malah tidak buka dana kagett,Netral
bagus baikkkk,Positif
yaa dana ku tadi nya premium sekarang jadi tidak premium d upgrade tetap ajj belum premium,Netral
mntap,Netral
saat laku tari jumlah uang fitur tarik tunai tidak alias eror mohon baik developer,Netral
mau hapus data akun gagal terus,Negatif
tidak bnr sll minta prepikasi terus,Netral
awal bagus sekarang jadi lambat banget,Netral
limit dana cicil tak kunjung tambah padahal bayar lancar tepat waktu,Positif
lambat ampun,Negatif
bagus,Positif
dana bisnis ngk narik jadi malas pake dana ntar mah,Netral
sulit proses pindah akun lama akun baru nya,Netral
puas,Positif
sulit skali ngajukan dana instan padahal premium,Netral
sudah lama pake aplikasi dana cuman heran kan ko saya tidak dana cicil nya,Netral
tadi bagus tapi aneh dana ku tidak buka lgi aneh sampe kesel pas buka aplikasi kok aneh keluar sendiri bukan nya apa duit sayang walupun tidak banyak duit,Positif
masa uang tiba tiba hilang,Negatif
tidak rubah nama bisnis,Netral
lum bantu sich,Netral
tidak fitur pinjam,Positif
bagus sekali langgan dana oke mksih,Positif
sudah daftar premium tapi malah balik dana user gmna cara ngebalikin ke premium soal nya uang ny tidak di transfer,Netral
app lambat,Negatif
bagus bos saat ni mantapp,Positif
dapat ganggu tablet samsung sm t tidak buka menu aktivitas history,Netral
saye puas,Positif
bagus sangat bantu,Positif
mayan,Netral
dana cicil tidak guna pdhl sudah punya fitur ny dn cicil sudah lunas mohon bantu,Netral
bagus,Positif
makin kesini makin kesana minggu lalu isi ulang bank isi ribu tidak potong nd baru kemarin bagus up lg bank nd nominal sama potong bank nya beda uang masuk dana potong coba baik sistem nya dong,Netral
aktif kan dana cicil sya,Netral
baru instal tidak upgrade premium mau upgrade kamera tidak aktif unggah tidak di klik,Netral
belum dana instan,Netral
di tingkat stiap mau buka muncul baca aplikasi tidak menanggapin aplikasi dana keluar tiba lama guna dana tpi akhir kok seperti,Positif
bagus,Positif
kurang lengkap fiturnya padahal guna lama,Netral
ngadain program hadiah tidak niat bnget tgl flash sale tiap buka tidak hadiah stok habis tidak transparan mainin danapoly pas tgl susah banget ky atur k tempat aja sekali jatuh diamond brgnya zonk buruk banget baik k depan diamond k lebih tidak apa apain,Negatif
dong dana wajah tidak verifikasi pindai wajah gagal,Negatif
buruk sama dana cicil nyaa sering kali tidak sedia tidak laku pdhl bayar tepat waktu limit eh tidak d pake buat apa atuh dana cicil,Negatif
banyak rusak,Negatif
aplikasi sangat bagus,Positif
aplikasi sangat bantu dalam transaksi sedikit buruk ketika check in a reward malah suruh verifikasi ulang akun padahal akun saya sudah premium,Netral
makin kesini makin banyak errornya,Negatif
mau upload kartu keluarga ko susah,Negatif
limit dana berapa sih,Netral
sekadar mau ingat aplikasi akun dana mitra kerjasama dana victoria asuransi ada akun dana gimana sbg konsumen rasa sesal tidak puas aplikasi dan kerjasama kalian tidak temu solusi masalah dan contoh suatu klaim asuransi tiba tiba klaim tidak valid tolak jelas saya rasa sangat rugi kalian guna dana mohon hati hati ikut promo promo akun dana sbb tidak tgg jwb,Negatif
tidak tarik uang bisnis uang dana utama padahal laku verifikasi wajah tapi gagal tarik uang,Negatif
kenapa dana tiba tiba tidak jadi buat kirim uang tidak bis auntuk ngambil uang,Netral
ayo jangan berat berat rangin mb nya soal hp ku hp kentaang,Netral
saya guna lebih tahun yapi ko tidak pernah guna layan dana cicil,Netral
difitur ku menu aplikasi dana ku tidak dana instan padahal premium pakai tahun tahun,Netral
mohon bantu dana cicil tidak muncul ya,Netral
ken transfer gratis,Netral
bagus,Positif
gagal verivikasi terus ya,Negatif
sekarang dana susah masuk akun nomor tidak aktif mau dana seperti dulu tidak pakai kode otp masuk akun penting verifikasi wajah password sudah cukup,Negatif
pemindahakan akun salah transfer udh tangan persyaratn lemgkap tinggal buka akun di beku masyyallahh lama bangett suruh lagi memamg uang tidk seberpa tapi itu sngat harga bgi,Netral
sangat puas,Positif
sangat batu transaksi bisnis,Netral
aplikasi eror ko tidak bagus up ml padahal uang cukup buat bagus up tapi tidak aneh banget aplikasi,Positif
dana sering masalah saya baru mau ambil dana dana bisnis skrg jadi gabisa padahal biasa lancar aja,Netral
lumayan,Netral
bagus,Positif
bagus sh tp sayang pinjam hrs pakai rekening bank krn tidak semua org milik rekening bank,Positif
verifikasi wajah gagal mulu padahal bukan guna baru dana bisnis jadi tidak cair payah nih makin sini ngelag mulu makin ribet dah,Negatif
awal nyaman pas upgrade premium malah tidak buat transfer gimana iniii,Positif
baik,Netral
akses cepat ganti aja jadi akses paling lama aplikasi lain masa bagus up game dana tidak padahal niat isi uang dana karna nya akses nya cepat tidak lambat lama update kok gin mohon cepat baik rusak nya,Positif
sebenernya nyaman banget pakai dana tapi kemarin tbtb saya transfer sisa uang k hilang riwayat transaksi chat tapi tidak ada solusi,Positif
dana skrg lambat mau transaksi aja susah lama nya minta ampun,Negatif
sangat bantu,Positif
sangat bantu,Positif
di aplikasi belum muncul fitur dana instan,Netral
sekarang jadi lambat sih padahal jaring bagus mau transaksi aja jadi lama bngt,Netral
bagus up dana selalu potong ya min,Netral
kenapa emas nya stak woii,Netral
karna dana cicil belum muncil,Netral
syaa butuh dana cicil,Netral
hai isi uang elektronik tapi tidak masuk dana nya sukses cuman tidak masuk kartu padahal nomor nya sama bagaimna tanggap nya min mohon bantu,Netral
ist the best,Netral
dana cicil ku tidak padahal premium,Netral
kok sekarang transaksi jadi lambat,Netral
kalau bagus tambah bintang nya,Positif
harus tambah verivikasi email orang nomor telepon nya tidak aktif fitur penting banget,Netral
buka sekarang aplikasi tidak bisa di buka,Netral
kemarin kemarin oke si tapi sekarang ko mau kirim uang susah sering pemberitahuan upgrade dana premium terus diupldate pun muncul pemberitahuan upgrade mau tarik tunai transfer jadi sulit,Positif
dana cicil aktif limit tapi tidak pakai limit turun kocak,Netral
tidak pakai qris,Netral
bagus app hnya saynk byk iklan,Positif
dana cicil tidak dana insatn tidak padahl guna lama keluar gede melulu,Netral
dana tidak transfer suruh update premium tapi tidak,Netral
suka sa sangat bantu,Positif
dana sya ya kok tidak kirim yang bisa shopeepay sihhh kalau yang lain tidak,Positif
tidak konfirmasi bayar,Netral
sekarang klu transfer bank adminnya lumayan,Netral
sangat bagus,Positif
minta kembali dana tepotong aplikasi dana pihak goggle play tnggal november total yang potong jam,Netral
dulu enak enak aja sekarang sebenernya bagus tapi uang potong tidak tau kapan balik lapor si ana siapa sama aja g hasil kasih lah layan manusia bukan chat otomatis gitu payah,Positif
dana sekarang buruk bnget sih aplikasi lambat bnget masa pakai jaring g cepat mbps aja loading nya lama bnget,Negatif
bagus,Positif
kirim uang lncr,Netral
nyicil emas kok uang nya ngurang sendiri awal nyicil perak terus ku masukin k tapi saldo malah ngurang jadi k gimana nih,Positif
tidak menginstal aplikasi tidak kompitabel,Netral
oke,Positif
bagusss sangat bantu,Positif
uang hilang d dana ada tahu saya tidak guna dana,Negatif
sudah komplain bulan kemarin tidak tanggap uang suami hilang rb kirim shop tidak riwayat dua tidak yang tanggung jawab bida sebut app guna tidak sama sekali,Netral
bagus,Positif
ituuu gimnaaa beli paket combo plus lewat dana belum masuk beli kemarin tapi belum kirim sampe sekarang tulis deskripsi kirim lagi rame,Netral
mantaf se x,Netral
di baik kuota tapi internet putus mulu padahal buka lain lancar kalau buka dana suka tulis merah internet putus,Positif
suguh bagus,Positif
belum dapat dana cicil gimana cara aktif nya,Netral
bagus,Positif
bagus,Positif
pihak dana hormat lah bantu akun dana do hp tidak di buka selalu ke menu awal tera rusak terus,Negatif
kadang tidak munculin hasil skrenshott,Netral
fitur dana belum dana cicil padahal syarat saya selesai kan,Netral
bagus,Positif
cara ngatur dana premium bantu soal kenndallaa gaak bsa buaat transfer,Netral
tidak pinjam,Positif
oke bagus,Positif
enggk di mudah pindahin akun dana premium,Positif
tidak seru dikit dikit upgrade jadi batas buat usia ku blum ktp mau invest emas batas maksimal jt udh tidak lebih mau masukin obligasi tidak aih,Netral
mau kirim uang jadi kendala suruh upgrade dana premium laku tapi saja suruh apgrade sampai kali kali jadi kendala saya saya harap depan tidak sulit guna mau transaksi saya jadi ketar tir guna dana jadi sebut,Negatif
aplikasi bagus si cuma buat aktifin payleter nya ribet suruh sering transaksi jelas jelas beli paket data bayar motor aja aplikasi dana saya kasih bintang dulu deh,Positif
apa apa udh buka premium tpi tidak pake buat ngirim tanya di ulang mulu tidak jelas,Netral
lambat,Negatif
lah dana kalau masuk kalau ada pin verifikasi wajah tidak usah pake otp nomer nomerku hangus tidak masuk kalo pake otp kirim email aja dana nyangkut tidak di ambil gara tidak masuk mohon lah dana,Netral
bantu tp sering rusak,Netral
lemooot,Netral
piturnya gs komplit,Netral
dana cicil padahal ke buka tapi tidak di guna sama sekali tidak kalau tidak di guna padahal tagih lunas semua tidak tunggak sama sekali,Netral
lumayan tapi bom dana talang,Netral
transaksi transfer lambat banget,Negatif
kurang maksimal,Netral
sayah tidak buka aktivitas,Netral
bintang ajh gajadi bintang skrng dana knpa kalau ngisi uang tong terus walaupun cma rupiah tpi kalau mau bagus up buat bayar jdi nya ttep kurang,Positif
kak upaya hpus akun ttp gagal ditelfon tidak djwb hubungu layan sulit tidak proses sama sekali,Negatif
lumayan bantu tapi tiba tiba uang potong ribu biaya transaksi ubah rubah saja trimakasih,Positif
dana tulis koneksi internet putus terus padahal sinyal bagus,Positif
ini dana tidak transfer,Netral
sangat bantu,Positif
ya ni dana baru isi dana ribu tambah ribu notif masuk semua tp sekali d cek cuma ribu sahaja saldo yang lai tidak jg notif keluar,Netral
bgua,Netral
sedia fitur hapus akun lebih mudah hapus akun dana yang nomor sufah tidak aktif sangat sulit hapus akun saya,Positif
mohon kembang ya fitur nya tapi bagus kok,Positif
jdi lbih mudah,Positif
bintang dlu soal fitur dana cicil blum muncul padahal pake dana tahun developer aktifin fitur dana cicil baru kasih bintang,Netral
dan sekarang tidak nyaman guna serius buruk,Positif
alun sudah premium harus premium,Netral
akyivitas dana ko ngk lihat barkot keluar uang,Netral
baik,Netral
bagus sih tapi kok sekarang tidak transaksi susah tidak,Positif
baik,Netral
fitur dana cicil belum ad akun sya,Netral
bagus,Positif
dana tidak dana cicil,Netral
bagus,Positif
bagus,Positif
plis lagi tarif pulsa k butuh banget,Netral
bantu dana cicil aktivitas nya di proses selalu gagal bingung,Negatif
baik,Netral
hilang dana rb hati hati,Negatif
gimana cara menangin danapoly ngumpulin diamond tp tidak bisa niat giveway tidak sih,Netral
bagaimana mau ss ana via dana lama masuk nya skrng tidak masuk dana pihak dana ini bagai mana lanjut nya saya verifikasi wajah tapi masuk nya lama nomor telepon mau h aktif tapi masih lama masuk nya bagaimana lanjut nya pihak dana segera beneri,Netral
verifikasi wajah susah,Negatif
apa event kok hoax event nipu wkwk kocak,Positif
event aplikasi dana tidak dibpercaya,Netral
mohon update soal sering jadi rusak pas mau narik uang dana bisnis malah verifikasi wajah padahal pas dulu pakenya pin doang,Negatif
sangat bantu trabsfer uang,Positif
bintang dulu deh bagus sih tapi ya uang kadang hilang sendiri sedot otomatis aplikasi tanpa ijinkan atau payment solusi atas begini,Netral
sangat bagus,Positif
iye,Netral
makin ribet skrag,Netral
tidak di sinrosot,Netral
baik event danapoly tidak klaim hadiah padahal stok ada moga dengar keluh trimakasih,Positif
bagus sih cuman sistem nya lambat pdhl sinyal udh aman harus gacor dong set jadi tidak tuker event dana poly nih kah henti dri dana,Positif
danapoly buat apa sih kok tidak di tuker hadiah nya,Positif
bagus,Positif
notif mempsrbarui data tapi pilih kerja tidak daftar sana daftar kerja jabat perintah terus harus isi apa kalau tidak kerja lembaga perintah notifnya ganggu pop up muncul muncul terus tiap kali buka aplikasi kayak mana,Netral
di bantu pulih akun dana tiap mau verifikasi wajah selalu gagal terus terima kasih,Negatif
saat laku verifikasi tambah kamera nya selalu hitam,Netral
kok kode verif bikin akun tidak kirim wa sms padahal kuota internet nomor aktif,Positif
apl sering eror,Netral
suka rusak si suka tidak jaring mulu,Netral
dana cicil bayar tepat waktu tapi malah tidak pakai,Netral
bagus,Positif
limit cicil,Netral
mau ganti nomor hp baru nomor lama hilang tidak aktif tapi selalu gagal jd belum upgrade akun premium uang masuk akun yang baru tapi tidak ambil,Negatif
sangat baik,Netral
aman sangat buruk transaksi proses lama tidak hasil lebih buruk uang tidak pernah bal hanya iming uang yang akan kembali kurung watu hari tidak pernah kembali,Netral
pokok ny bagus,Positif
di suruh update tapi tidak gimana yah,Netral
terlalu bnyak tagih terima transfer,Netral
dah lama pake dana cepat transaksi tapi y akhir susah banget buka mutasi ato ngisi token listrik tidak bsa buka cek detail uang udh potong tpi g bsa cek detail,Positif
mana dana cicil nya,Netral
diapk dana kok tidak dana cicil kenapa,Positif
bintang saya ikan,Netral
mohon maaf pihak dana aju asisten ana jelas masalah pulsa byu beli belum masuk tp jawab ana selalu kata ikut jelas bayar pulsa byu tidak masuk pulsa tidak masuk mau tambah selalu jawab padahal sudah sedetil nya jelas jawab begituh sekali lg mohon mf ada email bisa saya hubung lapor ini saya lapor asisten ana kurng puas,Netral
sini baru download aplikasi dana baru mau buat akun alami kendala mau isi no telepon tulis koneksi internet putus padahal signal hp saya lancar dan saya milik kouta internet saya coba restart tapi tetap tidak,Netral
dana cicil ko tidak di pake yah padahal ada limit nya a,Netral
transfer uang kurang tpi terima tidak masuk,Netral
sekarang isi ulang kena biaya tugas isi ulang juta kena tugas mungkin banyak tidak sadar biaya tugas langsung potong uang dana ada,Positif
coba transfer bank dana tapi waktu lama tidak masuk rek dana padahal sinyal baik saya coba hub customer tidak alami kendala mohon bantu bukan uang sedikit terima kasih,Negatif
main danapolly ingin beri masuk hadiah dapat dana point dapat mending tidak usah ganti pakai uang rupiah minimal cukup bantu kalau dengan dana point bisa dapat bahkan lebih jika bagus up dana banyak banyak nah alangkah baik itu saja masuk saya si uang itu pakai di dana juga misal di pakai tambah beli kuota token atau invest emas,Positif
transaksi sih cukup baik sangat guna saja banyak tipu aplikasi seperti dana reward danapoli hadiah tidak jelas tidak pernah gilir udh menang tapi malah notifikasi stok hadiah habis,Positif
fitur dana cicil cuma guna x akun lunas dana cicil tidak sedia lantas apa guna fitur dana cicil kalau cuma bantu x guna tsb tidak bayar telat bayar kasi sangsi batas pinjam dana cicil jangan di tolong di baik fitur dana cicil tsb guna bisa guna nya terimakasih developer dana id ana official,Positif
dana cicil nya saat belum di guna buat apa fitur tidak di guna,Netral
kendala apa dana saya terima transfer tapi blom masuk dana,Negatif
macam mana kak capek ngumpulin diamon eh pas mau tukar uang tidak uang habis,Netral
dana cicil tidak pakai meski limit,Netral
bagus,Positif
saya butuh fitur fitur dana instan dana cicil bulan bulan nunggu belum kasih,Netral
tambah g karuan dana woy,Netral
nama guna belum muncul,Netral
ada dana cicil tp kok tidak d pake percuma,Positif
makin berat,Netral
bagus,Positif
punya kok ada dana cicil dana insta,Positif
lama pake dana mudah cepat cuman buruk pas danapoly danapoint beli sama sekali tidak masuk padahal notifikasi transaksi hasil komplain ana lama hari belum solusi tp pas coba danapoint lain yang masuk bisa guna danapoly,Positif
aju dana cicil tuju sudah muncul limit tapi saya mau pakai ko tidak pakai gimana jelas cek proses akun dana tri sebastian,Netral
kadang baik kadang kurang,Netral
bagus,Positif
ribet banget mau tarik uang akun bisnis,Netral
bagus,Positif
buat fitur hapus riwayat transaksi,Netral
upgrade premium aja ribet banget data komplit tapi selalu gagal anehh,Negatif
dana gmn sih main danapolly mau klaim hadiah masak hadiah tidak cukup terus buat apa ngadain even kalau hadiah nya aja susah,Negatif
kok yah dana udh lama tidak kepake bisa beku gimanaa yah cara baik nya,Positif
baguss,Positif
aq kasih bintang aja soal akun belum muncul fitur dana cicil padahl dana premium,Netral
tiap ganti pin selalu sesi akhir harus masuk ulang dulu aman sangat buruk padahal sudah beri tau bukan akun dan kenapa tidak segera hapus perangkat,Netral
ktp pernah pakai akun dana lama tapi nomor hilang gilir buat akun dana baru tidak upgrade premium jalan keluar tugas dana kalau kantor nya mau baik akun dana sekarang soal nggk buat apa dana nya,Negatif
lh dana event mu baik sudah beli dana point tapi tidak masuk,Netral
bingung beli pulsa kata masa aktif nomor tambah hari sesuai beli berapa tapi bulan beli ulang tidak sama sekali nambah masa aktif mau beli bahkan bikin khawatir kalau gin jadi transaksi lancar aja cuman tolong di fix untuk masalah tambah masa aktif,Netral
cetak qris gbisa pdhl udh nunggu malah suruh minta izin smua udh dinyalain malah dibwa bolak balik,Netral
benar nya bagus cuma hadiah nya loh ngumpulin diamond hadiah nya tidak di tukar ya sampe ngeluarin dana buat nyepin tekumpul malah tidak tukar ngumpulin tidak tukar padahal hadiah cuma rb ngeluarin dana sudah lebih itu tidak workit,Positif
bagus,Positif
bagus,Positif
kalau masalah ribet tidak selesai,Negatif
akun dana kena suspend kata adalah hasil akhir padahal jadi lapor kena tipu saya transfer qris saya hanya nyata refund telah beberapa hari nyata tidak bisa di refund malah sekarang kena suspend whtt bener aja saya selalu transaksi guna dana lantas sekarang gimana mau dana,Negatif
bagus,Positif
terlalu banyak pemberitahuan tidak penting sangat ganggu,Netral
kok sekarang jadi banyak biaya tugas apakah saat pindah dompet digital belah,Positif
teansfer gopay tidak masuk,Netral
ngasih event tidak niat masa mainin danapoly habis ribu point laps nya tidak nambah,Netral
tiap mau kirim tidak ya slalu suruh upgrade di upgrade tidak di kirim,Netral
kak dana cicil kok tidak guna waktu awal abis bayar malah tidak,Positif
hallo solusi tidak mau masuk akun dana tidak minta kode otp nomer telpon sudah tidak aktif sudah mati soal uang dana tapi gabisa masuk pusiiiinggggg,Netral
jangan tampil otp,Netral
akhir akhir dana nya tidak gbisa dipake traansaksinya tolak terus kata alas uang tidak cukup padahal lebih jadi kasih solusi cepat,Positif
bagus sih tapi uang ku hilang tiba tiba rb padahal enggak belanja online buruk sihh buruk banget,Negatif
hari saya mao transfer aplikasi dana sya tapi pas sya mau kiri ko d suru upgret d laku sesuai atur ttp g bisa d kirim jelas nya dong mana uang nya,Netral
bagus up isi data pulsa uang banyak tapi tiap transfer apa tidak ampunnn x lhaaa donk bantu,Positif
susah ganti akun pdhl kuota tapi masalah koneksi terus,Negatif
punya keluh mulai chat ana arah layan agen suruh tunggu hari belum pasti dm ig jga cuma kami cek kami cek,Netral
check in hari hari dua tidak ambil,Netral
jujur aja sebenernya suka gampang and tidak ribet cuma aneh aja beli kuota selalu tidak sesuai misal beli kuota gb gb tapi waktu masuk cuma gb gb padahal harga segitu cukup nguras uang,Positif
beri bintang dulu belum aktif kan dana cicil,Netral
jarang bonus sering transaksi,Netral
hp hilang serta kartu usaha ganti kartu lama kartu baru tapi suruh ganti nunggu email hari tapi sekarang blom email jelas tolong cepat cara kerja nya butuh uang nya semua uang tahan dana,Netral
dana saya praktis simpel sangat bantu,Positif
syh sangat suka punya dana serba gampang,Positif
mau lakuin bayar axis app tidak muncul notif aktivasi nya sudah tungguin lama tidak keluar notif nya,Netral
pakai dana premium bisnis barusan hilang uang uang dana tpi tidak tanggap kemna sya adu uang bisa,Negatif
tidak pke dana cicil lg gatau heran,Netral
bagus,Positif
bagus,Positif
lumayan,Netral
tidak di buka update,Netral
dana tidak dana cicil nya padahal lama teransaksi pake dana,Netral
mau update premium malah kendala sii,Negatif
maaf kasih bintang yah tidak masuk akun dana kalau dulu sekarang koneksi internet putus tidak masuk,Netral
tidak unggah data lengkap kartu keluarga,Netral
jam berapa min berlian event danapoly di tuker sama hadiah,Netral
makin kesini makin kacau aplikasi isi token listrik cuma proses doang dibatalin nunggu jam sudah jam tidak batal,Positif
akun tiba tiba tidak premium gimna tidak kirim uang belum tanggap dm di x fb,Netral
haelah bohong aja ikut event justru tidak dapet mana di kumpulin diamond nya isi hadiah nya tidak ngotak cuma voucher padahal jelas situ tab iphone punya bukti nya kok jadi tidak asal speak up,Positif
bagus,Positif
bagus,Positif
akun tidak terima bagus up rek bank,Positif
cepat bagus,Positif
makin kesini makin lambat mau transaksi qris aja nunggu proses nya hampir menit,Negatif
emang sih gampang bagus lah tapi sering kendala jaring padahal jaring bagus dipake buka web lancar tapi pas dipake buka dana tulis koneksi putus ayo jaring gimana,Positif
bagus,Positif
yaa dana cicil gabisa guna padahal pernah lunas bayar,Netral
hallo bantu kait uang dana yang hilang sangat buruk aman aplikasi dana,Negatif
bagus,Positif
harus verifikasi kode wa sms kalau pin sama verifikasi wajah hasil buruk,Negatif
bos ya ini dana bnyak kendala sekali mudah ini semua transaksi saya jual beli malalui dana,Netral
bagus,Positif
hallo ya aplikasi kenapa tidak di buka,Netral
sayang tidak kasih dana cicil,Netral
soal dana cicil tidak jelas kalau tidak dipake mndg gausah limit kadang ken pakai buat darurat tidak pakai nanya ama ana jg tidak jelas jawab,Netral
dana gabisa pakai,Netral
pas mau kirim foto kk kenpaa layar jadi item trus uda uninstall malah sama gitu trus gmna ni min kasih solusi dong coba bagai cara tapi sama aja,Netral
bagus,Positif
aktif kan dana cicil kalau tambah bintang saya sudah premium dana cicil nya tidak,Netral
napa kalau mau nuker coin tiktok kok tidak,Positif
bagus,Positif
tuker diamond stok lebuh gilir tuker stok habis percumah dah sia sia,Positif
dana instan sya tidak di proses,Netral
mohon tambah costumer service hidup bisa bantu anggota milik dana milik masalah aplikasi,Netral
kak saya jadi tidak masuk trus kemaren kemaren padahal akun ku premium malah balik ke awal,Netral
cukup mudah,Positif
kenapa dana selalu tulis premium mulu tapi dana sudah premium,Netral
mohon tingkat nya soal tiap dipake di buka suka loading makasih,Positif
buka aplikasi dana paling bawah tulis koneksi internetmu putus nih padahal sinyal lancar baik,Positif
baik sekali,Netral
upgrade nya hasil tidak bjsa terus dk guna bik kesel,Netral
fitur bayar online shop sope dah tidak lagi min,Netral
bagus,Positif
sudah fitur dana cicil tp knapa coba aju beli pulsa paket data slalu mentok ferifikasi wajah gt trs ngulang za payah dana cicil php doang baut apa coba dpt limit dana cicil tp tidak guna bikin buruk za,Netral
jelak dana tidak dana cicil adahal lama,Netral
ko aplikasi dana jadi susah masuk belum lancar lancar aja pake kode otp lagi no hp nya hangus sudah bagus up jelas saya masuk harus pake kode otp,Positif
mulai rusak,Negatif
tidak menginstal,Netral
terlalu ribet saya tidak buat sederhana,Netral
sangat baik,Netral
bagus,Positif
uang belum masuk dana,Netral
semenjak update makinn kecewa biasa masuk akun dana pake verfikasi muka pin sekarang perlu pake kode otp nomor telepon hilang pindah akun sama minta kode otp padahal kasi tau kalau nomor telepon hilang bantu uang saya ada di situuu semua,Negatif
aplikasi dana ny tidak buka,Netral
susah,Negatif
dana loginnya pakai scan wajah aja pin ngak usah pakai kode otp punya kartu dah mati jadi susah ngak masuk,Negatif
gimana ni cara verifikasi ulang payleter tidak di guna,Netral
bagus sangat menyenangkn,Positif
kok bisa masuk aplikasi padahal biasa lancar aja,Positif
gimana mau foto kk kok tidak min,Positif
saya tidak pake qris kak,Netral
tidak bisah buka,Netral
ada fitur refund antisipasi salah kirim,Netral
mhon lebih teliti soal akun dana kdang ngilang sndri,Netral
pertama maka enak sih bagus up roblox kemarin kok tidak kata tidak selesai bayar lebih limit transaksi jadi yaudah ku tungguin sampe esok eh nyata belum plis mau bagus up roblox,Positif
bagus,Positif
bagus,Positif
asisten ana gaguna sama sekali kalau tanya jawab tidak nyambung sangat buruk sama sistem dana,Negatif
moga segera pulih,Netral
sebener nya dana ni bagus tapi kadang lambat kadang cepat padahal pake wifi,Netral
di ketat aman app nya,Positif
terlalu ribet apadahal cuma toup doang,Netral
dana tidak muncul dana cicil,Netral
senang guna aplikasi dana mudah dalam bertranssaksi,Positif
bagus,Positif
masuk tidak susah,Negatif
sangat bantu mudah transaksi,Positif
mudah transaksi,Positif
bagus,Positif
kocak lambat iya ngk buka iya kocak,Negatif
tidak masuk akun nomor tidak aktif tidak terima kode otp hubung pusat bantu tidak hasil sama sekali,Netral
di akun dana tidak fitur dana instan paylater,Netral
maaf dana sudah coba tips dana masalah transaksi tapi tetap gagal tetap eror dana cara untuk nge fix kan nya masalah eorr jumlah lewat batas padahal baru belanja rb,Negatif
dana trproteksi tongng min solusinyam,Netral
mau masuk akun dana lewat hp karena hp lama rusak tp masuk ny susah banget solusi ny dong ana robot,Negatif
sangat bantu,Positif
cukup muas,Netral
punya masalah transaksi besar rp selesai masalah cepat nya doang jangan di gantung gitu aja bukti udh kirim coustemer tp blom selesai buruk berat,Negatif
gimana siihjj mau ambil gambar malah hitam layar nya leg terus padahal sinyal bagus,Positif
update malah tidak kirim terima dana,Netral
makasih,Netral
capek sama layan dana tidak bantu sama sekali nomor expired sial nomor aktif sama operator padahal saya upgrade nomor premium mau data balik aja gabisa padahal ktp fisik saya lo layan ttep masukin kode otp akun lama lah bisa dpt akses mana nmr di pakai orang harus masukin kode otp akun lama nyesel pernah upgrade ke premium,Positif
tidak ngirim bang nyuruh up sukses tp tetep ajh gitu,Netral
aplikasi nya cukup oke tapi pas mau join dana premium terus pas mau up foto dokumen tambah si camera nya malah gelap tidak liat apa apa,Positif
koneksi internet putus padahal aplikasi lancar aja gimana si masa pake wifi kalau buka dana,Positif
kok mau masuk aplikasi dana tidak ya bos keluar trs aplikasi nya,Positif
bagus,Positif
sangat kecewa ngisi paket data lewat dana jm jm belum masuk uang lgsg kurang komplain lewat wa email tidak tanggap,Netral
gmn solusi dana kok tiba tiba potong uang ku,Positif
update tidak di buka,Netral
aplikasi dana ko g fitur dana cicil nya,Netral
apa dana kok loading terus mau isi pulsa kemarin,Positif
dana transfer lewat qris ribu pihak terima tolak akirya kembali tapi uang hari belum masuk terus dana bisnis transfer aplikasi juga sama sado masuk gabisa tarik,Netral
siih dana upgrade premium gagal terus lapor nya data pernah guna nya pedahal baru no sekarang aja pake,Negatif
pas lagi beli data dana kan pilih murah tapi pas dpat kan data tapi uang dana ku kurang banyak,Netral
dana rusak tidak klaim hadiah hari sama hadiah dana deal nya,Negatif
guna aplikasi sudah lebih tahun saat fitur baru pinjam danacicil akun dana tidak muncul,Positif
sangat guna sekali,Positif
bagus cuman bom dana pinjam,Positif
sulit ganti nomor sudah tidak aktif,Netral
buruk selalu tepat waktu bayar dana cicil dana instan tiba tiba kemaren aju dana instan tidak,Negatif
maaf kasih masalah kendala bayar mulu di baik,Negatif
baru cobasi,Netral
aplikasi nya sih bagus cuma kurang nya saya tekan tombol daily masuk mesti kagak mulu dah padahal jaring sinyal ku lancar aja,Positif
bingung sama dana tidak fitur hapus akun,Netral
dana tidak fitur dana instan padahal sudah penuh syarat bantu dana ada fitur dana instan,Netral
suka susah masuk situs bagus upnya lama bet,Positif
telah update aplikasi mlah tidak di buka mana dana lgi,Netral
tidak masuk kalau nomernya hilang gmna cara masuk kode verifikasi,Negatif
aplikasi nya kurang tidak layan dana bisa hub di minta bantu ada cuma chat robot ana tidak ada aplikasi buat hapus akun,Netral
knapa dana tidak e ktp akun,Netral
sangat bantu,Positif
skrng lmbat banget banget banget si dana mau ketik nmor aja hlamannya tidak muncul mau ngetik pin halaman tidak muncul udh chat layan nya x ttp bgtu tidak brubah,Positif
bagus,Positif
bagus tapi sayang banget proses masuk terlalu ribet lu harus masukin pin scan wajah aja minta kode verifikasi eh developer t pin bener wajah saya sendiri ter verifikasi jadi tidak masuk cuma no kartu tidak pakai saya muka orang ribet si update tidak,Positif
cobain fitur dana cicil limit bagus coba belanja tokopedia harga ikutin cara pandu baik benar nyata tidak guna dulu kalau bisa dana cicil full,Positif
akun premium tp tidak dpt akses danacicilan kecewa,Netral
aplikasi dana tidak ke buka,Netral
baru isi uang dana potong biyarin ap gila baru ngisi di potong aja woy ptong gede lu ngisi uang ko sisa,Netral
bagus,Positif
mantapppp,Positif
sangat mudah transaksi lalu aplikasi ini terimakasih,Positif
gabisa masuk,Netral
bagus,Positif
padahal paling tepat waktu tidak flash sale hoax huuuu,Netral
buruk banget sama dana bagus up e money uang dana udh potong tulis hasil tapi cek uang e money nya bom masuk nunggu pusat bantu putus nya lama bngt,Netral
fitur dana cicil dana gamesnya baik dari kemarin mau bagus up kendala jaring terus pas bayar pake dana cicil padahal jaring bagus untuk sementara kasih bintang trimakasih,Positif
dana tidak di gunakn uang besar tidak dipake ngirim alas aman ke layan di istal ulang tetep tidak aduhh,Positif
punya belum fitur dana cicil,Netral
mudah gaya hidup,Positif
masalah pd sistem coba lgi x coba mah gagal terus,Negatif
event nya gajelas tunggu sesuai jadwal nyata hoax kalau ngadakan event coba real aja jangan iming doang kasihan sudah tunggu,Netral
sering hilang uang,Negatif
aplikqsi bisa andal,Netral
beli kuota dana terang kadaluarsa tp uang tidak balik x alami ini,Netral
baguss,Positif
bagus aman kenapa punya sekarang eror tidak di buka,Positif
dana sedang masalah mau isi uang malah selalu jadi salah sistem bagai mana,Negatif
tarik tunai tidak di buka cuma muncul logo dana hitam neo g,Netral
aktivitas dah satu bulan tidak di buka,Netral
bagus,Positif
premium tapi mas kait akun nya tidak jlas laku arti aman nya kurang and kalau tidak ingin seperti ktp bocor hilang uang kita dana gimana segi transfer an sih mayan simple bagus tapi aman nyimpen duit di dana di bilang kurang banyak hilang saldo isi ulang gajls transfer apa apa,Positif
apa hrs uninstal dl kalau tiap habis update otp lama banget,Netral
kk akun dana ada lapor jadi saat tidak di buka gimana caraya bisa masuk kembal,Netral
suami pakai dana dia tinggal akun dana punya uang banyak istri tidak buka akun dana karna pakai verifikasi wajah jadi susah bagaimana cara buka dana suami verifikasi wajah tanya samadiana tidak jawab rugi donk pin bagai istri saya hafal betul tapi masuk akun dana suami susah karna verifikasi wajah mohon bantu,Negatif
no hp hilang padahal password semua tau udh pmindahsn akin gagal pke cars main susah,Negatif
sangat puas,Positif
bagaimana cara mengajukak fitur dana cicil dana instan dana pinjam,Netral
pas waktu salah kirim uang orang tapi tidak kembali syaa sangat buruk atas tidak kembali,Negatif
mudah cepat,Positif
bagus,Positif
dana sudah premium kok tidak keluar dana cicil,Positif
kalau ngisi pulsa ngurangin sendiri,Netral
dana ya mau ubah nomor kok tidak jadi kata dana masalah ganggu gitu segera baik terimakasih,Netral
sangat baik,Netral
keep improve,Netral
munculin fitur dana cicil dana premium,Netral
isi k beli pulsa kurang banyak banget si tolong baik uang,Netral
bagus,Positif
masuk dana tidak sih,Netral
gimana dana gua premium ko tiba tiba jadi tidak premium padahal uang gua lumayan banyak jadi tidak di tarik tunai taik lah,Netral
dana cicil aktivasi tapi tidak guna tidak sedia ya temen temen,Netral
sangat puas,Positif
ribet ya mau hapus akun dana,Netral
saya tidak kirim uang kata suruh upgrade di upgrade hasil sama ajah tidak ngirim uang,Netral
tidk dapat fitur dana cicil dana instan padahl sudah upgrade dana premium sangat buruk sih,Negatif
mayan,Netral
dana cicil tidak di guna,Netral
dana jadi tidak di guna wifi padahal paket data tp ttp tidak,Netral
dana tidak dana cicil padahal sudah premium loh,Netral
bagus,Positif
bagus,Positif
tidak kirim uang padahal premium pas mau ngirim malah d suruh coba dana premium gimana,Netral
sangat buruk bulan lalu sangat lancar lama buka bagus up uang cuma suruh verifikasi wajah terus hampir tantrum tp habis cuma layar putih doank tunggu menit lebih layar tidak ubah kapok untung sjaa bagus up tidak banyak baik lah,Positif
suka,Positif
verifikasi guna wajah sama sekali tidak guna uang dana bisnis tidak tarik wajah pas bar garis biru audah full tetap anggap gagal terlalu lama fix dong dana jd tidak dipake sama sekali tambah opsi guna pin tarik uang dana bisnis,Negatif
gimana cara nya ko tidak mengungah foto verifikasi tambah dana premium,Netral
sekarang dana kok jadi lambat tiap mau transfer susah padahal jaring bagus di baik buat pihan aplikasi dana guna aplikasi dana transaksi lebih cepat nyaman,Positif
sangat dlm transaksi elektronik,Netral
kualitas dana makin buruk saat butuh malah eror mohon tanggung jawab,Negatif
bagus,Positif
akun dana di beku cara bisa di guna bagaimana ulang kali hubung ana tapi tidak hubung apa tidak cara lain uang sedikit tapi butuh terimakasih,Netral
kasih bintang dulu soal gaada fitur dana cicil nya,Netral
lumayan bagus,Positif
baru kali ngeluh pake aplikasi dana padahal upgrade tapi pas bagi kirim uang suruh upgrade gitu gitu terus dong pihak dana segera baik,Netral
goog,Netral
awal bagus kirim shopeepay tpi lama lama enggak tolong baik,Positif
alhamdullillah sangat bagus semua main suka,Positif
uang ku kok hilang,Netral
baik,Netral
tidak masuk lalu otp kareana nomer hp wa daftar tidak aktv,Netral
baik sistem aplikasi nya mau upgrade peremium malah tidak karna vitur kamera nya mati kirim file tidak padahal tinggal foto kk,Netral
bantu,Positif
sya kasih dlu krena dana cicil sya tidak tulis aktif skarang,Netral
ku ma ha ieu teh,Netral
dulu pake aplikasi transfer mana gratis skrng bayar mending pake m banking aja kalau sama bayar mah bln isi uang kena cas jd lebih mahal transfer anttar mbanking,Negatif
yaa bayar qris pke dana si terima tidak nerima bayar selang bbrp hari ttp aja tidak transaksi masuk mutasi pdhl terang transaksi hasil jadi tuh uang jatuh nya kemanaa chat ana gaada selesai,Netral
tidak transfer uang suruh uograde padahal di upgrade lama,Netral
puas,Positif
lh aplikasi benerin mau buka aplikasi ny tidak buka buka dri tadi,Netral
trimakasih semenjak punya akun dana apa jadi mudah,Positif
sumpah banyak kendala pakai aplikasi tranfer bank transaksi hasil tapi uang belum masuk,Negatif
tugas bank masih mahal,Negatif
positip,Netral
dana ganggu mulu dana cicil tidak di pakai lah,Netral
ka masuk nomer dana langsung henti terus gimna,Positif
dong lunas tagih dana cicil tidak guna dma cicil dapat tulis sedang tidak laku padahal saya sudah lunas,Netral
tugas dana gabisa nomer nya ilang masuk dari whatsapp otp nya gimana buat masuk masukbnya soal nya uang nya,Netral
belum dana sudah premium kirim uang tiba dana tidak bisa ngirim uang dan jadi dana user status akun,Netral
akun teman smua punya fitur dana cicil kok tidak padahal sangat sering transaksi guna dana hal butuh banget pas kuota abis tapi gaji lama kan butuh fitur,Positif
nomer sdah hilang mau masuk hrus pakai kode otp jdi ggal masuk pdahal uang lumayan bantu min,Negatif
kasih bintang dlu,Netral
kok dana makin tidak jelas kalau soal reward mah si dana punya basic pelit sekali nya ken nyoba ikut event dana poly padahal penuh syarat kuota buat claim banyak eh tiba tiba reward mau tukar hilang why,Netral
kalau masuk dana jangan pake otp kalau kartu hilang gimna,Negatif
akun dana udh premium tpi tidak terima uang,Netral
cacat,Netral
dana sekarang sering sekali lama ngirim nya jam dana bank,Netral
mantapppp,Positif
oke,Positif
kirim uang nomor ojol dana nyata nomor tidak dan harus ovo tapi tetep kirim kok ya ken kembali uang karna sblmnya kalau nomor salah masuk kode,Positif
bintang aja dulu soal baru coba,Netral
buka aplikasi dana hp tablet samsung nomor akun beda tp hp tsb tidak trouble download aplikasi dana ke hp lama krn buka dana yang baru nomor akun baru bilamana bgm cara nya bila tidak bisa cara apa spy dana dpt dengan jwb an tadi tidak erti apa maksud nya krn belum dpt fahami tuntun agar tertawa dengan lega puas trimakasih,Positif
sinyal xl nya leg,Netral
mudah,Positif
bgus,Netral
sangat cocok mudah proses,Positif
aplikasi sekarang tidak tarik tunai yah,Netral
baik,Netral
ya foto profil tidak liat kalau masuk profil tapi kalau beranda foto nya aneh bener,Netral
tingkat aman dana,Positif
uang ilang ribu,Netral
danapoly sering rusak terlalu sita waktu kasih fitur x spin cepat main donk,Netral
bagus,Positif
bagus,Positif
kok dana ku buka ya susah banget buka mana baru bagus up tolong dong bantuanya dana ku bisa buka aq kasih bintang dulu nantai kalau bisa di buka aq kasih bintang nya,Positif
bagus,Positif
bgus,Netral
bgu,Netral
ini gimana transfer bri dana kirim sukses tpi dana belum saldo dong bantu nya,Netral
banyak fitur tidak pakai,Netral
tidak pitur dana cicil nya padahal lama banget pake dana sering transaksi sering to up,Netral
gimana si dana cicil nya kok tidak di pakai,Positif
soal dana cicil aneh bangett udh lama tidak sedia terus padahal limit tolong baik,Netral
minus suka rusak rusak,Negatif
buruk dg aplikasi dana bulan lebih tidak pakai transaksi transfer sudah chat layan nya dpt kode lapor tp skg tetap tidak guna,Negatif
bagus gas,Positif
akun udh premium hampir tahun tpi dana instan tetap tidak padahal sering buat transaksi,Netral
bagus,Positif
kok ada dana,Positif
nomer hp ilang tidak aktiv masuk akun dana kalau make hp tidak harus otp sedang nomer audah hilang tidak aktiv solusi gimana,Negatif
suka aplikasi tpi sayang dana cicil nya tidak di guna tugas dana,Positif
kok saya tidak tarik tunai padahal bagus up sama pay aja sangat kecewa,Positif
update pas mau masukin kartu keluarga malah blank hitam sama freze,Netral
sanget nyaman,Positif
dana lu saya mau tarik uang bisnis kagak mau cek aktifitas kagak bikin kesel aja,Netral
bintang dlu soal minta kembali dana belum ad info kalau dana sya udh balik sya bakal kasih agi,Netral
bagus,Positif
bagus,Positif
saat ingin buat akun premium harus dokumen tambah tiba tiba layar nya hitam semua,Positif
kasih bintang dulu kalaw ada dana paylatter akun dana baru kasih bintang,Netral
bagus tolong tingkat kualitas aman pernah bobol lenyap juta tengah,Positif
buat transfer saja cepat,Netral
kurang puas ini aplikasi dana kok tidak dana cicil nya di aplikasi anak menu cicil nya ini kok tidak ada sih,Positif
bagus,Positif
oiiiii dana rusak terossss buat bagi qris ngapa da duhhhh lah,Negatif
aplikasi nya tidak bagus tidak narik dana bisnis mental mental aja lah baik,Positif
dana dulu bagus sekarang ko susah banyak kendala tidak buka bukti transfer tidak bisaa chat qris nya sering kendala gimn atuh bintang ajah,Negatif
hai riwayat keluar uang tidak sesuai isi ulang uang ya layan bantu aplikasi balas bot cuma mutar mutar ada terang jelas,Positif
jujur buruk sama aplikasi maka aplikasi bisa bilang lama banget buruk jadi laku transaksi nyala protection deskripsi saya kalau alami tipu uang akan kembali saya alami tipu saya aju kembali uang saya laku semua di suruh layan sudah hari saya belum terima info uang kembali sebut,Negatif
aktivitas dana selalu rusak terus,Negatif
semenjak updet dana kok makin lambat loading buka aplikasi nya sih bahkan smpe jam jam baru ke buka,Netral
apa dana,Netral
nomor hp hilang tidak dapat kode otp pasword pin ingat semua tapi tidak masuk masuk,Negatif
di baik lah masa di suruh update terus tiap kali kirim uang padahal upgrade dana premium tapi tetap aja kali kirim uang minta update terus terus fitur lain bagus oke,Positif
aneh kamren pake dana cicil tapi sekarang tidak knph kaya gitu,Netral
jangan sembunyi,Netral
ganti nomor dana transfer nomor dana lama hasil tapi uang bom masuk rekening dana alhasil uang transfer an ku hilang ndatau ada solusi,Negatif
bagus,Positif
bagus,Positif
dulu tidak gendala sekarang buruk dana tiap habis topap selalu proteksi makin lama makin sulit layan nya,Netral
dana ku premium harus uprgde dan skrng tidak kirim sama sekali,Netral
cukup baik,Netral
mau buat bagus up e wallet lain rusak mulu herannn,Netral
baru coba moga guna,Positif
verifikasi sulit buat anak muda mana sering logout sendiri,Netral
cukup bantu trimakasih,Positif
bagus,Positif
pas mau buat akun baca jaring putus nih padahal jaring bagus,Positif
bagus,Positif
lama sya guna aplikasi tpi fiturr dana instan nya g,Netral
aman,Positif
baik,Netral
min dana bisnis punya ku belum ngebagiin qris orang saya mau jual online masa nyamperin orang mau bayar luar daerah provinsi,Netral
knpa tidak krm baca ny hrus upgrade benerin,Netral
dana transfer proses nya lama yah kemarin sekarang belum masuk uang nya,Netral
oke,Positif
gimana sih biar premium gagal terus,Negatif
jangan suruh baru terus apa ett,Netral
nyebelin anjir apa premium ganti no hp no nya tu gada hp ilang suruh upgrade tapi msih kode otp no lama gabisa lah ribet jdi nya mau transfer upgrade teruss uang jd situ aja elahhh,Netral
baru pertama pakai aplikasi dana sya mau tnya transfer lewat alfa slah no blkng ny gimna pa di balikin dana ny lg tidak gimna cra ny buat balikin dana ny minta konfirmasi,Netral
lumayan kalau simpan uang tpi kalau urus masalah lain kurang,Negatif
malam dana tidak buka y tlg tingkat lgi,Netral
guna dana lama tapi dana belum guna dana cicil,Netral
sekarang dana mau liat transaksi malah kata kendala proses mulu padahal jaring aman aja kan jadi tidak liat lg transaksi,Netral
saar bagus up game eror tarus,Positif
smoga lebih bagus,Positif
umum aplikasi bagus tambah fitur fitur yang simple beli token thanks,Positif
selalu rusak kirim uang shopeepay segera baik,Negatif
baik baik aja,Netral
lambat,Negatif
jika memang potong biaya kasih terang riwayat mutasi tidak perlu sembunyi,Negatif
aplikasi makin kurang banyak banget biaya tugas proses transaksi lama padahal dulu bagus,Positif
ana hubung dsuruh pusat bantu kpusat bantu dusuruh k aflikasi cuma mau maka dana cicil,Netral
tidak masuk hp ku dana ku sendiri,Netral
sayang dari dulu dana instan belum muncul hampir hari laku transaksi dana tapi dana instan belum muncul,Netral
kurang puas ganggu qris lama,Positif
tiap hari ganggu mulu nyebelin ni dana,Netral
lumayan bantu,Positif
minta aktif dana cicil tapi tidak pernah tanggap,Netral
baik,Netral
dong jangan bikin ribet mau kirim uang aja tambah susah,Negatif
jaring selalu ter putus tidak pake data di bantu,Netral
punya kok belum muncul dana cicil nya,Positif
sangat bagus,Positif
lumayan bagus kita tabung sini tapi sayang nya bayar isi,Positif
dana makin sini makin kurang bagus lah biar transaksi nya cepat,Positif
tidak di instal aplikasi nya pdhl simpan banyak,Netral
suka susah kalau sinyal jlek,Netral
kok sekarang aplikasi dana banyak tipu atas nama kan dana tiba tagih nila jt padahal tidak laku transaksi apa lebih parah si tipu tau data tolong baik soal sistem aman nya ya,Netral
kak ko akun enggak mau masuk yah pakai muka tpi loading mulu padahal sinyal bagus,Positif
padahal premium tapi tidak buat transfer malah suruh apgrede di baik dana oy,Netral
sering update bukan lancar malah banyak loading kaya tidak internet payah,Positif
makin ksini sinyal nya makin lambat buat transaksi jdi lama baik,Netral
ada kode,Netral
enak sekali,Netral
dana sih malah sulit orang kerja luar negeri kenap pakai otp whatsapp sekarang,Netral
aplikasi dana buruk sekali hampir tahun pakee aplikasi gaada fitur danaa instaan sangat tidak wort ith sekali,Negatif
kuurang bagus hal transaksi,Positif
rotasi dana blom ad,Netral
dana cicil tidak pakai kenapa padahal bayar lunas semua tagih,Netral
syangnya tidak pinjam saldo,Positif
ikan jelas logika guna dana lama tapi kok dana cicil tidak di akun,Positif
ku kasih bintang aja soal buruk ama fitur fitur nya kok akun sudah premium tapi ngk dana cicil nya dana paylater nya mana sering lambat tolong dong periksa baik masyarakat biasa kita terbantuu,Negatif
hari gabisa transaksi yaa malah suruh upgrade dana premium gilir klik mau upgrade terus tulis hore hasil tapi tetap gabisa transaksi padahal dari awal dana premium pliss bngt min mau transfer butuh bngt mana mau tarik tunai lagiii segera baik hari juga,Netral
pernah daftar premium terus daftar akun dana dengan nomor beda tapi ktp sama akun baru tidak upgrade premium,Netral
info kang ko dana tidak buka aktivitas atur and lain kira kira iya,Netral
mohon bantu segera aktif fitur dana ciicil saya,Netral
kasih fitur cetak struk,Netral
harap moga jaring nya lebih lancar proses nya uda bagus kak tidak pake manunggu lama,Positif
maaf min kasih bintang gin dulu soal susah banget pindah akun lama sudah renium akun baru,Negatif
jangan sering sering update terus,Netral
fituur dana cicil nya tidak di pake,Netral
assalamualaikum buat pihak dana proses masuk cukup pake wajah sama pin aja di hapus pakai kode otp banyak orang tidak masuk karna kartu hilang hangus bagai nya sekali minta buat pihak dana di hilang buat privikasi masuk guna kode otp,Negatif
min bantu sesi wajah masuk gagal terus,Negatif
nyebelin banget mau kirim uang dana tapi gabisa karena suruh upgrade yaudahlah upgrade tapi tetep gabisa kirim suruh upgrade terus padahal upgrade dong gimana yaa,Netral
saya mau masuk tapi keluar keluar terus gimana,Netral
standart,Netral
kartu nya hilang kalau ganti nomer otomatis uang nya aman min,Netral
rusak pas ingin laku beli uang lebih cukup pas mau bayar kok rusak terus kata uang kurang pas cek uang nya enggak kurang rusak sistem nya apa,Netral
lambat laku transaksi aplikasi lambat lalod,Negatif
tugas kenapa cuman yang cuman kena pajak besar kirim ambil uang orang ngirim saya selalu kurang walaupun tidak banyak sangat ganggu sama sama transfer orang laen selalu kena denda pihak tugas untuk lihat balas pesan terimakasih,Netral
tidak tau org ak blum nyoba,Netral
uang ku pernh colong rb tolong kembaliin,Netral
lambat banget,Negatif
huruf nya kurang gede kalau gede tak kasih bintang,Netral
moga baca harap banget dapat solusi masuk lah tambahin fitur aplikasi sendiri nggak aktif aman hp lupa password dana nomor lama sama premium nomor hangus mau daftar premium gabisa ktp pernah pake nomor lama hangus jadi dsna yang baru gabisa buat transfer sudah tanya ana sama tidak solusi sekian terimakasih,Positif
dana tidak tranfer,Netral
transaksi beli kuota pending belum pasti sekarang batal tidak proses tidak laaa butuh pasti minimal di proses aja udh ckup masalah ny nominal gede,Negatif
tidak masuk akun dana pun sama wajah ki tidak bisamasuk harus pakai sms kartu hilang tetap tidak kenapa ya,Negatif
mau masuk dana ko keluar sendiri,Netral
kalau lewat trsfer lazada dana walet uang kembli tpi tipu tipu uang kembli ludes,Netral
sangat kecewa tidak mudah dulu masuk nomer mati dulu masuk pin wajah aplikasi untung diri sendiri uang guna bilang sia percuma suruh hubung ana lah suruh menu bantu lah semua sia jalan baik alih aplikasi yang bisa di percaya,Positif
baik,Netral
dana sya jadi upgrade padahal premium jadi sekarang tidak untuk transaksi,Netral
ngelag banget aplikasi nya ih mau bayar kirim gabisa pencet fitur nya heran,Netral
sementara kasih bintang dulu,Netral
pertama sangat senang dngan dana transaksi ny mudah ketika nomor kartu daftar dana mati cb masuk itu masuk kode otp yang turut sangat sangat tidak nyaman skrg masih tidak masuk pdhl uang lumayan,Positif
masuk ulang lama sekali,Netral
lumayan,Netral
tidak hapus data transaksi keluar masuk uang tidak isi uang karna transaksi penuh,Netral
bagus aplikasi mudah transaksi,Positif
balik dana versi lama aja lah min makin tinggi malah susah,Negatif
dah lama pakai aplikasi tapi tidak fitur dana paylater ato dana cicil temen sya baru bulan pakai aplikasi malah ada fitur tsb,Positif
gimana sih cek in dana padahal tiap hari cek in pas hari nya malah jadi hari pertama lg tidak jelas aplikasi nya,Netral
bagus,Positif
bantu,Positif
nomer daftarin dana hilang jadi saya tidak nerima otp gimana masuk otp,Negatif
